{"type":"FeatureCollection","note":"Extract of OpenStreetMap data for Bardwell Valley Golf Course. © OpenStreetMap contributors, ODbL 1.0.","features":[{"type":"Feature","properties":{"@id":"way/1267847432","natural":"wood"},"geometry":{"type":"Polygon","coordinates":[[[151.1264801,-33.9384351],[151.1267418,-33.9385892],[151.1268788,-33.9386988],[151.1270412,-33.938682],[151.127053,-33.93844],[151.1269515,-33.9382618],[151.1266651,-33.9381677],[151.1265457,-33.9382123],[151.1264801,-33.9384351]]]}},{"type":"Feature","properties":{"@id":"way/1267847433","natural":"wood"},"geometry":{"type":"Polygon","coordinates":[[[151.12583,-33.9388992],[151.1256821,-33.9389844],[151.1256698,-33.9391272],[151.1257436,-33.9392224],[151.1256473,-33.9393176],[151.1253891,-33.9393363],[151.1252682,-33.9394706],[151.125092,-33.939559],[151.1249322,-33.9397732],[151.1249711,-33.9399279],[151.1251186,-33.9399653],[151.1252231,-33.9398072],[151.1253071,-33.9396627],[151.1256248,-33.9394621],[151.125928,-33.9392989],[151.1259956,-33.9391918],[151.1259137,-33.9390864],[151.1259179,-33.9390093],[151.12583,-33.9388992]]]}},{"type":"Feature","properties":{"@id":"way/1305178863","golf":"water_hazard","natural":"water"},"geometry":{"type":"Polygon","coordinates":[[[151.1242318,-33.9365948],[151.1242499,-33.9365952],[151.1242674,-33.9365904],[151.1242802,-33.936587],[151.1242983,-33.9365802],[151.12431,-33.9365749],[151.124324,-33.9365662],[151.1243369,-33.9365565],[151.124345,-33.9365458],[151.1243544,-33.9365289],[151.1243608,-33.9365105],[151.1243701,-33.9364887],[151.124383,-33.9364601],[151.12439,-33.9364393],[151.1243952,-33.9364248],[151.1244011,-33.9364035],[151.124404,-33.9363865],[151.1244017,-33.9363671],[151.1243958,-33.9363512],[151.1243853,-33.9363415],[151.1243701,-33.9363313],[151.1243579,-33.9363226],[151.1243386,-33.9363114],[151.1243135,-33.9363018],[151.1242867,-33.9362989],[151.1242656,-33.9362993],[151.1242481,-33.9363008],[151.1242289,-33.9363076],[151.1241974,-33.9363134],[151.1241688,-33.9363217],[151.1241483,-33.9363371],[151.1241267,-33.9363619],[151.1241156,-33.9363797],[151.1241057,-33.9363962],[151.124094,-33.9364166],[151.1240893,-33.9364413],[151.1240853,-33.9364611],[151.124087,-33.9364897],[151.1240935,-33.9365096],[151.1240986,-33.9365216],[151.1241151,-33.936544],[151.1241314,-33.9365575],[151.1241477,-33.9365739],[151.1241693,-33.9365836],[151.1241898,-33.9365919],[151.1242149,-33.9365952],[151.1242318,-33.9365948]]]}},{"type":"Feature","properties":{"@id":"way/1305178864","golf":"bunker"},"geometry":{"type":"Polygon","coordinates":[[[151.1233272,-33.9392145],[151.1233262,-33.939217],[151.1233222,-33.9392175],[151.1233175,-33.9392164],[151.1233118,-33.9392153],[151.1233085,-33.9392156],[151.1233041,-33.9392181],[151.1233014,-33.9392206],[151.1232967,-33.939222],[151.1232924,-33.9392248],[151.123288,-33.9392275],[151.1232847,-33.9392317],[151.123282,-33.9392353],[151.123282,-33.939239],[151.123283,-33.9392428],[151.123287,-33.9392459],[151.1232914,-33.9392509],[151.1232937,-33.9392551],[151.1232964,-33.9392593],[151.1232994,-33.939262],[151.1233088,-33.9392657],[151.1233189,-33.939269],[151.1233272,-33.9392698],[151.1233366,-33.939269],[151.123347,-33.939267],[151.1233561,-33.9392659],[151.1233614,-33.9392643],[151.1233708,-33.9392604],[151.1233779,-33.9392584],[151.1233836,-33.9392562],[151.1233893,-33.9392548],[151.1233943,-33.9392526],[151.1234,-33.9392484],[151.1234064,-33.9392442],[151.1234117,-33.9392409],[151.1234164,-33.9392367],[151.1234198,-33.9392326],[151.1234221,-33.9392267],[151.1234235,-33.9392231],[151.1234245,-33.9392175],[151.1234228,-33.9392128],[151.1234215,-33.9392078],[151.1234188,-33.9392033],[151.1234171,-33.9391995],[151.1234144,-33.9391956],[151.1234114,-33.9391919],[151.123408,-33.9391897],[151.1234037,-33.9391864],[151.123399,-33.9391844],[151.1233933,-33.9391828],[151.1233879,-33.9391828],[151.1233812,-33.9391825],[151.1233755,-33.9391828],[151.1233691,-33.9391833],[151.1233651,-33.9391836],[151.1233598,-33.939185],[151.1233554,-33.9391867],[151.1233517,-33.9391897],[151.1233494,-33.9391917],[151.1233467,-33.9391947],[151.1233437,-33.939197],[151.12334,-33.9391986],[151.1233386,-33.9392008],[151.123336,-33.9392042],[151.1233329,-33.9392081],[151.1233299,-33.9392114],[151.1233272,-33.9392145]]]}},{"type":"Feature","properties":{"@id":"way/1305178865","golf":"green"},"geometry":{"type":"Polygon","coordinates":[[[151.1231331,-33.9392348],[151.1231398,-33.9392367],[151.1231489,-33.9392381],[151.1231616,-33.9392387],[151.123172,-33.9392376],[151.1231837,-33.9392364],[151.1231941,-33.9392334],[151.1232042,-33.9392298],[151.1232139,-33.9392245],[151.1232236,-33.9392192],[151.1232367,-33.9392134],[151.1232474,-33.939207],[151.1232582,-33.9392],[151.1232706,-33.9391917],[151.123279,-33.9391847],[151.123291,-33.9391736],[151.1233031,-33.9391636],[151.1233158,-33.9391536],[151.1233242,-33.9391455],[151.1233316,-33.9391366],[151.1233353,-33.9391288],[151.1233373,-33.9391218],[151.123338,-33.9391146],[151.1233371,-33.9391075],[151.1233345,-33.9391011],[151.123331,-33.9390953],[151.1233248,-33.9390892],[151.1233198,-33.9390854],[151.1233125,-33.9390809],[151.1233033,-33.9390761],[151.1232926,-33.9390717],[151.1232816,-33.9390706],[151.1232689,-33.9390694],[151.1232577,-33.9390715],[151.1232455,-33.9390744],[151.1232311,-33.9390817],[151.1232173,-33.9390875],[151.1231992,-33.9390981],[151.1231821,-33.9391075],[151.1231617,-33.9391184],[151.1231483,-33.9391259],[151.1231318,-33.9391345],[151.1231188,-33.9391437],[151.123108,-33.9391515],[151.123099,-33.9391598],[151.1230919,-33.939171],[151.1230893,-33.9391815],[151.1230903,-33.9391918],[151.1230929,-33.9392018],[151.123096,-33.9392104],[151.123102,-33.939218],[151.1231114,-33.9392235],[151.1231218,-33.9392296],[151.1231331,-33.9392348]]]}},{"type":"Feature","properties":{"@id":"way/1305178866","golf":"bunker"},"geometry":{"type":"Polygon","coordinates":[[[151.123345,-33.9390577],[151.123346,-33.9390596],[151.123347,-33.9390627],[151.1233483,-33.9390652],[151.1233505,-33.9390684],[151.1233569,-33.9390714],[151.1233632,-33.939072],[151.1233691,-33.9390726],[151.1233749,-33.939072],[151.1233813,-33.9390711],[151.1233884,-33.9390707],[151.1233927,-33.9390697],[151.1233983,-33.939068],[151.1234003,-33.9390671],[151.1234049,-33.9390665],[151.1234072,-33.9390657],[151.1234118,-33.9390621],[151.1234156,-33.9390598],[151.1234186,-33.9390568],[151.1234227,-33.939053],[151.123425,-33.9390499],[151.1234263,-33.939045],[151.1234278,-33.9390389],[151.1234291,-33.939034],[151.1234283,-33.9390279],[151.1234268,-33.9390237],[151.1234247,-33.9390206],[151.1234227,-33.9390174],[151.1234217,-33.9390123],[151.1234179,-33.9390085],[151.1234133,-33.9390069],[151.123408,-33.9390064],[151.1234044,-33.9390064],[151.1234003,-33.9390069],[151.123397,-33.9390073],[151.1233894,-33.9390083],[151.1233831,-33.9390106],[151.1233765,-33.9390147],[151.1233704,-33.9390184],[151.1233653,-33.9390216],[151.1233605,-33.9390256],[151.1233559,-33.9390294],[151.1233505,-33.9390338],[151.1233467,-33.9390399],[151.1233457,-33.9390452],[151.1233442,-33.9390509],[151.123345,-33.9390577]]]}},{"type":"Feature","properties":{"@id":"way/1305186317","golf":"tee"},"geometry":{"type":"Polygon","coordinates":[[[151.124395,-33.939469],[151.1243934,-33.9394724],[151.1243924,-33.9394802],[151.1243932,-33.9394861],[151.1243967,-33.9394905],[151.1244018,-33.9394928],[151.124413,-33.9394924],[151.1244308,-33.9394922],[151.1244478,-33.939492],[151.1244638,-33.939492],[151.1244862,-33.939492],[151.1245037,-33.9394926],[151.1245152,-33.9394911],[151.1245197,-33.9394865],[151.124524,-33.9394772],[151.1245268,-33.9394715],[151.1245284,-33.9394665],[151.1245238,-33.9394627],[151.1245131,-33.9394591],[151.1245024,-33.9394557],[151.1244887,-33.9394523],[151.1244778,-33.9394494],[151.1244643,-33.939445],[151.1244504,-33.9394399],[151.1244402,-33.9394369],[151.124425,-33.9394336],[151.1244176,-33.9394332],[151.1244105,-33.9394353],[151.1244054,-33.9394393],[151.1244018,-33.9394466],[151.1243995,-33.9394536],[151.124397,-33.9394627],[151.124395,-33.939469]]]}},{"type":"Feature","properties":{"@id":"way/1305186318","golf":"tee"},"geometry":{"type":"Polygon","coordinates":[[[151.1244759,-33.9393201],[151.124472,-33.9393337],[151.1244689,-33.9393477],[151.1244711,-33.9393579],[151.1244764,-33.9393671],[151.1244861,-33.9393734],[151.1245034,-33.9393814],[151.1245188,-33.939388],[151.1245334,-33.9393917],[151.1245485,-33.9393917],[151.124564,-33.9393866],[151.1245781,-33.9393796],[151.1245887,-33.9393686],[151.1245958,-33.9393594],[151.1246002,-33.9393477],[151.1246056,-33.939333],[151.1246131,-33.9393132],[151.1246188,-33.9392989],[151.124625,-33.939282],[151.1246348,-33.9392592],[151.1246423,-33.9392427],[151.1246489,-33.9392273],[151.1246516,-33.9392122],[151.1246476,-33.9392012],[151.1246396,-33.9391943],[151.1246317,-33.9391898],[151.1246224,-33.9391884],[151.1246122,-33.9391862],[151.1245998,-33.9391843],[151.1245892,-33.9391851],[151.1245777,-33.9391873],[151.1245653,-33.9391928],[151.1245547,-33.939199],[151.1245445,-33.9392056],[151.1245361,-33.9392141],[151.1245277,-33.9392247],[151.1245211,-33.9392332],[151.124514,-33.9392449],[151.1245056,-33.9392603],[151.1244981,-33.9392754],[151.1244896,-33.9392911],[151.1244826,-33.9393047],[151.1244759,-33.9393201]]]}},{"type":"Feature","properties":{"@id":"way/1305186319","golf":"green"},"geometry":{"type":"Polygon","coordinates":[[[151.1248104,-33.9395045],[151.1248177,-33.9395003],[151.1248262,-33.9394923],[151.124832,-33.9394818],[151.1248339,-33.9394716],[151.1248328,-33.9394649],[151.1248293,-33.939462],[151.1248274,-33.9394524],[151.1248247,-33.9394425],[151.124822,-33.9394294],[151.1248177,-33.9394144],[151.1248154,-33.9394041],[151.1248154,-33.9393901],[151.1248174,-33.9393773],[151.1248181,-33.9393668],[151.1248193,-33.9393517],[151.1248212,-33.9393406],[151.1248181,-33.9393303],[151.1248127,-33.9393214],[151.1248074,-33.9393147],[151.1247954,-33.9393105],[151.124785,-33.9393096],[151.1247742,-33.939308],[151.1247615,-33.9393108],[151.1247488,-33.9393156],[151.124743,-33.9393192],[151.1247346,-33.9393249],[151.1247249,-33.9393345],[151.124718,-33.9393457],[151.1247161,-33.9393565],[151.1247168,-33.9393687],[151.1247207,-33.9393805],[151.1247249,-33.9393901],[151.1247315,-33.9393987],[151.1247384,-33.9394045],[151.1247442,-33.9394121],[151.1247473,-33.9394214],[151.1247453,-33.9394313],[151.1247419,-33.9394412],[151.1247388,-33.9394524],[151.1247373,-33.9394658],[151.1247376,-33.9394754],[151.1247434,-33.9394859],[151.1247492,-33.9394946],[151.1247581,-33.9395006],[151.1247685,-33.9395045],[151.1247812,-33.9395073],[151.1247996,-33.9395064],[151.1248104,-33.9395045]]]}},{"type":"Feature","properties":{"@id":"way/1305186320","golf":"fairway"},"geometry":{"type":"Polygon","coordinates":[[[151.1248326,-33.9395115],[151.124841,-33.9395063],[151.1248481,-33.9395008],[151.124853,-33.9394938],[151.1248556,-33.939485],[151.1248565,-33.9394766],[151.1248552,-33.9394696],[151.124849,-33.939459],[151.1248441,-33.9394505],[151.1248423,-33.939441],[151.1248423,-33.9394282],[151.1248432,-33.9394201],[151.1248423,-33.9394153],[151.1248353,-33.9394058],[151.1248304,-33.9393981],[151.1248282,-33.9393889],[151.124826,-33.9393801],[151.1248277,-33.9393669],[151.1248304,-33.9393525],[151.1248317,-33.939339],[151.12483,-33.9393261],[151.1248202,-33.9393125],[151.1248083,-33.9393012],[151.1247941,-33.9392953],[151.1247769,-33.9392916],[151.1247587,-33.939292],[151.1247446,-33.9392957],[151.1247348,-33.9393004],[151.1247202,-33.9393144],[151.1247145,-33.9393283],[151.124707,-33.9393412],[151.124703,-33.9393496],[151.1247003,-33.9393672],[151.124699,-33.9393812],[151.1247021,-33.9393903],[151.1247092,-33.9393999],[151.1247242,-33.9394131],[151.1247331,-33.9394223],[151.1247309,-33.9394333],[151.1247247,-33.9394472],[151.1247163,-33.9394733],[151.1247158,-33.9394784],[151.1247189,-33.9394902],[151.1247233,-33.9394975],[151.1247295,-33.9395056],[151.124741,-33.9395148],[151.1247517,-33.9395203],[151.1247645,-33.9395258],[151.1247773,-33.939528],[151.1247963,-33.939528],[151.1248109,-33.9395261],[151.1248229,-33.9395206],[151.1248295,-33.9395155],[151.1248326,-33.9395115]]]}},{"type":"Feature","properties":{"@id":"way/1305186321","golf":"cartpath"},"geometry":{"type":"LineString","coordinates":[[151.1238572,-33.9389497],[151.1238169,-33.9389191],[151.1237794,-33.9389219],[151.1237391,-33.938928],[151.1236808,-33.9389436],[151.1236446,-33.9389503],[151.1235889,-33.9389575],[151.1235232,-33.9389603],[151.1234696,-33.9389575],[151.1234354,-33.9389536],[151.1234059,-33.9389486],[151.123373,-33.9389347],[151.1233449,-33.9389153],[151.123312,-33.9388924],[151.1232704,-33.9388769],[151.1232175,-33.9388691],[151.1231551,-33.9388624],[151.1230961,-33.9388596],[151.1230418,-33.938849],[151.1229975,-33.9388434],[151.1229479,-33.9388457],[151.1228869,-33.9388552],[151.1228178,-33.9388713],[151.1227534,-33.9388852],[151.1227165,-33.9388941]]}},{"type":"Feature","properties":{"@id":"way/1305186322","golf":"tee"},"geometry":{"type":"Polygon","coordinates":[[[151.1243076,-33.9394728],[151.1243219,-33.9394736],[151.1243315,-33.9394715],[151.1243442,-33.9394614],[151.1243498,-33.9394466],[151.1243569,-33.9394294],[151.1243625,-33.9394104],[151.1243625,-33.9393961],[151.1243544,-33.9393834],[151.1243412,-33.939372],[151.1243224,-33.9393615],[151.1243066,-33.9393497],[151.1242964,-33.9393459],[151.1242156,-33.939445],[151.1242431,-33.9394559],[151.1242802,-33.9394665],[151.1243076,-33.9394728]]]}},{"type":"Feature","properties":{"@id":"way/1305186323","golf":"tee"},"geometry":{"type":"Polygon","coordinates":[[[151.1242868,-33.9393337],[151.1242771,-33.9393244],[151.1242644,-33.9393185],[151.1242563,-33.9393138],[151.1242482,-33.9393113],[151.1242324,-33.9393172],[151.1242151,-33.9393345],[151.1241907,-33.9393615],[151.1241638,-33.9393914],[151.1241623,-33.9394045],[151.1241648,-33.9394154],[151.1241724,-33.9394209],[151.1241775,-33.9394247],[151.1241892,-33.9394289],[151.1241999,-33.9394315],[151.124204,-33.9394332],[151.1242868,-33.9393337]]]}},{"type":"Feature","properties":{"@id":"way/1305186324","golf":"tee"},"geometry":{"type":"Polygon","coordinates":[[[151.124489,-33.9391209],[151.12449,-33.9391154],[151.1244895,-33.939107],[151.1244854,-33.9390964],[151.1244788,-33.9390872],[151.1244656,-33.9390825],[151.1244509,-33.9390825],[151.1244382,-33.9390884],[151.1244265,-33.9390943],[151.1244123,-33.9391066],[151.1243945,-33.9391243],[151.1243686,-33.9391496],[151.1243437,-33.9391736],[151.1243106,-33.9391985],[151.1242761,-33.9392305],[151.1242537,-33.9392567],[151.1242689,-33.9392685],[151.1242908,-33.9392849],[151.1243274,-33.939306],[151.124332,-33.9393018],[151.1243574,-33.9392773],[151.1243813,-33.9392444],[151.1244102,-33.939209],[151.1244361,-33.9391799],[151.1244615,-33.9391517],[151.124489,-33.9391209]]]}},{"type":"Feature","properties":{"@id":"way/1305186325","golf":"tee"},"geometry":{"type":"Polygon","coordinates":[[[151.1223766,-33.9392585],[151.1223649,-33.939274],[151.1223597,-33.9392832],[151.1223597,-33.9392934],[151.1223679,-33.939304],[151.1223813,-33.9393122],[151.1223924,-33.9393171],[151.1224041,-33.9393181],[151.1224151,-33.9393166],[151.1224344,-33.9393089],[151.1224455,-33.9392987],[151.1224677,-33.9392759],[151.1224875,-33.9392551],[151.1225074,-33.9392348],[151.1225389,-33.9392018],[151.1225798,-33.9391578],[151.1226113,-33.9391195],[151.1226446,-33.9390837],[151.1226767,-33.9390498],[151.1226965,-33.9390255],[151.1226994,-33.9390134],[151.1226965,-33.9390028],[151.1226907,-33.9389955],[151.1226691,-33.9389897],[151.1226516,-33.9389834],[151.1226335,-33.9389805],[151.1226175,-33.9389977],[151.1225951,-33.939008],[151.1225727,-33.9390144],[151.1225535,-33.9390184],[151.1225396,-33.9390282],[151.1225214,-33.939057],[151.1225115,-33.9390783],[151.1224893,-33.9391132],[151.1224671,-33.9391423],[151.1224303,-33.9391892],[151.1224052,-33.9392217],[151.1223766,-33.9392585]]]}},{"type":"Feature","properties":{"@id":"way/1305186326","golf":"fairway"},"geometry":{"type":"Polygon","coordinates":[[[151.1234144,-33.9391764],[151.1234621,-33.9391522],[151.123494,-33.9391162],[151.1235152,-33.939078],[151.1235267,-33.939034],[151.123532,-33.9390024],[151.1235285,-33.9389833],[151.1235143,-33.9389723],[151.1234887,-33.9389686],[151.1234427,-33.9389635],[151.1234099,-33.9389591],[151.1233816,-33.9389525],[151.1233471,-33.9389481],[151.1233321,-33.9389378],[151.1233268,-33.9389525],[151.1233268,-33.9389716],[151.1233162,-33.9389833],[151.123302,-33.9389921],[151.1232878,-33.9390097],[151.1232746,-33.9390215],[151.1232569,-33.9390428],[151.1232454,-33.9390604],[151.1232206,-33.9390751],[151.1231879,-33.9390854],[151.1231498,-33.9391052],[151.1231073,-33.9391257],[151.1230551,-33.9391345],[151.1230389,-33.9391449],[151.1230144,-33.9391544],[151.1229972,-33.9391686],[151.1229799,-33.9391854],[151.1229705,-33.9392044],[151.122973,-33.9392235],[151.1229746,-33.9392437],[151.1229817,-33.9392645],[151.1229994,-33.9392821],[151.1230217,-33.9392986],[151.1230439,-33.9393121],[151.1230666,-33.9393218],[151.1230964,-33.9393218],[151.123132,-33.9393112],[151.1231664,-33.9392966],[151.1231945,-33.9392826],[151.1232277,-33.9392652],[151.1232698,-33.9392453],[151.1232779,-33.9392342],[151.1232914,-33.9392216],[151.123306,-33.9392109],[151.1233217,-33.9392109],[151.1233334,-33.9391993],[151.1233433,-33.9391896],[151.123362,-33.9391804],[151.1233941,-33.939179],[151.1234081,-33.939177],[151.1234144,-33.9391764]]]}},{"type":"Feature","properties":{"@id":"way/1305186327","golf":"fairway"},"geometry":{"type":"Polygon","coordinates":[[[151.1230203,-33.938212],[151.1230065,-33.9382388],[151.1229826,-33.938281],[151.1229672,-33.9383232],[151.1229487,-33.9383635],[151.1229479,-33.938398],[151.1229564,-33.9384222],[151.1229834,-33.938451],[151.1230126,-33.9384708],[151.1230535,-33.9384868],[151.1231004,-33.9384938],[151.1231482,-33.9384849],[151.1231898,-33.938474],[151.1232214,-33.9384555],[151.1232537,-33.9384242],[151.1232791,-33.9383877],[151.1232969,-33.9383622],[151.1233038,-33.9383366],[151.1233076,-33.9383002],[151.1233076,-33.9382638],[151.1233184,-33.9382408],[151.1233369,-33.9382171],[151.1233669,-33.9381903],[151.1233978,-33.9381673],[151.1234394,-33.9381436],[151.123494,-33.9381283],[151.1235595,-33.9381181],[151.1236573,-33.938104],[151.1237236,-33.9380829],[151.1237767,-33.9380497],[151.1238322,-33.9380094],[151.1238884,-33.9379538],[151.12392,-33.9379123],[151.1239539,-33.937865],[151.1239747,-33.9378273],[151.1239963,-33.9377781],[151.124004,-33.9377423],[151.1240363,-33.9376873],[151.1240933,-33.9376605],[151.1241734,-33.9375992],[151.1242058,-33.9375615],[151.1242397,-33.9375391],[151.1242574,-33.9375135],[151.1242635,-33.9374707],[151.124289,-33.9374087],[151.1243074,-33.9373749],[151.1243282,-33.9373224],[151.124349,-33.9372598],[151.1243667,-33.9372081],[151.1243868,-33.937155],[151.1244037,-33.9371001],[151.1244284,-33.9370438],[151.1244669,-33.9369838],[151.1244738,-33.9369409],[151.1244553,-33.9369141],[151.1244176,-33.9368828],[151.1243313,-33.9368809],[151.1243583,-33.9367537],[151.1243446,-33.9367561],[151.1243388,-33.9367764],[151.1243305,-33.9367764],[151.1243201,-33.9367982],[151.1242805,-33.9368268],[151.1242715,-33.9368664],[151.1242527,-33.9368901],[151.1242541,-33.9369483],[151.1242461,-33.9370129],[151.1242193,-33.9370944],[151.1242007,-33.9371612],[151.1241839,-33.9372045],[151.1241432,-33.9372529],[151.1240919,-33.9373007],[151.1240255,-33.9373557],[151.1239787,-33.9374012],[151.1239707,-33.9374328],[151.1240061,-33.9374644],[151.1240273,-33.9375069],[151.124022,-33.9375495],[151.1239963,-33.9375825],[151.1239441,-33.9375921],[151.1238964,-33.937584],[151.1238495,-33.9375789],[151.1238238,-33.9375891],[151.1237203,-33.9377037],[151.1235823,-33.9378057],[151.1234504,-33.9379033],[151.1233434,-33.9379819],[151.1232301,-33.9380597],[151.123154,-33.9381052],[151.123108,-33.9381155],[151.12307,-33.9381338],[151.1230478,-33.9381522],[151.1230301,-33.9381889],[151.1230203,-33.938212]]]}},{"type":"Feature","properties":{"@id":"way/1305186328","golf":"tee"},"geometry":{"type":"Polygon","coordinates":[[[151.1240538,-33.9369776],[151.1240464,-33.9369728],[151.1240337,-33.9369677],[151.1239987,-33.9369549],[151.1239733,-33.9369456],[151.123963,-33.9369428],[151.1239433,-33.9369632],[151.1239305,-33.9369789],[151.1239201,-33.9369923],[151.1239089,-33.9370065],[151.1238961,-33.9370237],[151.1238791,-33.937043],[151.1239128,-33.9370635],[151.1239302,-33.9370737],[151.1239453,-33.9370815],[151.1239631,-33.9370866],[151.1239795,-33.9370941],[151.1239891,-33.9370802],[151.1239991,-33.9370632],[151.1240129,-33.9370367],[151.124028,-33.9370124],[151.1240399,-33.9369958],[151.1240538,-33.9369776]]]}},{"type":"Feature","properties":{"@id":"way/1305186329","golf":"tee"},"geometry":{"type":"Polygon","coordinates":[[[151.1240561,-33.9369594],[151.1240599,-33.9369517],[151.1240672,-33.9369412],[151.1240699,-33.9369335],[151.1240707,-33.9369242],[151.1240653,-33.9369146],[151.1240565,-33.9369079],[151.1240418,-33.9369028],[151.1240264,-33.9368987],[151.1240152,-33.9368945],[151.1240049,-33.9368945],[151.1239987,-33.9369006],[151.1239837,-33.9369246],[151.1239771,-33.9369383],[151.1239848,-33.9369428],[151.1240079,-33.9369523],[151.1240353,-33.9369629],[151.1240515,-33.936967],[151.1240561,-33.9369594]]]}},{"type":"Feature","properties":{"@id":"way/1305186330","golf":"tee"},"geometry":{"type":"Polygon","coordinates":[[[151.1241058,-33.9367402],[151.1241135,-33.9367296],[151.1241196,-33.9367172],[151.1241246,-33.9367002],[151.1241316,-33.9366779],[151.1241346,-33.9366577],[151.1241366,-33.9366411],[151.1241377,-33.9366277],[151.1241331,-33.9366194],[151.1241242,-33.9366152],[151.12411,-33.9366117],[151.1240934,-33.9366121],[151.1240811,-33.9366143],[151.1240696,-33.9366184],[151.1240615,-33.9366268],[151.1240538,-33.9366373],[151.1240557,-33.9366581],[151.1240568,-33.9366855],[151.1240576,-33.9367012],[151.124058,-33.9367137],[151.1240603,-33.9367258],[151.1240634,-33.9367335],[151.1240676,-33.9367395],[151.1240769,-33.9367411],[151.1240954,-33.9367408],[151.1241027,-33.9367405],[151.1241058,-33.9367402]]]}},{"type":"Feature","properties":{"@id":"way/1305186331","golf":"green"},"geometry":{"type":"Polygon","coordinates":[[[151.1246306,-33.936116],[151.1246399,-33.9361072],[151.1246474,-33.9360947],[151.1246492,-33.9360848],[151.124651,-33.9360697],[151.1246558,-33.9360576],[151.1246607,-33.9360485],[151.1246691,-33.9360396],[151.1246775,-33.9360327],[151.1246895,-33.9360275],[151.1246996,-33.9360275],[151.1247133,-33.9360272],[151.1247266,-33.9360312],[151.1247421,-33.9360345],[151.124758,-33.9360352],[151.1247748,-33.9360327],[151.124789,-33.9360272],[151.1248032,-33.9360195],[151.1248147,-33.936007],[151.1248204,-33.9359923],[151.1248244,-33.9359798],[151.1248244,-33.9359637],[151.1248226,-33.9359483],[151.1248208,-33.9359369],[151.1248173,-33.9359244],[151.1248054,-33.9359108],[151.124789,-33.9358969],[151.1247797,-33.9358914],[151.1247722,-33.935887],[151.1247594,-33.9358844],[151.1247461,-33.9358833],[151.1247337,-33.9358837],[151.1247182,-33.9358884],[151.1247067,-33.9358954],[151.1246903,-33.9359009],[151.1246766,-33.9359024],[151.1246647,-33.9359024],[151.1246558,-33.9358991],[151.1246439,-33.9358925],[151.1246373,-33.935887],[151.1246288,-33.9358837],[151.1246187,-33.9358837],[151.124605,-33.9358844],[151.1245943,-33.9358873],[151.1245833,-33.9358917],[151.1245735,-33.9358994],[151.1245674,-33.9359082],[151.1245616,-33.9359163],[151.1245581,-33.9359277],[151.1245532,-33.9359438],[151.1245497,-33.9359571],[151.1245466,-33.9359717],[151.1245435,-33.9359776],[151.1245364,-33.9359839],[151.1245293,-33.9359901],[151.1245213,-33.9360015],[151.1245156,-33.9360066],[151.1245081,-33.9360151],[151.1244979,-33.936029],[151.1244921,-33.9360389],[151.124486,-33.9360485],[151.1244855,-33.9360576],[151.1244868,-33.9360679],[151.1244904,-33.9360774],[151.1244983,-33.9360881],[151.1245054,-33.9360951],[151.124516,-33.9361046],[151.1245271,-33.9361112],[151.124539,-33.9361167],[151.1245638,-33.9361222],[151.1245833,-33.9361248],[151.1245979,-33.9361263],[151.1246125,-33.9361248],[151.1246262,-33.9361204],[151.1246306,-33.936116]]]}},{"type":"Feature","properties":{"@id":"way/1305206632","golf":"green"},"geometry":{"type":"Polygon","coordinates":[[[151.1244311,-33.9368752],[151.1244321,-33.9368691],[151.1244316,-33.9368552],[151.1244311,-33.9368459],[151.1244316,-33.9368307],[151.1244347,-33.9368183],[151.124442,-33.9368052],[151.1244469,-33.9367957],[151.1244509,-33.9367854],[151.124455,-33.9367702],[151.124455,-33.9367599],[151.1244514,-33.9367493],[151.1244466,-33.9367411],[151.1244352,-33.9367329],[151.1244253,-33.9367289],[151.1244141,-33.9367251],[151.1243996,-33.9367224],[151.1243864,-33.9367211],[151.124375,-33.9367213],[151.1243673,-33.9367221],[151.1243584,-33.9367234],[151.1243488,-33.9367257],[151.1243391,-33.9367304],[151.1243325,-33.9367333],[151.1243231,-33.9367388],[151.1243196,-33.9367466],[151.1243147,-33.9367569],[151.1243094,-33.9367757],[151.1243038,-33.9367917],[151.1243008,-33.9368018],[151.124298,-33.9368113],[151.1242944,-33.9368202],[151.1242916,-33.9368299],[151.1242916,-33.9368398],[151.1242934,-33.9368516],[151.1242952,-33.9368628],[151.1242972,-33.9368756],[151.124299,-33.9368857],[151.1243031,-33.9368935],[151.1243081,-33.9369015],[151.124314,-33.9369079],[151.1243206,-33.9369144],[151.124329,-33.9369216],[151.1243371,-33.9369264],[151.124347,-33.93693],[151.1243567,-33.9369327],[151.1243666,-33.936934],[151.1243788,-33.9369332],[151.1243889,-33.9369306],[151.1243983,-33.936926],[151.1244065,-33.9369216],[151.1244133,-33.9369148],[151.1244215,-33.9369079],[151.1244265,-33.9368988],[151.1244296,-33.9368891],[151.1244311,-33.9368803],[151.1244311,-33.9368752]]]}},{"type":"Feature","properties":{"@id":"way/1305206633","golf":"bunker"},"geometry":{"type":"Polygon","coordinates":[[[151.124465,-33.9368194],[151.1244624,-33.9368199],[151.1244586,-33.9368223],[151.1244526,-33.936826],[151.124448,-33.9368289],[151.1244451,-33.9368333],[151.1244434,-33.9368381],[151.1244422,-33.9368428],[151.1244422,-33.9368463],[151.1244429,-33.9368518],[151.1244449,-33.9368566],[151.1244478,-33.9368603],[151.1244511,-33.9368638],[151.1244566,-33.9368673],[151.1244597,-33.9368698],[151.1244659,-33.9368726],[151.1244706,-33.9368735],[151.1244772,-33.9368737],[151.1244843,-33.9368739],[151.1244902,-33.9368733],[151.1244942,-33.9368707],[151.1244993,-33.9368696],[151.1245062,-33.9368673],[151.1245121,-33.936864],[151.1245177,-33.9368603],[151.1245239,-33.9368566],[151.1245276,-33.9368526],[151.1245316,-33.9368484],[151.1245351,-33.9368449],[151.1245378,-33.9368392],[151.1245416,-33.9368339],[151.1245416,-33.9368282],[151.1245442,-33.9368217],[151.1245442,-33.9368157],[151.1245436,-33.9368087],[151.1245398,-33.9368032],[151.1245367,-33.9367994],[151.1245292,-33.9367948],[151.1245248,-33.9367922],[151.1245186,-33.9367902],[151.1245161,-33.9367876],[151.124511,-33.9367849],[151.1245062,-33.9367823],[151.1245024,-33.9367814],[151.1244989,-33.9367797],[151.1244951,-33.9367793],[151.1244865,-33.9367803],[151.1244802,-33.9367829],[151.1244732,-33.9367878],[151.1244712,-33.9367916],[151.1244692,-33.9367953],[151.1244666,-33.936801],[151.1244697,-33.9368054],[151.1244717,-33.9368089],[151.1244708,-33.9368148],[151.1244675,-33.9368184],[151.124465,-33.9368194]]]}},{"type":"Feature","properties":{"@id":"way/1305206634","golf":"bunker"},"geometry":{"type":"Polygon","coordinates":[[[151.1244075,-33.9360942],[151.1244055,-33.9360986],[151.1244035,-33.9361016],[151.1244037,-33.9361049],[151.1244028,-33.9361113],[151.1244028,-33.936117],[151.1244042,-33.9361207],[151.1244073,-33.936126],[151.1244101,-33.9361282],[151.1244126,-33.9361311],[151.1244181,-33.9361346],[151.1244234,-33.9361375],[151.1244283,-33.9361401],[151.1244351,-33.9361418],[151.1244418,-33.9361432],[151.1244455,-33.9361427],[151.1244493,-33.9361423],[151.1244524,-33.9361412],[151.1244562,-33.9361412],[151.1244584,-33.9361403],[151.1244643,-33.9361377],[151.124469,-33.9361348],[151.1244727,-33.9361319],[151.1244772,-33.9361282],[151.1244809,-33.9361245],[151.1244831,-33.9361201],[151.1244862,-33.9361155],[151.1244873,-33.9361115],[151.1244876,-33.9361091],[151.1244891,-33.9361062],[151.1244891,-33.9361025],[151.1244847,-33.936095],[151.1244805,-33.9360895],[151.1244776,-33.9360849],[151.1244756,-33.9360827],[151.1244723,-33.9360803],[151.1244679,-33.9360786],[151.1244601,-33.9360766],[151.1244555,-33.9360744],[151.1244466,-33.9360742],[151.1244427,-33.9360744],[151.1244382,-33.9360755],[151.1244354,-33.9360757],[151.124432,-33.9360764],[151.1244261,-33.9360775],[151.1244221,-33.9360799],[151.124417,-33.9360843],[151.124413,-33.9360885],[151.1244095,-33.9360922],[151.1244075,-33.9360942]]]}},{"type":"Feature","properties":{"@id":"way/1305206635","golf":"bunker"},"geometry":{"type":"Polygon","coordinates":[[[151.1245912,-33.9362009],[151.1245972,-33.9361993],[151.1245991,-33.9361979],[151.1245999,-33.9361956],[151.1246027,-33.9361923],[151.1246054,-33.9361902],[151.1246087,-33.9361869],[151.124611,-33.9361819],[151.1246137,-33.936175],[151.1246166,-33.9361706],[151.1246164,-33.9361669],[151.1246155,-33.9361635],[151.1246149,-33.9361602],[151.1246133,-33.9361557],[151.1246122,-33.9361535],[151.1246108,-33.9361511],[151.1246085,-33.9361488],[151.1246068,-33.9361458],[151.1246029,-33.9361418],[151.1246006,-33.9361396],[151.1245968,-33.9361377],[151.1245912,-33.9361377],[151.1245866,-33.9361361],[151.1245777,-33.9361353],[151.1245719,-33.9361345],[151.1245637,-33.9361351],[151.1245602,-33.9361356],[151.1245567,-33.9361359],[151.1245494,-33.9361397],[151.1245448,-33.9361418],[151.1245421,-33.9361444],[151.1245384,-33.9361476],[151.1245348,-33.9361514],[151.1245327,-33.9361533],[151.124529,-33.9361583],[151.1245273,-33.936161],[151.1245251,-33.9361635],[151.1245257,-33.9361672],[151.1245265,-33.9361704],[151.1245271,-33.9361741],[151.124528,-33.9361781],[151.1245286,-33.9361825],[151.1245301,-33.9361867],[151.1245338,-33.9361915],[151.1245371,-33.9361948],[151.1245407,-33.9361982],[151.1245434,-33.9362006],[151.1245463,-33.9362027],[151.1245494,-33.9362038],[151.1245519,-33.9362044],[151.1245552,-33.9362068],[151.1245594,-33.9362087],[151.1245646,-33.9362097],[151.124569,-33.9362103],[151.1245752,-33.9362092],[151.1245796,-33.9362075],[151.1245825,-33.9362062],[151.1245862,-33.9362052],[151.1245887,-33.936203],[151.1245912,-33.9362009]]]}},{"type":"Feature","properties":{"@id":"way/1305206636","golf":"bunker"},"geometry":{"type":"Polygon","coordinates":[[[151.12474,-33.9361022],[151.1247431,-33.9360988],[151.1247485,-33.9360937],[151.1247504,-33.93609],[151.1247537,-33.9360848],[151.1247539,-33.9360797],[151.1247526,-33.9360728],[151.1247516,-33.9360694],[151.1247497,-33.9360621],[151.1247472,-33.9360579],[151.1247429,-33.9360531],[151.1247402,-33.9360498],[151.1247341,-33.9360456],[151.1247287,-33.9360432],[151.1247221,-33.9360415],[151.1247115,-33.9360399],[151.1247042,-33.9360399],[151.1246961,-33.9360413],[151.1246877,-33.9360445],[151.1246834,-33.9360469],[151.1246788,-33.9360501],[151.1246755,-33.9360535],[151.1246719,-33.9360578],[151.1246692,-33.9360616],[151.1246661,-33.9360658],[151.1246642,-33.936071],[151.124663,-33.9360736],[151.1246628,-33.9360792],[151.1246634,-33.9360837],[151.1246644,-33.9360867],[151.1246651,-33.9360896],[151.1246655,-33.9360923],[151.1246684,-33.9360966],[151.1246715,-33.9361003],[151.1246744,-33.9361038],[151.1246796,-33.9361083],[151.1246836,-33.93611],[151.1246894,-33.9361119],[151.1246929,-33.9361126],[151.1247,-33.9361135],[151.1247048,-33.9361145],[151.1247077,-33.9361143],[151.1247135,-33.9361135],[151.1247156,-33.936113],[151.1247212,-33.9361123],[151.1247271,-33.9361099],[151.12473,-33.9361079],[151.1247348,-33.9361054],[151.124737,-33.9361036],[151.12474,-33.9361022]]]}},{"type":"Feature","properties":{"@id":"way/1305206637","golf":"fairway"},"geometry":{"type":"Polygon","coordinates":[[[151.1242811,-33.9362311],[151.1242881,-33.9362394],[151.1243009,-33.9362476],[151.1243219,-33.9362578],[151.1243546,-33.9362689],[151.1243885,-33.9362825],[151.1243978,-33.936298],[151.1244165,-33.9363241],[151.1244282,-33.9363416],[151.1244422,-33.9363416],[151.1244515,-33.936328],[151.1244731,-33.9363062],[151.1244941,-33.9362849],[151.1245146,-33.9362621],[151.1245361,-33.9362432],[151.1245513,-33.9362253],[151.1245548,-33.9362108],[151.1245688,-33.9361682],[151.1245817,-33.9361498],[151.1246033,-33.9360989],[151.1245595,-33.9360621],[151.1245268,-33.9360548],[151.1245029,-33.9360602],[151.1244789,-33.9360708],[151.1244445,-33.9360941],[151.1244182,-33.9361105],[151.1243896,-33.9361217],[151.1243552,-33.9361386],[151.1243219,-33.9361565],[151.1243009,-33.9361764],[151.1242886,-33.9361866],[151.1242764,-33.9362064],[151.1242764,-33.936219],[151.1242811,-33.9362311]]]}},{"type":"Feature","properties":{"@id":"way/1305214168","golf":"tee"},"geometry":{"type":"Polygon","coordinates":[[[151.1250786,-33.9361145],[151.1250862,-33.9361126],[151.1250938,-33.9361073],[151.1251142,-33.9359833],[151.1251154,-33.9359716],[151.1251131,-33.9359639],[151.1251002,-33.93596],[151.1250273,-33.9359518],[151.1250208,-33.9359528],[151.1250156,-33.9359552],[151.1249882,-33.9361029],[151.1249893,-33.9361073],[151.1249998,-33.9361116],[151.1250786,-33.9361145]]]}},{"type":"Feature","properties":{"@id":"way/1305214169","golf":"tee"},"geometry":{"type":"Polygon","coordinates":[[[151.1250382,-33.9358763],[151.1250336,-33.9358761],[151.1250292,-33.9358761],[151.1250248,-33.935877],[151.1250207,-33.9358867],[151.1250207,-33.9358954],[151.1250204,-33.9359061],[151.1250207,-33.9359146],[151.1250216,-33.9359218],[151.1250245,-33.9359272],[151.1250321,-33.9359313],[151.1250452,-33.9359323],[151.1250639,-33.9359347],[151.1250864,-33.9359359],[151.1251135,-33.9359378],[151.1251188,-33.9359342],[151.1251214,-33.9359293],[151.1251229,-33.9359223],[151.1251238,-33.9358911],[151.125122,-33.9358865],[151.1251159,-33.9358814],[151.1251013,-33.9358792],[151.1250636,-33.935877],[151.1250382,-33.9358763]]]}},{"type":"Feature","properties":{"@id":"way/1305214170","golf":"tee"},"geometry":{"type":"Polygon","coordinates":[[[151.1250099,-33.9356888],[151.1250169,-33.9357537],[151.1250204,-33.9357571],[151.1250385,-33.9357605],[151.1250788,-33.935763],[151.1250712,-33.9356879],[151.1250537,-33.9356879],[151.1250099,-33.9356888]]]}},{"type":"Feature","properties":{"@id":"way/1305217820","golf":"green"},"geometry":{"type":"Polygon","coordinates":[[[151.1236236,-33.938819],[151.123631,-33.9388112],[151.12364,-33.9388012],[151.1236511,-33.9387895],[151.1236608,-33.9387784],[151.1236689,-33.9387681],[151.1236766,-33.9387581],[151.1236829,-33.9387478],[151.1236866,-33.9387403],[151.1236886,-33.9387333],[151.1236886,-33.938725],[151.1236866,-33.9387175],[151.1236826,-33.9387094],[151.1236776,-33.9387038],[151.1236702,-33.9386977],[151.1236622,-33.9386916],[151.1236528,-33.9386858],[151.1236434,-33.9386821],[151.1236333,-33.9386807],[151.1236213,-33.9386788],[151.1236132,-33.938678],[151.1235974,-33.9386782],[151.1235847,-33.9386796],[151.1235726,-33.9386838],[151.1235622,-33.9386905],[151.1235492,-33.9387019],[151.1235358,-33.9387155],[151.1235274,-33.9387255],[151.123516,-33.9387372],[151.1235089,-33.9387469],[151.1234962,-33.9387647],[151.1234888,-33.9387748],[151.1234858,-33.9387825],[151.1234841,-33.9387884],[151.1234818,-33.9387965],[151.1234824,-33.9388062],[151.1234865,-33.9388159],[151.1234905,-33.9388268],[151.1234979,-33.9388373],[151.1235046,-33.9388432],[151.123512,-33.9388488],[151.1235207,-33.9388526],[151.1235321,-33.9388563],[151.1235482,-33.9388574],[151.1235609,-33.9388571],[151.1235723,-33.938856],[151.1235837,-33.9388538],[151.1235934,-33.9388488],[151.1236031,-33.9388415],[151.1236125,-33.9388312],[151.1236236,-33.938819]]]}},{"type":"Feature","properties":{"@id":"way/1305217821","golf":"fairway"},"geometry":{"type":"Polygon","coordinates":[[[151.1236013,-33.9386501],[151.1236234,-33.9386288],[151.1236528,-33.938605],[151.1236762,-33.9385878],[151.123703,-33.93858],[151.1237547,-33.9385789],[151.1237949,-33.9385761],[151.1238479,-33.9385717],[151.1239029,-33.938565],[151.1239552,-33.9385566],[151.1239954,-33.9385427],[151.124037,-33.9385288],[151.1240752,-33.9385082],[151.124152,-33.9384665],[151.1241721,-33.9384465],[151.1242157,-33.9384053],[151.1242546,-33.9383425],[151.1242868,-33.9382807],[151.1243143,-33.9382184],[151.1243521,-33.938132],[151.1243937,-33.9380682],[151.124437,-33.9379984],[151.1244538,-33.9379676],[151.1244591,-33.9379331],[151.1244733,-33.9378905],[151.1245069,-33.937845],[151.1245458,-33.9378142],[151.1245892,-33.9377775],[151.1246299,-33.9377364],[151.1246715,-33.937682],[151.1247016,-33.937638],[151.1247263,-33.9375976],[151.1247529,-33.9375492],[151.1247697,-33.937456],[151.1248007,-33.9373231],[151.1248352,-33.9371866],[151.1248449,-33.9371374],[151.1248467,-33.937083],[151.1248431,-33.9370463],[151.1248325,-33.9370052],[151.1248281,-33.9369825],[151.1248042,-33.9369612],[151.1247697,-33.9369531],[151.124744,-33.9369472],[151.124714,-33.9369487],[151.1246848,-33.9369538],[151.1246591,-33.9369627],[151.124637,-33.9369994],[151.1246175,-33.9370911],[151.1245954,-33.9372027],[151.124545,-33.9373216],[151.1245236,-33.9373881],[151.1245229,-33.9374347],[151.1245244,-33.9374782],[151.1245175,-33.9375242],[151.124489,-33.9376226],[151.1244482,-33.9377012],[151.1244039,-33.9377631],[151.1243368,-33.9378416],[151.124285,-33.9378955],[151.1242697,-33.9379065],[151.1242555,-33.9379326],[151.1242758,-33.9379588],[151.1243033,-33.9379706],[151.1243002,-33.9379984],[151.1242921,-33.9380245],[151.1242636,-33.9380574],[151.1242027,-33.9381131],[151.1241396,-33.9381443],[151.1240736,-33.9381704],[151.1240134,-33.9382023],[151.1239687,-33.9382337],[151.1239225,-33.9382758],[151.1238824,-33.938302],[151.1238262,-33.9383225],[151.1237761,-33.9383276],[151.1237492,-33.9383308],[151.1237114,-33.9383359],[151.1236768,-33.9383468],[151.1236452,-33.9383557],[151.123619,-33.938373],[151.123582,-33.9384024],[151.1235666,-33.938426],[151.1235281,-33.9384618],[151.1235096,-33.9384765],[151.1234958,-33.9384944],[151.1234965,-33.9385091],[151.1235058,-33.9385302],[151.123522,-33.9385493],[151.1235412,-33.9385628],[151.1235528,-33.9385934],[151.1235381,-33.9386241],[151.1235312,-33.9386542],[151.1235295,-33.9386813],[151.1235324,-33.9386959],[151.1235499,-33.938708],[151.123575,-33.9387128],[151.1235884,-33.9387026],[151.1235955,-33.9386741],[151.1236013,-33.9386501]]]}},{"type":"Feature","properties":{"@id":"way/1305218203","golf":"bunker"},"geometry":{"type":"Polygon","coordinates":[[[151.1252639,-33.9369276],[151.1252696,-33.9369243],[151.1252735,-33.9369201],[151.1252773,-33.9369155],[151.1252792,-33.9369097],[151.1252792,-33.9369034],[151.1252758,-33.9368956],[151.1252731,-33.9368891],[151.1252713,-33.9368841],[151.1252683,-33.936881],[151.1252653,-33.9368766],[151.1252604,-33.9368713],[151.125255,-33.9368664],[151.1252502,-33.9368631],[151.125246,-33.936861],[151.1252384,-33.9368588],[151.1252352,-33.9368584],[151.1252301,-33.9368596],[151.1252242,-33.9368621],[151.1252183,-33.9368654],[151.1252146,-33.9368714],[151.1252133,-33.9368758],[151.125213,-33.9368802],[151.1252135,-33.9368834],[151.125213,-33.9368874],[151.1252123,-33.9368922],[151.1252128,-33.9368972],[151.1252141,-33.9369012],[151.1252161,-33.9369062],[151.1252197,-33.9369104],[151.1252223,-33.9369126],[151.1252249,-33.9369158],[151.1252267,-33.9369186],[151.125229,-33.9369215],[151.1252322,-33.9369247],[151.1252384,-33.9369286],[151.1252455,-33.9369308],[151.125251,-33.9369328],[151.1252535,-33.9369329],[151.1252597,-33.9369307],[151.1252639,-33.9369276]]]}},{"type":"Feature","properties":{"@id":"way/1305218204","golf":"green"},"geometry":{"type":"Polygon","coordinates":[[[151.1253792,-33.9369165],[151.1253825,-33.9369122],[151.1253848,-33.9369036],[151.125384,-33.9368948],[151.1253817,-33.9368857],[151.1253794,-33.9368758],[151.1253759,-33.9368688],[151.125371,-33.9368606],[151.1253654,-33.9368486],[151.1253596,-33.9368383],[151.1253525,-33.9368271],[151.1253446,-33.936813],[151.1253398,-33.936803],[151.125335,-33.9367944],[151.1253306,-33.936787],[151.1253245,-33.936778],[151.1253195,-33.9367714],[151.1253134,-33.9367643],[151.125306,-33.9367592],[151.1252989,-33.9367541],[151.1252887,-33.9367525],[151.1252803,-33.936752],[151.1252694,-33.9367527],[151.1252623,-33.9367537],[151.1252524,-33.9367565],[151.1252463,-33.9367596],[151.1252409,-33.9367641],[151.1252338,-33.9367702],[151.1252285,-33.936774],[151.1252244,-33.9367834],[151.1252234,-33.9367877],[151.1252234,-33.9367942],[151.1252242,-33.9368016],[151.125227,-33.93681],[151.1252315,-33.9368184],[151.1252387,-33.936826],[151.1252453,-33.9368315],[151.1252529,-33.9368397],[151.1252628,-33.9368486],[151.1252704,-33.9368564],[151.125277,-33.9368648],[151.1252841,-33.9368747],[151.1252869,-33.9368802],[151.1252907,-33.9368886],[151.1252953,-33.9369013],[151.1252986,-33.9369095],[151.1253037,-33.9369165],[151.1253103,-33.9369234],[151.1253169,-33.9369295],[151.1253258,-33.9369342],[151.1253339,-33.9369352],[151.1253433,-33.9369346],[151.1253532,-33.9369327],[151.1253596,-33.936931],[151.1253682,-33.9369285],[151.1253748,-33.9369234],[151.1253774,-33.9369194],[151.1253792,-33.9369165]]]}},{"type":"Feature","properties":{"@id":"way/1305229299","golf":"tee"},"geometry":{"type":"Polygon","coordinates":[[[151.1240604,-33.9390543],[151.1240816,-33.9390385],[151.1241011,-33.9390198],[151.1241192,-33.9390025],[151.1241361,-33.9389882],[151.1241568,-33.9389676],[151.1241661,-33.9389552],[151.1241653,-33.9389412],[151.1241613,-33.9389298],[151.12414,-33.9389111],[151.1241166,-33.9388942],[151.124098,-33.9388828],[151.1240887,-33.9388825],[151.1240732,-33.9388891],[151.1240591,-33.9388972],[151.1239679,-33.9389735],[151.1239631,-33.9389841],[151.1239653,-33.9390018],[151.123975,-33.9390161],[151.1239909,-33.9390315],[151.1240091,-33.9390465],[151.1240246,-33.9390557],[151.1240409,-33.9390587],[151.1240604,-33.9390543]]]}},{"type":"Feature","properties":{"@id":"way/1305229300","golf":"fairway"},"geometry":{"type":"Polygon","coordinates":[[[151.1246064,-33.9383173],[151.1246277,-33.9383173],[151.1246725,-33.9383097],[151.1247213,-33.9382971],[151.124768,-33.9382777],[151.1247883,-33.93826],[151.1248574,-33.938179],[151.1248839,-33.9381478],[151.1248991,-33.9381192],[151.1249052,-33.9380989],[151.1249072,-33.9380854],[151.1249133,-33.9380568],[151.1249367,-33.9380424],[151.1249662,-33.9380273],[151.1250079,-33.9380121],[151.1250699,-33.9379615],[151.1251004,-33.9379261],[151.1251339,-33.937878],[151.1251837,-33.9378418],[151.1252172,-33.937803],[151.1252437,-33.9377777],[151.1252538,-33.937749],[151.1252559,-33.937717],[151.125263,-33.9376815],[151.1252721,-33.9376571],[151.1252813,-33.9376158],[151.1253057,-33.9375863],[151.1253321,-33.9375669],[151.1253565,-33.93755],[151.125387,-33.9375272],[151.1254185,-33.9374969],[151.1254307,-33.9374589],[151.1254215,-33.937426],[151.1254012,-33.9373915],[151.1253829,-33.9373468],[151.1253738,-33.9373105],[151.1253717,-33.9372667],[151.1253819,-33.9372329],[151.1254063,-33.9372043],[151.12545,-33.9371571],[151.125453,-33.9371377],[151.1254246,-33.9371073],[151.1254022,-33.9370786],[151.1254043,-33.9370415],[151.1254205,-33.9369968],[151.125448,-33.9369597],[151.1254967,-33.9368957],[151.1254876,-33.9368653],[151.125449,-33.9368594],[151.1254083,-33.9368687],[151.1253463,-33.9368923],[151.1253006,-33.936942],[151.1252935,-33.9369766],[151.1252833,-33.9369943],[151.1252935,-33.9370264],[151.1252955,-33.9370424],[151.1252721,-33.9370845],[151.1252406,-33.9371098],[151.125205,-33.9371469],[151.1251867,-33.9371763],[151.1251715,-33.9372026],[151.1251705,-33.937227],[151.1251776,-33.9372759],[151.1251847,-33.9373265],[151.1251878,-33.9373476],[151.1251827,-33.9373788],[151.1251705,-33.9374218],[151.1251451,-33.9374362],[151.1250953,-33.9374707],[151.1250668,-33.9374817],[151.1250302,-33.9375104],[151.1250119,-33.9375272],[151.1250028,-33.9375837],[151.1249906,-33.93762],[151.1249703,-33.9376655],[151.1249408,-33.9377094],[151.1249144,-33.93776],[151.1248829,-33.9378046],[151.1248554,-33.9378451],[151.1248209,-33.9378923],[151.1247975,-33.9379252],[151.1247731,-33.9379539],[151.1247589,-33.9379767],[151.1247335,-33.9380256],[151.1247223,-33.9380576],[151.124705,-33.9381099],[151.1246796,-33.9381512],[151.1246542,-33.9381833],[151.1246349,-33.9382018],[151.1246135,-33.9382178],[151.124583,-33.9382338],[151.1245637,-33.9382549],[151.1245475,-33.9382701],[151.1245383,-33.9382844],[151.1245505,-33.9383013],[151.1245749,-33.9383131],[151.1246064,-33.9383173]]]}},{"type":"Feature","properties":{"@id":"way/1305229880","golf":"tee"},"geometry":{"type":"Polygon","coordinates":[[[151.12576,-33.9376185],[151.1257627,-33.9375807],[151.1257623,-33.9375363],[151.1257605,-33.9374823],[151.1257627,-33.9374306],[151.1257565,-33.9374045],[151.1257481,-33.9373994],[151.1257291,-33.9373986],[151.1256994,-33.9374019],[151.1256786,-33.9374052],[151.1256711,-33.9374104],[151.1256663,-33.9374177],[151.1256791,-33.9376192],[151.1256853,-33.937631],[151.125695,-33.9376387],[151.1257092,-33.9376431],[151.1257309,-33.9376449],[151.1257508,-33.9376449],[151.1257587,-33.9376357],[151.1257596,-33.9376273],[151.12576,-33.9376185]]]}},{"type":"Feature","properties":{"@id":"way/1305229888","golf":"green"},"geometry":{"type":"Polygon","coordinates":[[[151.1256975,-33.9364364],[151.1256975,-33.9364217],[151.1256952,-33.9364105],[151.1256929,-33.936399],[151.1256856,-33.9363843],[151.1256748,-33.9363645],[151.1256567,-33.9363444],[151.1256455,-33.9363284],[151.1256286,-33.936313],[151.1256062,-33.9363015],[151.1255928,-33.9362939],[151.1255839,-33.9362897],[151.1255697,-33.9362862],[151.1255589,-33.9362827],[151.1255396,-33.9362798],[151.1255223,-33.9362747],[151.1255073,-33.9362675],[151.1254872,-33.9362549],[151.1254726,-33.9362443],[151.1254547,-33.9362338],[151.1254403,-33.9362256],[151.1254235,-33.9362196],[151.1254095,-33.9362171],[151.1253917,-33.9362164],[151.1253788,-33.9362196],[151.1253673,-33.9362225],[151.1253542,-33.9362282],[151.1253463,-33.9362335],[151.1253393,-33.9362407],[151.1253307,-33.9362481],[151.125323,-33.9362568],[151.1253168,-33.9362671],[151.1253131,-33.9362765],[151.1253113,-33.9362897],[151.1253141,-33.9363008],[151.125317,-33.9363106],[151.1253236,-33.9363242],[151.1253324,-33.9363357],[151.1253428,-33.9363479],[151.1253497,-33.9363543],[151.1253625,-33.9363632],[151.1253732,-33.9363715],[151.1253875,-33.9363808],[151.1254017,-33.9363888],[151.1254164,-33.9363958],[151.1254314,-33.9364035],[151.125448,-33.9364127],[151.1254614,-33.9364194],[151.1254761,-33.9364258],[151.1254926,-33.9364367],[151.1255053,-33.9364466],[151.1255177,-33.9364559],[151.1255281,-33.9364645],[151.1255392,-33.9364718],[151.1255481,-33.9364776],[151.1255596,-33.9364827],[151.1255708,-33.9364881],[151.1255835,-33.9364929],[151.1255947,-33.9364968],[151.1256089,-33.936499],[151.1256213,-33.936499],[151.1256332,-33.9364984],[151.1256436,-33.9364958],[151.1256536,-33.9364942],[151.1256625,-33.9364897],[151.1256713,-33.9364843],[151.125679,-33.9364792],[151.1256852,-33.9364731],[151.125689,-33.9364667],[151.1256917,-33.93646],[151.1256944,-33.9364536],[151.1256971,-33.9364441],[151.1256975,-33.9364364]]]}},{"type":"Feature","properties":{"@id":"way/1305229891","golf":"fairway"},"geometry":{"type":"Polygon","coordinates":[[[151.1256379,-33.9363595],[151.1255171,-33.9364103],[151.1254757,-33.9364462],[151.1254663,-33.936467],[151.1254541,-33.9364917],[151.1254488,-33.9365087],[151.1254453,-33.9365319],[151.1254482,-33.9365518],[151.1254599,-33.9365711],[151.1254745,-33.9365895],[151.1254967,-33.9366031],[151.1255305,-33.9366142],[151.1255807,-33.9366191],[151.1256181,-33.9366205],[151.1256741,-33.9366215],[151.1256928,-33.9366167],[151.1257103,-33.9365968],[151.1257331,-33.9365847],[151.1257891,-33.9365769],[151.1258142,-33.9365581],[151.1258282,-33.9365368],[151.1258434,-33.9364922],[151.1258498,-33.9364442],[151.1258539,-33.9364283],[151.1258428,-33.9363987],[151.1258119,-33.9363861],[151.1257489,-33.9363677],[151.1256782,-33.9363532],[151.1256379,-33.9363595]]]}},{"type":"Feature","properties":{"@id":"way/1305230437","golf":"tee"},"geometry":{"type":"Polygon","coordinates":[[[151.1256811,-33.9361353],[151.1256928,-33.9361372],[151.1257039,-33.9361328],[151.1257243,-33.9361169],[151.1257308,-33.9361067],[151.1257278,-33.9360984],[151.1256846,-33.9360679],[151.1256047,-33.9360147],[151.1255399,-33.935973],[151.1254611,-33.935928],[151.1254039,-33.9358931],[151.1253834,-33.9358975],[151.12537,-33.9359033],[151.1253455,-33.9359202],[151.1253385,-33.9359285],[151.1253443,-33.9359381],[151.1253665,-33.9359536],[151.1254097,-33.9359788],[151.1254692,-33.9360185],[151.1255299,-33.936051],[151.1255971,-33.9360878],[151.1256811,-33.9361353]]]}},{"type":"Feature","properties":{"@id":"way/1305230438","golf":"green"},"geometry":{"type":"Polygon","coordinates":[[[151.126596,-33.9366528],[151.1266158,-33.9366523],[151.1266389,-33.9366517],[151.1266624,-33.93665],[151.1266778,-33.9366481],[151.1266932,-33.9366442],[151.1267053,-33.9366392],[151.126715,-33.9366339],[151.1267241,-33.9366281],[151.1267301,-33.9366217],[151.1267368,-33.9366147],[151.1267432,-33.9366055],[151.1267459,-33.9365983],[151.1267489,-33.9365875],[151.1267506,-33.9365755],[151.1267489,-33.9365619],[151.1267469,-33.9365507],[151.1267408,-33.9365435],[151.1267345,-33.9365354],[151.1267254,-33.9365279],[151.1267157,-33.9365224],[151.1267066,-33.9365171],[151.1266922,-33.9365107],[151.1266778,-33.9365079],[151.1266607,-33.9365057],[151.1266466,-33.9365048],[151.1266305,-33.9365046],[151.1266098,-33.9365054],[151.1265933,-33.9365065],[151.1265766,-33.9365071],[151.1265591,-33.9365093],[151.1265424,-33.9365151],[151.1265293,-33.9365218],[151.1265149,-33.9365318],[151.1265072,-33.9365435],[151.1265028,-33.9365552],[151.1264981,-33.936571],[151.1264968,-33.9365836],[151.1264971,-33.9365966],[151.1264998,-33.9366089],[151.1265058,-33.9366206],[151.1265139,-33.9366309],[151.1265212,-33.9366378],[151.1265333,-33.9366462],[151.1265424,-33.93665],[151.1265534,-33.9366528],[151.1265722,-33.9366542],[151.126596,-33.9366528]]]}},{"type":"Feature","properties":{"@id":"way/1305230439","golf":"fairway"},"geometry":{"type":"Polygon","coordinates":[[[151.1267364,-33.9366974],[151.1267382,-33.93668],[151.1267475,-33.936664],[151.1267627,-33.9366456],[151.1267849,-33.9366185],[151.1268001,-33.9365817],[151.1268047,-33.9365463],[151.1268018,-33.936524],[151.1267884,-33.936496],[151.126765,-33.9364737],[151.12673,-33.9364582],[151.1266816,-33.9364403],[151.1266179,-33.9364296],[151.1265455,-33.9364238],[151.1264878,-33.9364199],[151.12642,-33.9364257],[151.1263891,-33.9364306],[151.1263535,-33.9364407],[151.1263185,-33.9364751],[151.1263045,-33.9365085],[151.1263243,-33.9365579],[151.1263512,-33.9365856],[151.1263774,-33.9366166],[151.1264195,-33.9366558],[151.1264813,-33.9366936],[151.1265426,-33.9367192],[151.1266448,-33.9367313],[151.1266927,-33.936727],[151.1267242,-33.9367163],[151.1267364,-33.9366974]]]}},{"type":"Feature","properties":{"@id":"way/1305230892","golf":"tee"},"geometry":{"type":"Polygon","coordinates":[[[151.1271297,-33.9365597],[151.1271536,-33.9365559],[151.1271665,-33.9365486],[151.1271846,-33.9365263],[151.1272009,-33.9364992],[151.127212,-33.9364856],[151.1272266,-33.936472],[151.1272313,-33.9364566],[151.1272278,-33.9364469],[151.1272091,-33.9364377],[151.1271752,-33.9364333],[151.1271466,-33.9364304],[151.1271233,-33.9364285],[151.1271046,-33.9364343],[151.1270877,-33.9364449],[151.1270748,-33.9364585],[151.1270626,-33.9364745],[151.1270567,-33.936489],[151.127055,-33.9365132],[151.127062,-33.9365345],[151.127069,-33.9365505],[151.1270883,-33.9365617],[151.1271116,-33.9365646],[151.1271297,-33.9365597]]]}},{"type":"Feature","properties":{"@id":"way/1305230893","golf":"tee"},"geometry":{"type":"Polygon","coordinates":[[[151.1272319,-33.9363626],[151.1272465,-33.9363825],[151.1272622,-33.9363936],[151.1272867,-33.9364014],[151.1273113,-33.9364038],[151.1273369,-33.9364018],[151.1273521,-33.9363946],[151.1273778,-33.9363752],[151.1273994,-33.9363558],[151.1274087,-33.9363316],[151.1274012,-33.9363181],[151.1273819,-33.9363147],[151.127362,-33.9363118],[151.1273282,-33.9363147],[151.1273072,-33.9363205],[151.1272663,-33.936335],[151.127247,-33.9363505],[151.1272319,-33.9363626]]]}},{"type":"Feature","properties":{"@id":"way/1305231568","golf":"bunker"},"geometry":{"type":"Polygon","coordinates":[[[151.1258891,-33.9375568],[151.1258914,-33.9375631],[151.1258972,-33.9375675],[151.125904,-33.9375709],[151.1259153,-33.9375735],[151.1259261,-33.9375762],[151.1259355,-33.9375771],[151.1259434,-33.9375745],[151.1259518,-33.9375716],[151.1259588,-33.9375684],[151.125965,-33.9375633],[151.1259688,-33.9375554],[151.1259749,-33.9375447],[151.125979,-33.9375343],[151.1259804,-33.9375258],[151.1259793,-33.9375176],[151.1259772,-33.9375098],[151.1259752,-33.9375035],[151.1259693,-33.9374997],[151.1259577,-33.9374958],[151.1259483,-33.9374955],[151.1259355,-33.9374948],[151.1259273,-33.9374951],[151.1259218,-33.9374955],[151.1259124,-33.9374984],[151.1259063,-33.937503],[151.1259025,-33.9375079],[151.1258981,-33.9375159],[151.1258932,-33.9375263],[151.1258905,-33.9375343],[151.1258882,-33.9375435],[151.1258888,-33.937551],[151.1258891,-33.9375568]]]}},{"type":"Feature","properties":{"@id":"way/1305231569","golf":"bunker"},"geometry":{"type":"Polygon","coordinates":[[[151.125934,-33.9376711],[151.125939,-33.9376667],[151.1259445,-33.9376602],[151.1259477,-33.9376556],[151.1259509,-33.9376462],[151.1259547,-33.9376365],[151.1259559,-33.9376295],[151.1259547,-33.937619],[151.1259489,-33.937612],[151.1259419,-33.9376067],[151.1259346,-33.9376016],[151.1259273,-33.9375987],[151.1259186,-33.937597],[151.1259089,-33.937596],[151.1259019,-33.937597],[151.1258905,-33.9375982],[151.1258812,-33.9376011],[151.125873,-33.937606],[151.1258681,-33.9376103],[151.1258611,-33.9376173],[151.1258546,-33.9376246],[151.1258523,-33.9376299],[151.1258488,-33.9376374],[151.1258465,-33.9376433],[151.1258465,-33.9376493],[151.1258459,-33.9376542],[151.1258476,-33.9376631],[151.1258505,-33.9376694],[151.1258535,-33.937673],[151.1258596,-33.9376781],[151.1258666,-33.937681],[151.1258751,-33.9376825],[151.1258835,-33.9376837],[151.1258961,-33.9376815],[151.1259098,-33.9376786],[151.1259209,-33.9376767],[151.125927,-33.9376743],[151.125934,-33.9376711]]]}},{"type":"Feature","properties":{"@id":"way/1305231570","golf":"bunker"},"geometry":{"type":"Polygon","coordinates":[[[151.1255534,-33.9380995],[151.1255604,-33.9380986],[151.1255666,-33.9380956],[151.1255739,-33.9380915],[151.1255797,-33.9380862],[151.1255826,-33.9380818],[151.1255861,-33.9380758],[151.1255879,-33.9380695],[151.1255893,-33.9380646],[151.125587,-33.9380569],[151.125585,-33.9380525],[151.1255823,-33.9380479],[151.1255768,-33.9380429],[151.1255723,-33.9380391],[151.125568,-33.9380374],[151.1255621,-33.9380349],[151.125556,-33.9380349],[151.1255512,-33.9380355],[151.1255458,-33.9380364],[151.1255387,-33.9380379],[151.1255359,-33.9380385],[151.1255303,-33.9380421],[151.125526,-33.938045],[151.1255217,-33.9380486],[151.1255166,-33.9380532],[151.1255136,-33.9380575],[151.1255115,-33.9380627],[151.1255108,-33.9380669],[151.1255095,-33.9380703],[151.1255105,-33.9380737],[151.1255115,-33.9380794],[151.1255141,-33.9380842],[151.1255174,-33.9380876],[151.1255217,-33.9380914],[151.1255268,-33.9380943],[151.1255321,-33.9380969],[151.1255375,-33.9380986],[151.1255446,-33.9381005],[151.1255534,-33.9380995]]]}},{"type":"Feature","properties":{"@id":"way/1305231571","golf":"bunker"},"geometry":{"type":"Polygon","coordinates":[[[151.1255277,-33.9381461],[151.1255257,-33.9381419],[151.1255253,-33.9381366],[151.1255246,-33.9381294],[151.1255226,-33.938123],[151.1255226,-33.9381186],[151.1255226,-33.9381142],[151.1255213,-33.9381087],[151.1255178,-33.9381048],[151.125514,-33.938101],[151.1255087,-33.9380973],[151.1255032,-33.9380953],[151.1254959,-33.9380936],[151.1254906,-33.9380938],[151.1254864,-33.9380936],[151.1254797,-33.9380944],[151.1254751,-33.9380962],[151.1254718,-33.9380977],[151.1254667,-33.9381013],[151.1254627,-33.9381041],[151.12546,-33.9381067],[151.1254583,-33.9381092],[151.1254554,-33.9381136],[151.1254541,-33.9381173],[151.1254536,-33.9381202],[151.1254534,-33.9381239],[151.1254534,-33.938127],[151.1254552,-33.9381327],[151.1254574,-33.938136],[151.1254594,-33.9381399],[151.1254618,-33.9381434],[151.1254645,-33.9381467],[151.1254642,-33.9381501],[151.125464,-33.938154],[151.1254609,-33.9381579],[151.1254583,-33.9381602],[151.1254541,-33.9381643],[151.1254516,-33.9381685],[151.1254512,-33.9381716],[151.1254514,-33.938176],[151.1254512,-33.9381797],[151.1254516,-33.9381843],[151.125453,-33.9381879],[151.125455,-33.9381916],[151.1254594,-33.9381988],[151.1254642,-33.938205],[151.1254682,-33.9382102],[151.125472,-33.9382125],[151.1254766,-33.9382157],[151.1254822,-33.9382179],[151.1254864,-33.938219],[151.1254917,-33.9382201],[151.125501,-33.9382212],[151.1255067,-33.938221],[151.1255116,-33.9382208],[151.1255169,-33.9382201],[151.1255235,-33.9382173],[151.1255284,-33.938216],[151.125535,-33.9382133],[151.125541,-33.9382102],[151.1255459,-33.938207],[151.1255492,-33.9382021],[151.1255534,-33.9381982],[151.1255549,-33.9381951],[151.1255583,-33.9381896],[151.1255596,-33.9381846],[151.1255596,-33.9381824],[151.1255589,-33.9381766],[151.1255585,-33.9381738],[151.1255543,-33.9381696],[151.1255494,-33.9381661],[151.1255452,-33.9381628],[151.1255399,-33.9381597],[151.1255366,-33.9381573],[151.1255326,-33.9381544],[151.1255288,-33.9381511],[151.125528,-33.9381483],[151.1255277,-33.9381461]]]}},{"type":"Feature","properties":{"@id":"way/1305233087","golf":"green"},"geometry":{"type":"Polygon","coordinates":[[[151.1255708,-33.9384595],[151.1255796,-33.9384518],[151.1255885,-33.9384426],[151.1255986,-33.9384335],[151.1256039,-33.9384232],[151.1256101,-33.9384129],[151.1256159,-33.9384015],[151.125623,-33.9383898],[151.1256287,-33.9383766],[151.1256336,-33.9383645],[151.1256358,-33.9383502],[151.1256376,-33.9383421],[151.1256385,-33.9383351],[151.125638,-33.938323],[151.1256349,-33.9383153],[151.1256292,-33.9383068],[151.1256208,-33.9383006],[151.1256159,-33.9382951],[151.1256079,-33.9382896],[151.1255982,-33.9382867],[151.1255858,-33.9382845],[151.1255765,-33.9382848],[151.1255602,-33.9382863],[151.1255504,-33.9382885],[151.1255394,-33.9382907],[151.1255217,-33.938301],[151.1255155,-33.9383076],[151.1255049,-33.9383175],[151.1254969,-33.9383289],[151.1254911,-33.9383388],[151.1254889,-33.938348],[151.1254889,-33.9383571],[151.1254854,-33.9383711],[151.125481,-33.9383802],[151.1254734,-33.9383898],[151.1254668,-33.9383993],[151.1254597,-33.9384052],[151.1254549,-33.9384133],[151.1254465,-33.9384195],[151.1254403,-33.938428],[151.1254376,-33.938439],[151.1254372,-33.9384496],[151.1254407,-33.9384566],[151.1254438,-33.9384614],[151.1254509,-33.9384698],[151.1254606,-33.9384753],[151.1254708,-33.9384775],[151.1254827,-33.9384801],[151.1254933,-33.9384834],[151.1255035,-33.9384834],[151.1255124,-33.9384827],[151.1255234,-33.9384819],[151.1255354,-33.9384793],[151.1255438,-33.9384742],[151.1255548,-33.9384691],[151.125561,-33.9384669],[151.1255708,-33.9384595]]]}},{"type":"Feature","properties":{"@id":"way/1305233088","golf":"fairway"},"geometry":{"type":"Polygon","coordinates":[[[151.1262337,-33.9372626],[151.1262082,-33.9372754],[151.1261928,-33.9372856],[151.1261643,-33.9373099],[151.1261405,-33.9373336],[151.1261104,-33.9373578],[151.1260734,-33.9373943],[151.1260526,-33.9374186],[151.1260349,-33.9374467],[151.1260118,-33.9374997],[151.126008,-33.9375266],[151.1260118,-33.9375598],[151.1260134,-33.9375783],[151.1260103,-33.937609],[151.126001,-33.9376358],[151.1259841,-33.9376684],[151.1259664,-33.93771],[151.1259433,-33.9377413],[151.125914,-33.9377822],[151.1258917,-33.9378186],[151.125877,-33.9378403],[151.1258578,-33.9378486],[151.1258254,-33.9378646],[151.1257977,-33.9378812],[151.1257607,-33.9379017],[151.1257284,-33.9379247],[151.1256991,-33.9379432],[151.1256706,-33.9379707],[151.1256359,-33.9379975],[151.1256136,-33.9380263],[151.1255997,-33.9380512],[151.1255913,-33.9380793],[151.1255759,-33.9380959],[151.1255666,-33.9381106],[151.1255635,-33.9381279],[151.1255666,-33.938149],[151.1255689,-33.9381637],[151.1255689,-33.9381828],[151.1255605,-33.9381975],[151.1255535,-33.9382078],[151.1255258,-33.9382225],[151.125488,-33.938234],[151.1254549,-33.9382563],[151.1254187,-33.9382883],[151.1253879,-33.9383254],[151.1253694,-33.938356],[151.1253563,-33.9383861],[151.1253471,-33.9384282],[151.1253525,-33.9384615],[151.1253663,-33.9384896],[151.1253972,-33.9385145],[151.1254241,-33.9385286],[151.1254557,-33.9385298],[151.1254819,-33.9385311],[151.1255119,-33.9385286],[151.1255581,-33.9385292],[151.1255982,-33.9385183],[151.1256336,-33.9384985],[151.1256583,-33.9384551],[151.1256737,-33.9384282],[151.1256822,-33.9383784],[151.1256899,-33.9383464],[151.1256937,-33.9383215],[151.1256868,-33.9382825],[151.1256775,-33.9382538],[151.1256852,-33.9382231],[151.1257083,-33.9381752],[151.1257214,-33.9381515],[151.1257422,-33.9381234],[151.1257607,-33.9380889],[151.1257854,-33.9380486],[151.1258046,-33.9380282],[151.1259279,-33.9379905],[151.125961,-33.9379707],[151.1260141,-33.9379138],[151.1260442,-33.9378895],[151.1260827,-33.9378633],[151.1261197,-33.9378288],[151.1261589,-33.9377892],[151.126179,-33.9377617],[151.1261836,-33.9377291],[151.1261782,-33.9376965],[151.1261913,-33.9376697],[151.1262198,-33.9376461],[151.1262383,-33.9376275],[151.1262699,-33.9376032],[151.1262853,-33.9375834],[151.1263145,-33.937554],[151.12635,-33.9375374],[151.1263769,-33.9375323],[151.1263923,-33.9375304],[151.1264332,-33.937494],[151.1264817,-33.937432],[151.1265009,-33.9374032],[151.1264878,-33.9373789],[151.1264717,-33.9373655],[151.1264455,-33.9373489],[151.1264201,-33.937331],[151.1264,-33.9373176],[151.1263715,-33.9372984],[151.1263215,-33.937278],[151.1262999,-33.9372671],[151.126276,-33.937262],[151.1262622,-33.9372588],[151.1262421,-33.9372613],[151.1262337,-33.9372626]]]}},{"type":"Feature","properties":{"@id":"way/1305246944","golf":"green"},"geometry":{"type":"Polygon","coordinates":[[[151.125088,-33.9385533],[151.1251048,-33.9385427],[151.1251165,-33.9385351],[151.1251297,-33.9385263],[151.1251434,-33.9385157],[151.1251521,-33.9385077],[151.1251627,-33.9384976],[151.1251714,-33.9384879],[151.1251826,-33.9384769],[151.1251876,-33.9384677],[151.1251937,-33.9384597],[151.1251958,-33.9384512],[151.1251958,-33.9384398],[151.1251958,-33.9384318],[151.1251937,-33.938423],[151.1251902,-33.9384129],[151.1251836,-33.9384015],[151.125176,-33.9383952],[151.1251668,-33.9383867],[151.1251592,-33.9383825],[151.12515,-33.9383783],[151.1251399,-33.9383745],[151.1251287,-33.9383724],[151.1251195,-33.9383724],[151.1251094,-33.9383737],[151.1250972,-33.9383762],[151.1250875,-33.9383804],[151.1250774,-33.938385],[151.1250708,-33.9383926],[151.1250636,-33.9383985],[151.1250576,-33.9384061],[151.125053,-33.9384124],[151.1250489,-33.9384205],[151.1250454,-33.9384276],[151.1250377,-33.9384377],[151.1250291,-33.9384436],[151.1250189,-33.9384508],[151.1250077,-33.9384635],[151.1249976,-33.9384748],[151.1249925,-33.9384837],[151.1249864,-33.938493],[151.1249839,-33.9384968],[151.1249839,-33.9385027],[151.1249813,-33.9385128],[151.1249793,-33.9385212],[151.1249783,-33.9385326],[151.1249803,-33.9385427],[151.1249828,-33.9385503],[151.12499,-33.9385583],[151.1249976,-33.9385625],[151.1250093,-33.9385667],[151.1250225,-33.9385701],[151.1250357,-33.9385697],[151.1250509,-33.9385676],[151.1250667,-33.9385634],[151.1250804,-33.9385583],[151.125088,-33.9385533]]]}},{"type":"Feature","properties":{"@id":"way/1305246945","golf":"bunker"},"geometry":{"type":"Polygon","coordinates":[[[151.1249771,-33.9384837],[151.1249785,-33.938481],[151.1249813,-33.9384794],[151.124985,-33.9384778],[151.1249888,-33.9384756],[151.1249917,-33.9384726],[151.1249943,-33.9384695],[151.1249972,-33.9384673],[151.1250005,-33.9384644],[151.1250047,-33.9384592],[151.1250089,-33.9384554],[151.1250098,-33.9384525],[151.1250107,-33.9384482],[151.1250107,-33.9384435],[151.1250098,-33.9384381],[151.1250076,-33.9384356],[151.1250056,-33.9384317],[151.1250023,-33.9384297],[151.1249987,-33.9384282],[151.1249936,-33.9384262],[151.1249877,-33.9384257],[151.1249824,-33.9384266],[151.1249775,-33.9384271],[151.124972,-33.9384284],[151.1249671,-33.9384308],[151.1249616,-33.9384343],[151.1249554,-33.9384385],[151.1249503,-33.9384422],[151.124945,-33.9384471],[151.1249419,-33.9384503],[151.1249386,-33.938453],[151.124935,-33.9384574],[151.1249313,-33.9384622],[151.1249275,-33.9384679],[151.1249257,-33.9384737],[151.1249242,-33.938478],[151.1249235,-33.9384831],[151.1249213,-33.9384892],[151.1249211,-33.9384926],[151.1249202,-33.938496],[151.1249198,-33.9385002],[151.1249206,-33.9385059],[151.1249231,-33.9385112],[151.1249253,-33.9385139],[151.1249273,-33.9385163],[151.1249308,-33.9385182],[151.1249339,-33.9385207],[151.1249377,-33.9385233],[151.1249439,-33.9385249],[151.1249492,-33.9385255],[151.1249549,-33.9385249],[151.1249585,-33.9385224],[151.1249618,-33.9385202],[151.1249662,-33.938516],[151.1249695,-33.9385119],[151.1249711,-33.9385073],[151.1249729,-33.9385038],[151.1249751,-33.9384993],[151.1249753,-33.9384956],[151.1249764,-33.9384921],[151.1249764,-33.9384868],[151.1249771,-33.9384837]]]}},{"type":"Feature","properties":{"@id":"way/1305246946","golf":"fairway"},"geometry":{"type":"Polygon","coordinates":[[[151.124791,-33.9387864],[151.1248044,-33.9387815],[151.1248219,-33.9387685],[151.1248377,-33.9387515],[151.1248488,-33.9387394],[151.1248698,-33.9387196],[151.1248879,-33.9387118],[151.124906,-33.9387036],[151.1249358,-33.9386982],[151.1249527,-33.9386963],[151.1249737,-33.9386982],[151.1249866,-33.9387026],[151.1249988,-33.9387055],[151.1250187,-33.9387036],[151.1250373,-33.9386949],[151.1250478,-33.9386866],[151.1250584,-33.9386784],[151.1250659,-33.9386706],[151.1250689,-33.9386614],[151.1250712,-33.9386527],[151.1250718,-33.9386392],[151.1250741,-33.9386237],[151.1250759,-33.9386096],[151.1250794,-33.9385936],[151.1250835,-33.9385815],[151.1250957,-33.9385626],[151.1251016,-33.938551],[151.125094,-33.938522],[151.1250537,-33.9385234],[151.1250163,-33.9385249],[151.1249965,-33.9385142],[151.1249749,-33.9385258],[151.1249597,-33.9385346],[151.1249492,-33.9385365],[151.1249282,-33.9385365],[151.1249148,-33.9385307],[151.1249083,-33.938522],[151.1249054,-33.9385142],[151.1248943,-33.9385065],[151.124878,-33.9385045],[151.1248622,-33.9385055],[151.1248511,-33.9385079],[151.124826,-33.938521],[151.1247992,-33.9385428],[151.1247776,-33.9385675],[151.1247653,-33.938582],[151.124749,-33.938598],[151.1247332,-33.9386072],[151.1247087,-33.9386237],[151.1246859,-33.9386353],[151.1246684,-33.9386469],[151.1246608,-33.9386595],[151.1246573,-33.9386726],[151.1246573,-33.9386837],[151.1246602,-33.9386939],[151.1246766,-33.9387108],[151.1246918,-33.9387273],[151.1247104,-33.9387433],[151.1247303,-33.9387598],[151.1247484,-33.9387782],[151.1247647,-33.9387849],[151.1247828,-33.9387883],[151.124791,-33.9387864]]]}},{"type":"Feature","properties":{"@id":"way/1305247217","golf":"tee"},"geometry":{"type":"Polygon","coordinates":[[[151.1258663,-33.9385035],[151.1258742,-33.9385097],[151.1258831,-33.9385134],[151.1258941,-33.9385182],[151.1259048,-33.9385182],[151.125922,-33.9385112],[151.1259309,-33.9385035],[151.125941,-33.9384917],[151.1259539,-33.938476],[151.125964,-33.9384635],[151.1259742,-33.9384547],[151.1259809,-33.9384473],[151.125991,-33.9384422],[151.126003,-33.9384448],[151.1260118,-33.9384488],[151.1260207,-33.9384554],[151.1260277,-33.9384587],[151.1260375,-33.9384583],[151.1260512,-33.9384514],[151.1260614,-33.9384437],[151.1260685,-33.9384337],[151.1260839,-33.9384183],[151.1260968,-33.9384092],[151.1261131,-33.9383974],[151.1261295,-33.9383893],[151.1261525,-33.938386],[151.1261737,-33.9383824],[151.1261954,-33.9383853],[151.1262127,-33.9383882],[151.1262246,-33.9383941],[151.1262397,-33.9383992],[151.1262534,-33.9384044],[151.1262671,-33.938404],[151.126287,-33.9383952],[151.126306,-33.9383846],[151.1263618,-33.9383317],[151.1263635,-33.9383229],[151.1263622,-33.9383156],[151.1263595,-33.938309],[151.126352,-33.938299],[151.1262631,-33.9382359],[151.1262565,-33.9382344],[151.1262481,-33.9382322],[151.1262397,-33.938233],[151.1262251,-33.93824],[151.1261392,-33.9383159],[151.1261251,-33.9383211],[151.1261153,-33.9383225],[151.1261056,-33.93832],[151.1260932,-33.9383159],[151.1260853,-33.9383108],[151.1260817,-33.9383056],[151.1260817,-33.9382987],[151.1260839,-33.9382877],[151.1260901,-33.9382789],[151.1262016,-33.9381702],[151.1262052,-33.9381621],[151.1262029,-33.9381544],[151.126199,-33.9381456],[151.1261914,-33.9381416],[151.1261804,-33.9381375],[151.1261693,-33.9381372],[151.126156,-33.9381405],[151.1261441,-33.9381449],[151.1261366,-33.93815],[151.1261171,-33.9381603],[151.1260804,-33.9381889],[151.1260379,-33.9382359],[151.1260132,-33.9382587],[151.1259862,-33.9382862],[151.1259623,-33.9383163],[151.1259402,-33.9383468],[151.1259185,-33.9383948],[151.1259048,-33.9384187],[151.1258924,-33.9384392],[151.1258826,-33.938455],[151.1258711,-33.9384749],[151.1258632,-33.9384873],[151.1258618,-33.9384961],[151.1258663,-33.9385035]]]}},{"type":"Feature","properties":{"@id":"way/1305247312","golf":"bunker"},"geometry":{"type":"Polygon","coordinates":[[[151.1278734,-33.9362221],[151.1278759,-33.9362197],[151.1278776,-33.9362168],[151.1278792,-33.9362129],[151.1278801,-33.93621],[151.1278803,-33.9362036],[151.1278794,-33.9361986],[151.1278772,-33.9361927],[151.1278759,-33.93619],[151.1278737,-33.936187],[151.1278719,-33.9361841],[151.1278686,-33.9361815],[151.1278639,-33.9361777],[151.1278591,-33.9361753],[151.1278548,-33.936174],[151.1278498,-33.9361729],[151.1278451,-33.9361725],[151.1278396,-33.9361727],[151.1278347,-33.9361725],[151.1278303,-33.9361738],[151.1278256,-33.9361762],[151.127823,-33.9361777],[151.127819,-33.9361801],[151.127817,-33.9361819],[151.1278155,-33.9361845],[151.1278137,-33.936187],[151.1278106,-33.93619],[151.1278086,-33.9361944],[151.1278077,-33.9361969],[151.1278071,-33.9362012],[151.1278071,-33.9362039],[151.1278071,-33.9362092],[151.1278071,-33.9362128],[151.1278097,-33.9362173],[151.1278115,-33.936221],[151.1278141,-33.9362239],[151.1278157,-33.9362258],[151.1278203,-33.9362274],[151.1278256,-33.9362292],[151.1278294,-33.9362313],[151.127836,-33.9362323],[151.1278397,-33.9362328],[151.1278427,-33.936234],[151.1278458,-33.9362336],[151.1278515,-33.9362329],[151.1278557,-33.9362314],[151.1278617,-33.9362303],[151.1278657,-33.9362274],[151.1278688,-33.936225],[151.1278708,-33.9362237],[151.1278734,-33.9362221]]]}},{"type":"Feature","properties":{"@id":"way/1305247469","golf":"green"},"geometry":{"type":"Polygon","coordinates":[[[151.1280243,-33.9362091],[151.1280301,-33.9362037],[151.128039,-33.936197],[151.128047,-33.9361877],[151.1280563,-33.9361752],[151.1280636,-33.9361618],[151.1280728,-33.9361462],[151.1280794,-33.9361366],[151.1280886,-33.9361219],[151.1280975,-33.9361062],[151.1281052,-33.936096],[151.128111,-33.9360867],[151.1281195,-33.9360759],[151.128126,-33.9360691],[151.1281368,-33.9360615],[151.128151,-33.9360538],[151.1281595,-33.9360455],[151.1281664,-33.9360359],[151.1281695,-33.9360254],[151.1281691,-33.9360164],[151.1281668,-33.9360052],[151.1281614,-33.9359968],[151.1281553,-33.9359902],[151.128146,-33.9359838],[151.1281333,-33.9359784],[151.1281206,-33.9359778],[151.1281117,-33.9359781],[151.1281021,-33.9359794],[151.128091,-33.9359822],[151.1280794,-33.9359873],[151.128069,-33.9359918],[151.1280617,-33.9359937],[151.1280544,-33.9359953],[151.1280378,-33.9359988],[151.1280259,-33.9360008],[151.1280112,-33.9360033],[151.1279989,-33.9360059],[151.1279812,-33.9360104],[151.12797,-33.9360129],[151.1279558,-33.9360167],[151.1279411,-33.9360225],[151.1279323,-33.936027],[151.127925,-33.9360295],[151.1279146,-33.9360343],[151.1279057,-33.9360401],[151.1278872,-33.9360535],[151.1278803,-33.9360586],[151.1278722,-33.9360656],[151.1278637,-33.9360775],[151.1278587,-33.9360829],[151.1278572,-33.9360912],[151.127856,-33.9360979],[151.1278595,-33.9361123],[151.127861,-33.9361206],[151.1278695,-33.9361353],[151.127878,-33.9361513],[151.1278895,-33.9361669],[151.1278992,-33.9361787],[151.1279096,-33.9361915],[151.1279203,-33.9362033],[151.1279315,-33.9362113],[151.1279458,-33.9362177],[151.1279573,-33.9362212],[151.1279708,-33.9362232],[151.1279808,-33.9362232],[151.1279954,-33.9362196],[151.1280093,-33.9362164],[151.1280182,-33.9362139],[151.1280243,-33.9362091]]]}},{"type":"Feature","properties":{"@id":"way/1305248249","golf":"fairway"},"geometry":{"type":"Polygon","coordinates":[[[151.1268554,-33.9374385],[151.1268837,-33.9374444],[151.1269218,-33.9374385],[151.1269554,-33.9374209],[151.1269863,-33.9373982],[151.1270244,-33.9373549],[151.1270624,-33.9373079],[151.1271031,-33.9372528],[151.1271421,-33.9372073],[151.127166,-33.9371603],[151.1272093,-33.9371038],[151.1272323,-33.937062],[151.1272332,-33.9370311],[151.1272412,-33.93699],[151.1272536,-33.9369746],[151.1272739,-33.936957],[151.1273155,-33.9369313],[151.1273473,-33.936921],[151.1273739,-33.9369173],[151.1273951,-33.9369056],[151.1274172,-33.9368814],[151.1274296,-33.9368571],[151.1274323,-33.9368329],[151.1274367,-33.936808],[151.1274456,-33.9367713],[151.1274526,-33.936739],[151.1274677,-33.9367169],[151.1274925,-33.9366942],[151.1275217,-33.9366707],[151.1275632,-33.9366421],[151.127588,-33.9366266],[151.1276305,-33.9366024],[151.1276738,-33.9365775],[151.1277154,-33.9365598],[151.1277508,-33.9365408],[151.1277853,-33.9365224],[151.1278296,-33.936493],[151.127865,-33.9364644],[151.1278809,-33.9364306],[151.127895,-33.9364116],[151.1279189,-33.9363719],[151.1279393,-33.9363587],[151.1279676,-33.9363543],[151.1280021,-33.9363543],[151.1280331,-33.9363426],[151.1280543,-33.9363154],[151.1280623,-33.9362904],[151.1280658,-33.936264],[151.128072,-33.936253],[151.1281092,-33.9362383],[151.1281658,-33.9362156],[151.128187,-33.9361987],[151.1282003,-33.9361715],[151.1282083,-33.9361502],[151.1282206,-33.9361245],[151.1282224,-33.9361032],[151.1282277,-33.9360746],[151.1282251,-33.9360438],[151.1282251,-33.9360188],[151.1282215,-33.9359968],[151.1282083,-33.9359594],[151.1281897,-33.9359491],[151.128164,-33.9359454],[151.1281392,-33.9359535],[151.1281189,-33.9359689],[151.1280994,-33.9359902],[151.127934,-33.9361803],[151.1279083,-33.9362141],[151.127895,-33.9362427],[151.1278835,-33.9362567],[151.1278711,-33.9362669],[151.1278543,-33.9362736],[151.1278251,-33.9362772],[151.1277977,-33.9362794],[151.1277694,-33.9362934],[151.1277535,-33.9363044],[151.1277331,-33.9363271],[151.1277163,-33.9363565],[151.1276942,-33.9363778],[151.1276269,-33.9364189],[151.1275942,-33.9364446],[151.127527,-33.9364776],[151.1274836,-33.936493],[151.127427,-33.9365165],[151.1274084,-33.9365246],[151.1273907,-33.9365444],[151.1273615,-33.9365775],[151.1272996,-33.9366714],[151.1272925,-33.9366905],[151.1272721,-33.9367353],[151.1272589,-33.9367536],[151.1272244,-33.9367852],[151.1271996,-33.9367992],[151.1271562,-33.9368476],[151.1271483,-33.9368704],[151.1271138,-33.9369115],[151.1270863,-33.9369364],[151.1270571,-33.9369614],[151.1270253,-33.9369908],[151.1269881,-33.9370311],[151.1268961,-33.9371368],[151.1268209,-33.9372264],[151.1267696,-33.9372866],[151.126743,-33.9373203],[151.1267315,-33.9373416],[151.1267342,-33.9373615],[151.1267359,-33.9373805],[151.1267483,-33.9373945],[151.1267864,-33.937418],[151.1268182,-33.9374283],[151.1268554,-33.9374385]]]}},{"type":"Feature","properties":{"@id":"way/1305248863","golf":"tee"},"geometry":{"type":"Polygon","coordinates":[[[151.127995,-33.9366705],[151.1281043,-33.936586],[151.1281171,-33.9365748],[151.1281211,-33.9365593],[151.1281164,-33.9365453],[151.1281083,-33.9365292],[151.1280996,-33.9365248],[151.1280889,-33.9365236],[151.1280775,-33.936527],[151.1280688,-33.9365314],[151.1279011,-33.9366588],[151.1279011,-33.9366661],[151.1279018,-33.9366716],[151.1279226,-33.9366878],[151.1279327,-33.9366939],[151.1279508,-33.9366889],[151.1279749,-33.9366839],[151.1279836,-33.9366777],[151.127995,-33.9366705]]]}},{"type":"Feature","properties":{"@id":"way/1305248951","golf":"tee"},"geometry":{"type":"Polygon","coordinates":[[[151.128119,-33.9363993],[151.1281444,-33.9364088],[151.1281571,-33.9364104],[151.1281725,-33.9364076],[151.1283089,-33.9363405],[151.1283185,-33.9363344],[151.128322,-33.9363299],[151.1283189,-33.9363232],[151.1283023,-33.9363159],[151.1282965,-33.9363143],[151.1282865,-33.9363149],[151.128258,-33.9363293],[151.1281883,-33.9363647],[151.1281452,-33.9363865],[151.128119,-33.9363993]]]}},{"type":"Feature","properties":{"@id":"way/1305249137","golf":"bunker"},"geometry":{"type":"Polygon","coordinates":[[[151.1291951,-33.9359821],[151.1291904,-33.9359831],[151.1291845,-33.9359814],[151.1291772,-33.9359787],[151.1291719,-33.9359754],[151.1291668,-33.9359741],[151.1291604,-33.9359726],[151.1291559,-33.9359726],[151.1291522,-33.9359735],[151.1291493,-33.9359754],[151.129144,-33.9359772],[151.1291387,-33.9359798],[151.129134,-33.9359825],[151.1291305,-33.9359855],[151.1291285,-33.9359878],[151.1291265,-33.9359913],[151.1291232,-33.9359955],[151.1291214,-33.9360005],[151.1291194,-33.9360069],[151.1291201,-33.9360122],[151.1291228,-33.9360167],[151.1291241,-33.9360201],[151.1291272,-33.9360234],[151.1291294,-33.9360249],[151.1291343,-33.9360275],[151.1291382,-33.9360291],[151.1291435,-33.9360302],[151.1291482,-33.9360302],[151.129155,-33.9360297],[151.1291592,-33.9360289],[151.1291665,-33.936026],[151.1291725,-33.9360231],[151.1291772,-33.9360209],[151.1291842,-33.9360201],[151.1291915,-33.9360198],[151.1291995,-33.9360214],[151.1292037,-33.9360218],[151.1292066,-33.936022],[151.1292103,-33.9360205],[151.1292128,-33.93602],[151.1292172,-33.9360198],[151.1292205,-33.9360201],[151.1292269,-33.936019],[151.1292387,-33.9360141],[151.1292444,-33.9360117],[151.129248,-33.9360077],[151.1292486,-33.9360029],[151.1292519,-33.9359981],[151.1292524,-33.935993],[151.1292504,-33.9359882],[151.1292453,-33.9359831],[151.129242,-33.9359787],[151.1292373,-33.935977],[151.1292311,-33.9359768],[151.1292216,-33.9359772],[151.1292143,-33.9359792],[151.1292101,-33.9359801],[151.1292037,-33.9359814],[151.1291951,-33.9359821]]]}},{"type":"Feature","properties":{"@id":"way/1305249646","golf":"green"},"geometry":{"type":"Polygon","coordinates":[[[151.1292408,-33.935915],[151.129255,-33.9359036],[151.1292669,-33.9358908],[151.1292811,-33.9358812],[151.1292934,-33.9358724],[151.1293129,-33.9358599],[151.1293333,-33.9358508],[151.1293483,-33.9358445],[151.1293682,-33.9358361],[151.1293753,-33.9358273],[151.1293855,-33.9358166],[151.1293908,-33.93581],[151.1293965,-33.9358005],[151.1294036,-33.9357898],[151.1294048,-33.93578],[151.1294069,-33.9357697],[151.1294075,-33.9357611],[151.1294069,-33.9357544],[151.1294065,-33.9357505],[151.1294035,-33.9357396],[151.1294005,-33.9357318],[151.1293931,-33.9357246],[151.1293837,-33.9357177],[151.1293784,-33.9357124],[151.1293703,-33.9357082],[151.1293629,-33.9357046],[151.1293552,-33.9357035],[151.1293408,-33.9357007],[151.1293281,-33.9357004],[151.129312,-33.935704],[151.1293009,-33.9357082],[151.1292825,-33.9357165],[151.1292536,-33.9357321],[151.1292228,-33.9357538],[151.129194,-33.9357744],[151.1291685,-33.9357919],[151.1291484,-33.935807],[151.1291262,-33.9358234],[151.1291145,-33.9358337],[151.1291088,-33.9358398],[151.1291034,-33.9358467],[151.1291011,-33.9358554],[151.1291001,-33.9358637],[151.1291005,-33.9358744],[151.129104,-33.9358839],[151.1291087,-33.9358938],[151.1291189,-33.9359037],[151.1291277,-33.93591],[151.1291376,-33.9359156],[151.1291461,-33.9359214],[151.129158,-33.9359272],[151.1291685,-33.9359316],[151.1291785,-33.935934],[151.1291904,-33.935935],[151.1291989,-33.935934],[151.1292115,-33.9359325],[151.129222,-33.9359299],[151.1292325,-33.9359236],[151.1292408,-33.935915]]]}},{"type":"Feature","properties":{"@id":"way/1305249966","golf":"fairway"},"geometry":{"type":"Polygon","coordinates":[[[151.1290029,-33.9358836],[151.1289767,-33.9359053],[151.1289513,-33.9359242],[151.1289331,-33.9359365],[151.128901,-33.9359498],[151.1288701,-33.9359587],[151.1288332,-33.9359693],[151.1288098,-33.9359743],[151.1287977,-33.9359821],[151.128791,-33.9359921],[151.1287923,-33.9360049],[151.1288413,-33.9360755],[151.128854,-33.9360811],[151.1288748,-33.9360839],[151.1289117,-33.9360772],[151.1289519,-33.9360622],[151.1289995,-33.9360383],[151.1291497,-33.9359654],[151.1291692,-33.9359643],[151.1291826,-33.9359704],[151.1291893,-33.9359732],[151.129196,-33.9359743],[151.1292094,-33.9359726],[151.1292228,-33.9359676],[151.1292376,-33.9359659],[151.129247,-33.9359721],[151.1292557,-33.9359804],[151.1292644,-33.9359865],[151.1292704,-33.9359888],[151.1292905,-33.9359826],[151.1293046,-33.9359715],[151.1293422,-33.9359543],[151.1293952,-33.9359187],[151.1294206,-33.9358964],[151.1294408,-33.9358714],[151.1294582,-33.9358341],[151.1294803,-33.9357951],[151.1294971,-33.9357634],[151.1295085,-33.9357356],[151.1295098,-33.9357106],[151.1295024,-33.9356911],[151.129489,-33.9356666],[151.1294783,-33.9356505],[151.1294615,-33.9356355],[151.1294454,-33.9356294],[151.1294126,-33.9356232],[151.1293817,-33.9356327],[151.1292792,-33.9357028],[151.1292684,-33.9357423],[151.1292456,-33.935774],[151.1291672,-33.9358246],[151.1291075,-33.9358285],[151.1290713,-33.9358385],[151.1290378,-33.9358602],[151.129017,-33.9358758],[151.1290029,-33.9358836]]]}},{"type":"Feature","properties":{"@id":"way/1305250030","golf":"tee"},"geometry":{"type":"Polygon","coordinates":[[[151.129339,-33.9361507],[151.1295065,-33.936081],[151.1295211,-33.9360737],[151.1295275,-33.9360544],[151.1295234,-33.9360389],[151.1295118,-33.9360321],[151.1294972,-33.9360234],[151.1294849,-33.936019],[151.1294709,-33.9360209],[151.1292794,-33.9361043],[151.129278,-33.9361166],[151.1292777,-33.9361304],[151.1292631,-33.9361362],[151.1292462,-33.9361449],[151.1292374,-33.9361498],[151.1292397,-33.9361585],[151.1292479,-33.9361662],[151.1292619,-33.9361759],[151.1292759,-33.9361774],[151.1293051,-33.9361682],[151.129339,-33.9361507]]]}},{"type":"Feature","properties":{"@id":"way/1305250439","golf":"green"},"geometry":{"type":"Polygon","coordinates":[[[151.1310667,-33.9352294],[151.1310825,-33.9352298],[151.1311053,-33.9352269],[151.1311216,-33.9352197],[151.1311429,-33.9352138],[151.1311592,-33.9352054],[151.1311765,-33.9351944],[151.1311866,-33.9351843],[151.1311963,-33.9351755],[151.1312009,-33.9351611],[151.1312044,-33.9351468],[151.1312039,-33.9351282],[151.1312024,-33.9351152],[151.1311953,-33.9350962],[151.1311892,-33.9350835],[151.1311826,-33.9350743],[151.1311744,-33.935065],[151.1311673,-33.9350566],[151.1311577,-33.9350477],[151.131145,-33.935041],[151.1311307,-33.9350338],[151.1311165,-33.9350283],[151.1311084,-33.935027],[151.1310962,-33.9350266],[151.1310855,-33.9350279],[151.1310703,-33.9350313],[151.131056,-33.9350346],[151.1310449,-33.9350367],[151.1310403,-33.9350384],[151.1310327,-33.9350435],[151.131022,-33.9350532],[151.1310133,-33.9350629],[151.1309966,-33.9350798],[151.1309879,-33.9350911],[151.1309778,-33.9351025],[151.1309646,-33.9351169],[151.1309549,-33.9351333],[151.1309524,-33.9351405],[151.1309473,-33.9351489],[151.1309465,-33.9351617],[151.1309473,-33.9351691],[151.13095,-33.9351799],[151.1309523,-33.9351892],[151.1309565,-33.9351997],[151.1309619,-33.9352077],[151.1309708,-33.9352148],[151.1309819,-33.9352183],[151.1310024,-33.935224],[151.1310205,-33.9352285],[151.1310466,-33.9352307],[151.1310667,-33.9352294]]]}},{"type":"Feature","properties":{"@id":"way/1305250845","golf":"fairway"},"geometry":{"type":"Polygon","coordinates":[[[151.1303917,-33.935415],[151.1304004,-33.9354289],[151.1304225,-33.9354495],[151.1304373,-33.9354567],[151.1304534,-33.9354567],[151.1304735,-33.935449],[151.1304976,-33.935435],[151.1305446,-33.93541],[151.1305741,-33.93539],[151.130615,-33.9353644],[151.1306465,-33.9353466],[151.1306787,-33.9353344],[151.1307115,-33.9353282],[151.1307511,-33.9353238],[151.1307793,-33.9353221],[151.1308,-33.9353138],[151.1308081,-33.9352999],[151.1308067,-33.9352826],[151.1308,-33.9352693],[151.1307913,-33.9352554],[151.1307853,-33.935242],[151.1307846,-33.9352253],[151.1307846,-33.9352092],[151.130798,-33.9351891],[151.1308135,-33.9351752],[151.1308383,-33.9351702],[151.1308517,-33.9351725],[151.1308637,-33.9351814],[151.1308725,-33.9351953],[151.1308751,-33.9352103],[151.1308805,-33.9352281],[151.1308946,-33.9352426],[151.130906,-33.9352526],[151.1309228,-33.9352609],[151.1309395,-33.9352698],[151.1309704,-33.9352815],[151.1310059,-33.9352932],[151.1310555,-33.9352971],[151.1310884,-33.9352987],[151.131142,-33.9352937],[151.1311729,-33.9352837],[151.1312091,-33.935272],[151.1312359,-33.935257],[151.1312607,-33.9352303],[151.1312869,-33.9352081],[151.1313036,-33.9351914],[151.131317,-33.9351708],[151.1313184,-33.9351563],[151.131319,-33.9351291],[151.131313,-33.9351063],[151.1312976,-33.9350912],[151.1312869,-33.9350801],[151.1312734,-33.9350706],[151.1312466,-33.9350423],[151.1312366,-33.9350239],[151.1312305,-33.9350111],[151.1312258,-33.9349967],[151.1312265,-33.9349772],[151.1312265,-33.9349649],[151.1312178,-33.934956],[151.1312104,-33.934951],[151.131195,-33.9349483],[151.1311534,-33.9349444],[151.1311072,-33.9349371],[151.1310709,-33.9349327],[151.1310039,-33.9349243],[151.1309717,-33.9349227],[151.1309328,-33.9349305],[151.1308772,-33.9349438],[151.1308188,-33.9349688],[151.1306907,-33.9350278],[151.1306693,-33.9350417],[151.1306559,-33.9350562],[151.1306492,-33.9350729],[151.1306331,-33.935089],[151.1306036,-33.935114],[151.1305499,-33.9351524],[151.1304869,-33.9351936],[151.1304245,-33.9352364],[151.1303635,-33.9352759],[151.1303427,-33.9352949],[151.130328,-33.9353127],[151.1303273,-33.9353371],[151.130334,-33.9353483],[151.1303917,-33.935415]]]}},{"type":"Feature","properties":{"@id":"way/1305251051","golf":"tee"},"geometry":{"type":"Polygon","coordinates":[[[151.1320598,-33.9352771],[151.132071,-33.9352806],[151.1320748,-33.9352858],[151.1320825,-33.9353052],[151.132086,-33.9353215],[151.1320899,-33.9353305],[151.1320933,-33.9353439],[151.1321018,-33.9353468],[151.132113,-33.9353452],[151.1321499,-33.9353366],[151.1321584,-33.9353321],[151.1321657,-33.9353276],[151.1321661,-33.9353209],[151.1321561,-33.935302],[151.1321515,-33.9352861],[151.1321472,-33.935273],[151.132143,-33.9352624],[151.1321465,-33.9352525],[151.1321557,-33.9352487],[151.1321538,-33.9352353],[151.1321268,-33.9351771],[151.1321207,-33.9351758],[151.1321122,-33.9351749],[151.1321022,-33.9351746],[151.131935,-33.9351992],[151.1319293,-33.9352011],[151.1319219,-33.9352033],[151.1319146,-33.9352084],[151.1319119,-33.9352135],[151.1319104,-33.9352206],[151.1319096,-33.935227],[151.1319231,-33.9352829],[151.1319289,-33.9352899],[151.1319389,-33.9352966],[151.1319524,-33.9352979],[151.131967,-33.9352969],[151.132029,-33.9352826],[151.1320598,-33.9352771]]]}},{"type":"Feature","properties":{"@id":"way/1305256233","golf":"fairway"},"geometry":{"type":"Polygon","coordinates":[[[151.1309694,-33.9356311],[151.1309906,-33.9356267],[151.1310074,-33.9356164],[151.1310145,-33.9355936],[151.1310048,-33.9355459],[151.1309942,-33.9355217],[151.1309756,-33.9355055],[151.1309579,-33.9354865],[151.1309358,-33.9354828],[151.1309013,-33.9354894],[151.1305633,-33.9356311],[151.1304182,-33.9357096],[151.1303775,-33.9357243],[151.1303164,-33.9357368],[151.1302474,-33.93575],[151.1302023,-33.9357581],[151.1301607,-33.9357749],[151.1301244,-33.9357933],[151.1300554,-33.9358484],[151.1300032,-33.9358953],[151.1299687,-33.9359335],[151.1299457,-33.9359783],[151.1299298,-33.9360223],[151.12992,-33.9360745],[151.1298926,-33.9361391],[151.1298687,-33.936171],[151.1298317,-33.9362004],[151.1297963,-33.9362324],[151.1297655,-33.9362528],[151.1297216,-33.9362669],[151.1296846,-33.9362695],[151.1296276,-33.9362765],[151.1295976,-33.9362752],[151.1295752,-33.9362784],[151.1295413,-33.936295],[151.1295267,-33.9363046],[151.129509,-33.9363257],[151.1294928,-33.9363449],[151.1293865,-33.9363985],[151.1292833,-33.9364561],[151.1291585,-33.9365168],[151.1290692,-33.9365679],[151.1290222,-33.9365947],[151.1290021,-33.936605],[151.1289636,-33.936605],[151.1289351,-33.9366005],[151.1288858,-33.9365979],[151.1288273,-33.936603],[151.1287118,-33.9366305],[151.1286956,-33.9366529],[151.1286825,-33.9366797],[151.1286571,-33.9367015],[151.1286247,-33.9367187],[151.1285529,-33.9367297],[151.1285292,-33.9367334],[151.1285038,-33.9367507],[151.1284915,-33.9367673],[151.1284845,-33.9367864],[151.1284791,-33.9368126],[151.1284784,-33.9368433],[151.1284814,-33.9368702],[151.1284889,-33.9368977],[151.1284994,-33.9369229],[151.1285233,-33.9369442],[151.1285373,-33.9369539],[151.1285554,-33.9369674],[151.1285741,-33.9369766],[151.1285963,-33.9369858],[151.1286179,-33.9369917],[151.1286401,-33.9369936],[151.1286716,-33.9369849],[151.1287165,-33.9369674],[151.1287568,-33.9369486],[151.1288068,-33.9369266],[151.1288953,-33.9368865],[151.1289302,-33.936866],[151.1289617,-33.936842],[151.1289852,-33.9368237],[151.1290221,-33.9367931],[151.1290663,-33.9367664],[151.1290972,-33.9367497],[151.1291233,-33.9367386],[151.1291749,-33.9367219],[151.1292044,-33.9367157],[151.1292708,-33.9366941],[151.1293694,-33.9366623],[151.1294405,-33.9366373],[151.129537,-33.9366006],[151.1296088,-33.9365717],[151.1296725,-33.9365405],[151.1297691,-33.9364854],[151.1298267,-33.9364482],[151.1299172,-33.9363892],[151.1299809,-33.9363441],[151.1300279,-33.936303],[151.1300762,-33.9362529],[151.1301124,-33.9362073],[151.1301533,-33.93615],[151.1302109,-33.936091],[151.1302653,-33.9360465],[151.1303571,-33.9359803],[151.1304195,-33.9359324],[151.1305067,-33.9358851],[151.1307212,-33.9357594],[151.1308969,-33.9356665],[151.1309418,-33.9356443],[151.1309694,-33.9356311]]]}},{"type":"Feature","properties":{"@id":"way/1305256441","golf":"green"},"geometry":{"type":"Polygon","coordinates":[[[151.1287071,-33.9369095],[151.1287188,-33.9369013],[151.1287294,-33.9368922],[151.1287404,-33.9368848],[151.1287516,-33.9368783],[151.1287655,-33.9368699],[151.1287777,-33.9368646],[151.1287937,-33.9368572],[151.1288095,-33.9368509],[151.1288291,-33.9368397],[151.1288392,-33.9368319],[151.1288532,-33.9368199],[151.1288608,-33.9368119],[151.1288661,-33.9368024],[151.1288712,-33.9367919],[151.1288733,-33.9367786],[151.1288735,-33.9367676],[151.1288715,-33.9367524],[151.1288664,-33.9367415],[151.1288628,-33.936733],[151.128855,-33.9367198],[151.1288499,-33.9367126],[151.1288443,-33.9367073],[151.1288382,-33.9367025],[151.1288283,-33.9366966],[151.1288235,-33.9366934],[151.1288115,-33.9366898],[151.1288011,-33.9366877],[151.1287899,-33.9366877],[151.1287711,-33.9366919],[151.1287604,-33.9366951],[151.12875,-33.9367029],[151.1287396,-33.9367111],[151.1287287,-33.936721],[151.1287167,-33.9367299],[151.128699,-33.9367392],[151.1286763,-33.9367493],[151.1286532,-33.9367602],[151.1286283,-33.936771],[151.1286095,-33.9367782],[151.128594,-33.9367845],[151.1285826,-33.9367902],[151.1285704,-33.9367997],[151.1285602,-33.9368117],[151.1285544,-33.9368235],[151.1285541,-33.9368378],[151.1285554,-33.9368519],[151.128564,-33.936865],[151.1285727,-33.9368787],[151.1285846,-33.9368926],[151.128596,-33.9369049],[151.1286136,-33.9369181],[151.1286291,-33.9369264],[151.1286398,-33.9369291],[151.1286565,-33.9369312],[151.1286654,-33.936931],[151.1286786,-33.9369276],[151.1286911,-33.9369215],[151.1287025,-33.9369133],[151.1287071,-33.9369095]]]}},{"type":"Feature","properties":{"@id":"way/1305257045","golf":"bunker"},"geometry":{"type":"Polygon","coordinates":[[[151.1285879,-33.9367737],[151.1285908,-33.9367737],[151.1285958,-33.9367731],[151.128602,-33.9367703],[151.1286078,-33.936767],[151.128614,-33.9367634],[151.128618,-33.936761],[151.1286222,-33.9367553],[151.1286242,-33.9367516],[151.1286266,-33.9367489],[151.1286321,-33.9367425],[151.1286372,-33.9367393],[151.1286416,-33.9367368],[151.128648,-33.9367349],[151.1286553,-33.9367347],[151.1286682,-33.9367331],[151.1286779,-33.9367309],[151.1286881,-33.9367281],[151.1286969,-33.936723],[151.1287071,-33.9367171],[151.12871,-33.9367136],[151.1287118,-33.9367094],[151.128714,-33.9366984],[151.128714,-33.9366936],[151.1287131,-33.9366868],[151.1287098,-33.9366821],[151.1287047,-33.936678],[151.1287007,-33.9366749],[151.1286976,-33.9366738],[151.1286938,-33.9366734],[151.1286885,-33.9366733],[151.1286837,-33.9366723],[151.1286761,-33.9366733],[151.1286686,-33.9366746],[151.128664,-33.9366753],[151.1286578,-33.936678],[151.128654,-33.936679],[151.1286494,-33.9366828],[151.1286454,-33.9366876],[151.1286412,-33.9366905],[151.1286363,-33.9366964],[151.1286312,-33.9367012],[151.128625,-33.9367046],[151.1286188,-33.936707],[151.1286118,-33.9367089],[151.1286058,-33.9367096],[151.1286003,-33.9367091],[151.128597,-33.9367091],[151.1285901,-33.9367091],[151.1285859,-33.9367094],[151.1285786,-33.9367109],[151.1285711,-33.9367125],[151.1285662,-33.9367142],[151.1285629,-33.9367169],[151.1285593,-33.9367195],[151.1285562,-33.9367234],[151.1285529,-33.9367297],[151.1285498,-33.9367342],[151.1285498,-33.9367401],[151.1285503,-33.9367454],[151.1285525,-33.936752],[151.1285558,-33.9367566],[151.1285589,-33.9367599],[151.1285633,-33.9367636],[151.1285664,-33.936767],[151.1285697,-33.9367687],[151.1285748,-33.9367707],[151.128581,-33.9367727],[151.1285879,-33.9367737]]]}},{"type":"Feature","properties":{"@id":"way/1305257516","golf":"tee"},"geometry":{"type":"Polygon","coordinates":[[[151.1285317,-33.9366116],[151.1285556,-33.9365975],[151.1285743,-33.936584],[151.128604,-33.9365631],[151.1286198,-33.9365423],[151.1286396,-33.9365118],[151.1286554,-33.9364968],[151.1286799,-33.9364808],[151.1286986,-33.9364672],[151.128726,-33.9364503],[151.1287471,-33.9364387],[151.1287681,-33.9364232],[151.1287838,-33.9364067],[151.1287862,-33.9363902],[151.1287821,-33.9363772],[151.1287716,-33.9363646],[151.1287628,-33.9363646],[151.1287511,-33.9363626],[151.1287325,-33.9363631],[151.1287114,-33.9363709],[151.1286735,-33.9363873],[151.1285392,-33.9365128],[151.128499,-33.9365486],[151.1284593,-33.9365878],[151.1284383,-33.9366125],[151.1284184,-33.9366353],[151.128412,-33.9366435],[151.1284079,-33.9366542],[151.1284091,-33.9366585],[151.1284137,-33.9366629],[151.1284225,-33.9366697],[151.1284453,-33.9366663],[151.1284867,-33.936644],[151.1285182,-33.9366251],[151.1285317,-33.9366116]]]}},{"type":"Feature","properties":{"@id":"way/1305257844","golf":"bunker"},"geometry":{"type":"Polygon","coordinates":[[[151.1278943,-33.9374999],[151.1278987,-33.9375019],[151.1279027,-33.9375038],[151.1279065,-33.9375055],[151.1279115,-33.9375086],[151.1279162,-33.9375103],[151.1279211,-33.9375116],[151.1279305,-33.9375135],[151.1279346,-33.9375142],[151.1279386,-33.9375142],[151.1279427,-33.9375137],[151.1279477,-33.937513],[151.1279524,-33.9375113],[151.1279567,-33.9375099],[151.1279608,-33.9375086],[151.127964,-33.9375055],[151.127969,-33.9375011],[151.1279713,-33.9374961],[151.1279731,-33.9374924],[151.1279734,-33.9374893],[151.1279743,-33.9374839],[151.1279734,-33.9374803],[151.1279719,-33.9374747],[151.1279696,-33.9374694],[151.1279672,-33.9374646],[151.1279623,-33.9374597],[151.1279585,-33.9374573],[151.1279529,-33.9374554],[151.1279451,-33.9374537],[151.1279369,-33.937453],[151.1279273,-33.9374525],[151.127922,-33.9374525],[151.127913,-33.9374534],[151.1279083,-33.9374537],[151.1279042,-33.9374537],[151.1278949,-33.937453],[151.1278858,-33.9374488],[151.1278762,-33.9374418],[151.1278683,-33.9374375],[151.1278607,-33.937435],[151.1278525,-33.9374324],[151.127847,-33.9374307],[151.1278426,-33.9374295],[151.1278347,-33.937428],[151.1278256,-33.9374276],[151.127819,-33.9374299],[151.1278126,-33.9374326],[151.1278065,-33.9374358],[151.1278014,-33.93744],[151.1277992,-33.937444],[151.1277976,-33.9374482],[151.1277956,-33.9374529],[151.1277941,-33.9374588],[151.1277948,-33.9374634],[151.1277948,-33.9374689],[151.1277956,-33.9374742],[151.1277971,-33.9374809],[151.1277984,-33.9374843],[151.1278014,-33.9374887],[151.1278053,-33.9374919],[151.1278096,-33.9374948],[151.1278134,-33.9374974],[151.1278177,-33.9374999],[151.1278251,-33.9375014],[151.1278319,-33.9375024],[151.1278396,-33.9375039],[151.1278495,-33.9375037],[151.1278601,-33.9375018],[151.1278647,-33.9374999],[151.1278731,-33.9374972],[151.1278767,-33.9374961],[151.1278805,-33.9374957],[151.1278845,-33.9374953],[151.1278881,-33.9374959],[151.1278914,-33.9374986],[151.1278943,-33.9374999]]]}},{"type":"Feature","properties":{"@id":"way/1305258367","golf":"green"},"geometry":{"type":"Polygon","coordinates":[[[151.1279465,-33.9376722],[151.1279678,-33.9376754],[151.1279871,-33.9376766],[151.1280087,-33.9376741],[151.1280251,-33.937671],[151.1280455,-33.9376652],[151.1280566,-33.9376596],[151.128065,-33.9376528],[151.1280747,-33.9376444],[151.1280814,-33.9376359],[151.1280866,-33.9376279],[151.1280907,-33.9376151],[151.1280936,-33.9376044],[151.1280963,-33.9375945],[151.1280977,-33.9375838],[151.1280992,-33.937572],[151.1280971,-33.9375594],[151.1280942,-33.9375494],[151.1280901,-33.9375414],[151.1280858,-33.9375325],[151.1280796,-33.937525],[151.1280726,-33.9375189],[151.128065,-33.9375165],[151.1280554,-33.9375129],[151.1280455,-33.9375117],[151.1280338,-33.9375114],[151.1280224,-33.9375121],[151.1280125,-33.9375143],[151.128004,-33.9375158],[151.1279938,-33.9375192],[151.1279862,-33.9375233],[151.1279795,-33.9375274],[151.1279711,-33.937533],[151.1279676,-33.9375383],[151.127962,-33.9375424],[151.1279547,-33.9375482],[151.127948,-33.9375523],[151.1279401,-33.9375552],[151.1279314,-33.9375567],[151.1279197,-33.9375552],[151.1279127,-33.9375552],[151.1278963,-33.9375538],[151.1278817,-33.9375514],[151.1278642,-33.9375477],[151.1278511,-33.9375463],[151.127838,-33.9375427],[151.1278219,-33.9375407],[151.1278088,-33.9375373],[151.1277948,-33.9375339],[151.1277816,-33.9375318],[151.1277726,-33.9375296],[151.1277632,-33.9375296],[151.1277524,-33.9375301],[151.127737,-33.937533],[151.1277233,-33.9375398],[151.1277177,-33.937541],[151.1277104,-33.9375468],[151.1277046,-33.9375511],[151.1276993,-33.9375567],[151.1276949,-33.937564],[151.1276926,-33.9375717],[151.1276909,-33.9375792],[151.1276894,-33.9375855],[151.1276894,-33.9375947],[151.1276894,-33.9376022],[151.1276894,-33.93761],[151.1276932,-33.9376192],[151.1276987,-33.9376291],[151.127704,-33.9376371],[151.1277104,-33.9376444],[151.1277183,-33.9376514],[151.1277285,-33.9376591],[151.1277367,-33.9376642],[151.1277457,-33.9376691],[151.1277548,-33.9376727],[151.1277647,-33.9376761],[151.1277813,-33.9376783],[151.1277977,-33.9376795],[151.1278105,-33.9376778],[151.1278242,-33.9376754],[151.1278312,-33.9376725],[151.1278455,-33.9376683],[151.1278598,-33.937664],[151.1278712,-33.9376601],[151.1278806,-33.9376603],[151.1278969,-33.9376637],[151.1279261,-33.9376693],[151.1279465,-33.9376722]]]}},{"type":"Feature","properties":{"@id":"way/1305258666","golf":"fairway"},"geometry":{"type":"Polygon","coordinates":[[[151.1279992,-33.9374798],[151.1279861,-33.9375029],[151.1279753,-33.9375168],[151.1279599,-33.9375252],[151.1279425,-33.9375341],[151.1279204,-33.9375363],[151.1278902,-33.9375313],[151.1278392,-33.9375241],[151.1278111,-33.9375152],[151.1277963,-33.9375063],[151.1277795,-33.9374912],[151.1277655,-33.9374679],[151.1277621,-33.9374534],[151.1277648,-33.9374239],[151.1277688,-33.9374006],[151.1277661,-33.9373833],[151.1277494,-33.9373811],[151.1276803,-33.9373989],[151.1276428,-33.9374061],[151.1276086,-33.9374278],[151.1275864,-33.9374451],[151.1275583,-33.9374812],[151.1275402,-33.9375074],[151.1275348,-33.9375291],[151.1275261,-33.9375624],[151.1275261,-33.9375836],[151.1275254,-33.9376147],[151.1275529,-33.9376281],[151.1275744,-33.9376375],[151.1275938,-33.9376476],[151.1276106,-33.9376615],[151.1276387,-33.9376821],[151.1276662,-33.937701],[151.1277011,-33.9377177],[151.1277299,-33.9377288],[151.1277681,-33.9377349],[151.1278111,-33.937731],[151.1278379,-33.9377293],[151.1278714,-33.9377193],[151.1279056,-33.9377171],[151.1279385,-33.9377182],[151.1279794,-33.937726],[151.1280136,-33.9377321],[151.1280572,-33.9377266],[151.1280853,-33.9377104],[151.1281101,-33.9376932],[151.1281309,-33.9376731],[151.128153,-33.9376426],[151.1281678,-33.9376097],[151.1281738,-33.9375825],[151.1281819,-33.937548],[151.1281852,-33.9375146],[151.1281839,-33.9374868],[151.1281758,-33.9374617],[151.1281658,-33.9374362],[151.1281443,-33.93742],[151.1281074,-33.9374083],[151.1280833,-33.9374017],[151.1280585,-33.9374011],[151.1280437,-33.9374011],[151.1280189,-33.9374044],[151.1279981,-33.937415],[151.1280035,-33.9374284],[151.1280089,-33.9374412],[151.1280069,-33.9374612],[151.1279992,-33.9374798]]]}},{"type":"Feature","properties":{"@id":"way/1305258723","golf":"tee"},"geometry":{"type":"Polygon","coordinates":[[[151.1278648,-33.9369677],[151.1280908,-33.936803],[151.1280935,-33.9367958],[151.1280935,-33.936783],[151.1280888,-33.9367741],[151.1280774,-33.9367646],[151.128064,-33.9367646],[151.1280499,-33.9367674],[151.1280378,-33.9367724],[151.1278044,-33.9369237],[151.1277991,-33.936931],[151.1278051,-33.9369438],[151.1278205,-33.936961],[151.1278366,-33.936971],[151.1278447,-33.9369738],[151.1278547,-33.936971],[151.1278648,-33.9369677]]]}},{"type":"Feature","properties":{"@id":"way/1305259042","golf":"bunker"},"geometry":{"type":"Polygon","coordinates":[[[151.1270484,-33.937807],[151.1270502,-33.937804],[151.1270504,-33.937799],[151.1270507,-33.9377937],[151.1270502,-33.9377897],[151.1270489,-33.9377838],[151.1270459,-33.9377766],[151.1270438,-33.9377695],[151.1270403,-33.9377627],[151.1270365,-33.9377564],[151.1270316,-33.9377488],[151.1270278,-33.9377427],[151.1270227,-33.9377366],[151.1270187,-33.9377311],[151.1270151,-33.9377281],[151.1270118,-33.9377252],[151.1270065,-33.9377216],[151.1270014,-33.9377193],[151.1269968,-33.9377159],[151.1269879,-33.9377134],[151.1269834,-33.9377113],[151.1269773,-33.9377098],[151.1269686,-33.9377094],[151.1269633,-33.9377085],[151.1269569,-33.9377066],[151.1269445,-33.9377062],[151.1269392,-33.9377066],[151.1269338,-33.9377075],[151.126929,-33.9377085],[151.1269237,-33.9377128],[151.1269209,-33.9377151],[151.1269168,-33.9377201],[151.1269158,-33.9377239],[151.1269145,-33.9377262],[151.1269145,-33.9377317],[151.1269132,-33.9377347],[151.1269137,-33.9377397],[151.126916,-33.9377461],[151.1269191,-33.9377513],[151.1269239,-33.9377555],[151.1269292,-33.9377591],[151.1269333,-33.9377619],[151.1269348,-33.937765],[151.1269369,-33.9377674],[151.1269399,-33.9377682],[151.1269473,-33.9377707],[151.1269516,-33.9377733],[151.1269557,-33.9377766],[151.126962,-33.9377834],[151.1269671,-33.9377878],[151.1269724,-33.9377939],[151.1269755,-33.9377977],[151.126979,-33.937803],[151.1269836,-33.9378087],[151.1269892,-33.9378133],[151.1269958,-33.9378177],[151.1270019,-33.9378196],[151.1270085,-33.9378205],[151.1270133,-33.9378213],[151.1270227,-33.9378205],[151.1270294,-33.9378192],[151.1270352,-33.9378173],[151.1270413,-33.9378144],[151.1270459,-33.9378106],[151.1270484,-33.937807]]]}},{"type":"Feature","properties":{"@id":"way/1305259235","golf":"green"},"geometry":{"type":"Polygon","coordinates":[[[151.1268418,-33.9379092],[151.1268637,-33.9379053],[151.1268806,-33.9379021],[151.1268931,-33.9378985],[151.1269086,-33.9378934],[151.1269206,-33.9378857],[151.1269296,-33.9378799],[151.1269337,-33.9378726],[151.1269363,-33.9378678],[151.1269404,-33.9378605],[151.1269416,-33.937853],[151.1269416,-33.9378443],[151.1269413,-33.9378363],[151.1269393,-33.937829],[151.1269369,-33.9378225],[151.1269322,-33.937813],[151.1269241,-33.9378014],[151.1269156,-33.9377932],[151.1269074,-33.9377845],[151.1269004,-33.9377767],[151.1268949,-33.9377716],[151.1268864,-33.9377656],[151.1268777,-33.93776],[151.126871,-33.9377568],[151.1268634,-33.9377542],[151.1268534,-33.937751],[151.1268453,-33.9377481],[151.1268304,-33.9377472],[151.1268237,-33.9377479],[151.1268161,-33.9377489],[151.1268053,-33.937753],[151.1267986,-33.9377559],[151.1267904,-33.9377588],[151.1267784,-33.9377658],[151.126772,-33.9377702],[151.1267635,-33.9377782],[151.1267562,-33.9377859],[151.1267481,-33.9377968],[151.1267402,-33.9378094],[151.1267352,-33.9378181],[151.1267311,-33.9378256],[151.1267285,-33.9378334],[151.1267271,-33.9378421],[151.1267265,-33.9378491],[151.1267285,-33.9378578],[151.1267311,-33.9378648],[151.1267346,-33.9378707],[151.1267396,-33.9378801],[151.126744,-33.9378864],[151.1267495,-33.9378929],[151.1267562,-33.937898],[151.126765,-33.9379029],[151.1267746,-33.9379063],[151.1267872,-33.9379096],[151.1267962,-33.9379111],[151.1268085,-33.9379116],[151.1268208,-33.9379121],[151.126831,-33.9379113],[151.1268418,-33.9379092]]]}},{"type":"Feature","properties":{"@id":"way/1305259843","golf":"fairway"},"geometry":{"type":"Polygon","coordinates":[[[151.1268465,-33.9379523],[151.1268766,-33.9379589],[151.1269013,-33.9379611],[151.1269332,-33.9379567],[151.126965,-33.9379471],[151.1269925,-33.9379332],[151.1270155,-33.9379016],[151.1270323,-33.9378818],[151.1270491,-33.9378568],[151.127073,-33.9378289],[151.1270907,-33.9377959],[151.1271163,-33.9377607],[151.1271323,-33.9377357],[151.1271632,-33.9377049],[151.1271854,-33.9376711],[151.1272137,-33.9376417],[151.1272446,-33.9376183],[151.1272703,-33.9375992],[151.1272995,-33.9375904],[151.1273367,-33.9375838],[151.127342,-33.9375735],[151.1273367,-33.9375595],[151.1273225,-33.9375448],[151.1273092,-33.9375294],[151.1272951,-33.9375221],[151.1272668,-33.9375221],[151.1272314,-33.9375265],[151.127211,-33.9375287],[151.1271765,-33.9375368],[151.1271447,-33.9375434],[151.1271084,-33.9375537],[151.1270756,-33.9375595],[151.1270403,-33.9375676],[151.1269907,-33.9375808],[151.1269438,-33.9375926],[151.1269217,-33.9375984],[151.1268907,-33.9376094],[151.1268783,-33.9376175],[151.1268642,-33.9376293],[151.1268509,-33.9376483],[151.1268429,-33.9376594],[151.1268306,-33.9376667],[151.1268102,-33.9376726],[151.126781,-33.9376792],[151.1267465,-33.9376836],[151.1267191,-33.9376917],[151.1266899,-33.9377049],[151.1266678,-33.9377218],[151.1266518,-33.9377357],[151.1266359,-33.937757],[151.1266279,-33.9377783],[151.1266173,-33.9377988],[151.1266173,-33.9378128],[151.1266182,-33.9378289],[151.1266262,-33.9378451],[151.1266465,-33.9378656],[151.1266624,-33.9378759],[151.1266757,-33.9378855],[151.1266872,-33.9378957],[151.1266943,-33.9379016],[151.1267111,-33.9379119],[151.1267208,-33.9379222],[151.126735,-33.9379295],[151.1267571,-33.937939],[151.1267828,-33.9379434],[151.1268217,-33.9379523],[151.1268465,-33.9379523]]]}},{"type":"Feature","properties":{"@id":"way/1305260140","golf":"tee"},"geometry":{"type":"Polygon","coordinates":[[[151.1263519,-33.938136],[151.1264271,-33.9381386],[151.1264647,-33.9381386],[151.1264891,-33.9381398],[151.1264998,-33.9381369],[151.1265054,-33.9381285],[151.1265069,-33.9381179],[151.1265074,-33.9381048],[151.1265033,-33.9380968],[151.1264947,-33.9380935],[151.1263367,-33.9380884],[151.1263311,-33.9380901],[151.126328,-33.938112],[151.1263295,-33.9381221],[151.1263321,-33.9381285],[151.1263367,-33.9381318],[151.1263438,-33.938136],[151.1263519,-33.938136]]]}},{"type":"Feature","properties":{"@id":"way/1305260281","golf":"bunker"},"geometry":{"type":"Polygon","coordinates":[[[151.129472,-33.9391163],[151.1294747,-33.9391107],[151.1294784,-33.9391041],[151.1294798,-33.9390982],[151.1294824,-33.9390921],[151.1294841,-33.9390882],[151.1294858,-33.9390793],[151.1294858,-33.9390735],[151.1294875,-33.9390671],[151.1294878,-33.9390607],[151.1294861,-33.9390543],[151.1294834,-33.9390487],[151.1294811,-33.9390439],[151.1294775,-33.9390407],[151.1294737,-33.9390378],[151.1294686,-33.9390361],[151.1294643,-33.939035],[151.129459,-33.9390342],[151.1294544,-33.9390342],[151.1294511,-33.9390342],[151.1294476,-33.9390348],[151.1294432,-33.9390367],[151.1294381,-33.9390418],[151.1294338,-33.9390447],[151.12943,-33.9390498],[151.1294265,-33.9390546],[151.1294244,-33.9390576],[151.1294229,-33.9390612],[151.1294211,-33.9390654],[151.1294196,-33.9390696],[151.1294183,-33.9390738],[151.1294163,-33.9390787],[151.129415,-33.9390812],[151.129414,-33.9390844],[151.129413,-33.939088],[151.1294135,-33.9390932],[151.129414,-33.9391],[151.1294158,-33.939104],[151.1294173,-33.9391082],[151.1294199,-33.9391132],[151.1294221,-33.9391168],[151.129426,-33.9391204],[151.1294295,-33.9391223],[151.1294354,-33.9391257],[151.1294397,-33.9391274],[151.1294468,-33.9391291],[151.1294516,-33.9391291],[151.1294567,-33.9391282],[151.1294618,-33.9391263],[151.1294684,-33.9391219],[151.129472,-33.9391163]]]}},{"type":"Feature","properties":{"@id":"way/1305260446","golf":"bunker"},"geometry":{"type":"Polygon","coordinates":[[[151.129594,-33.9389635],[151.1296,-33.9389706],[151.1296079,-33.9389741],[151.1296119,-33.938976],[151.129617,-33.9389767],[151.1296212,-33.9389761],[151.1296243,-33.9389752],[151.1296296,-33.9389741],[151.129636,-33.9389727],[151.1296404,-33.9389721],[151.1296455,-33.9389728],[151.1296493,-33.9389728],[151.1296524,-33.938975],[151.1296581,-33.9389787],[151.1296672,-33.938982],[151.129671,-33.938985],[151.1296772,-33.9389875],[151.1296816,-33.9389895],[151.1296867,-33.9389908],[151.1296911,-33.9389912],[151.1296984,-33.9389906],[151.1297057,-33.9389895],[151.1297097,-33.9389868],[151.1297123,-33.9389837],[151.1297145,-33.9389806],[151.1297163,-33.9389774],[151.129717,-33.9389684],[151.1297163,-33.9389631],[151.1297148,-33.9389578],[151.1297117,-33.9389523],[151.1297081,-33.938947],[151.129705,-33.9389438],[151.1297013,-33.9389405],[151.1296957,-33.9389361],[151.1296902,-33.938933],[151.1296836,-33.938929],[151.1296754,-33.9389244],[151.1296676,-33.9389222],[151.1296579,-33.9389191],[151.1296535,-33.9389165],[151.1296497,-33.9389152],[151.1296449,-33.9389139],[151.1296369,-33.938913],[151.1296327,-33.9389116],[151.1296296,-33.9389116],[151.1296212,-33.9389119],[151.1296157,-33.9389138],[151.1296117,-33.9389154],[151.1296086,-33.9389167],[151.1296039,-33.93892],[151.1296008,-33.9389229],[151.1295986,-33.9389275],[151.1295962,-33.9389316],[151.1295942,-33.9389372],[151.1295911,-33.9389457],[151.12959,-33.9389525],[151.1295922,-33.9389591],[151.129594,-33.9389635]]]}},{"type":"Feature","properties":{"@id":"way/1305260728","golf":"green"},"geometry":{"type":"Polygon","coordinates":[[[151.129733,-33.9390662],[151.1297324,-33.9390556],[151.129731,-33.9390444],[151.1297289,-33.939034],[151.1297249,-33.9390279],[151.1297219,-33.9390224],[151.1297155,-33.9390175],[151.1297079,-33.9390141],[151.1296983,-33.939012],[151.129689,-33.939012],[151.1296785,-33.93901],[151.1296665,-33.9390074],[151.1296554,-33.939004],[151.1296399,-33.9389996],[151.1296283,-33.9389955],[151.1296099,-33.9389899],[151.1295953,-33.9389865],[151.129581,-33.938987],[151.129567,-33.938989],[151.1295573,-33.9389931],[151.1295474,-33.9389989],[151.1295366,-33.9390057],[151.1295305,-33.9390141],[151.1295226,-33.9390219],[151.12952,-33.9390284],[151.1295179,-33.9390355],[151.1295162,-33.9390454],[151.1295141,-33.9390551],[151.1295127,-33.939065],[151.1295109,-33.9390761],[151.1295103,-33.9390834],[151.12951,-33.9390914],[151.12951,-33.9391013],[151.1295124,-33.9391142],[151.129515,-33.9391219],[151.1295205,-33.9391316],[151.1295246,-33.9391364],[151.1295284,-33.939141],[151.1295369,-33.9391473],[151.1295477,-33.9391548],[151.1295562,-33.9391577],[151.1295652,-33.9391623],[151.1295775,-33.9391667],[151.1295877,-33.9391691],[151.1295979,-33.9391696],[151.1296072,-33.9391701],[151.1296189,-33.9391701],[151.1296329,-33.9391682],[151.1296496,-33.9391628],[151.1296592,-33.9391585],[151.1296665,-33.9391551],[151.1296828,-33.9391442],[151.129696,-33.939126],[151.1297073,-33.939112],[151.1297161,-33.9390991],[151.1297231,-33.939088],[151.1297278,-33.9390783],[151.129733,-33.9390662]]]}},{"type":"Feature","properties":{"@id":"way/1305261428","golf":"fairway"},"geometry":{"type":"Polygon","coordinates":[[[151.1292629,-33.9387417],[151.1292388,-33.9387579],[151.1292173,-33.9387768],[151.1292166,-33.938784],[151.1292206,-33.9387957],[151.1292388,-33.938814],[151.1292515,-33.9388352],[151.1292703,-33.9388597],[151.1292937,-33.9388852],[151.1293025,-33.9388986],[151.1293165,-33.938927],[151.1293253,-33.9389487],[151.1293313,-33.9389926],[151.1293367,-33.9390588],[151.129338,-33.9390922],[151.1293413,-33.9391106],[151.1293541,-33.9391334],[151.1293702,-33.9391473],[151.1293829,-33.9391595],[151.1294051,-33.9391751],[151.1294258,-33.9391929],[151.1294527,-33.9392124],[151.1294755,-33.9392218],[151.1294916,-33.9392268],[151.1295197,-33.9392313],[151.1295566,-33.9392329],[151.1295948,-33.9392335],[151.1296357,-33.9392302],[151.1296699,-33.9392274],[151.1296974,-33.9392229],[151.1297376,-33.9392174],[151.1297698,-33.9392051],[151.1297873,-33.9391929],[151.1298,-33.9391745],[151.1298174,-33.9391489],[151.1298241,-33.9391289],[151.1298309,-33.9391083],[151.1298282,-33.9390822],[151.1298208,-33.939056],[151.1298067,-33.9390232],[151.1297906,-33.9389915],[151.1297651,-33.9389576],[151.1297283,-33.938912],[151.1296692,-33.9388524],[151.1296498,-33.9388407],[151.1296351,-33.9388374],[151.1296216,-33.9388391],[151.1296062,-33.9388435],[151.1295727,-33.9388491],[151.1295439,-33.938848],[151.129511,-33.9388374],[151.1294674,-33.9388152],[151.1294319,-33.9387812],[151.1293628,-33.9387106],[151.1293393,-33.9387006],[151.1293212,-33.9387039],[151.1292884,-33.9387245],[151.1292629,-33.9387417]]]}},{"type":"Feature","properties":{"@id":"way/1305261819","golf":"fairway"},"geometry":{"type":"Polygon","coordinates":[[[151.129057,-33.9386664],[151.1292272,-33.9385673],[151.129238,-33.9385539],[151.1292396,-33.9385399],[151.1292388,-33.9385149],[151.1292141,-33.9384843],[151.129104,-33.9383929],[151.1290886,-33.9383743],[151.1290794,-33.9383526],[151.1290716,-33.9383315],[151.129047,-33.9383015],[151.1290139,-33.9382478],[151.1289238,-33.938143],[151.1288121,-33.9380286],[151.1287481,-33.9379788],[151.128695,-33.9379347],[151.1286365,-33.9378983],[151.1285833,-33.937865],[151.1285502,-33.9378427],[151.1285086,-33.9378324],[151.1284647,-33.9378267],[151.1284177,-33.9378222],[151.1283638,-33.9378241],[151.1283091,-33.9378273],[151.1282228,-33.9378375],[151.1279209,-33.9378791],[151.1278146,-33.9378887],[151.1277376,-33.9379015],[151.1277121,-33.9379059],[151.1276967,-33.9379174],[151.1276898,-33.937936],[151.1276844,-33.9379602],[151.1276821,-33.9379769],[151.1276613,-33.937982],[151.1276297,-33.9379909],[151.1276074,-33.9379979],[151.1275719,-33.9379992],[151.1275319,-33.938005],[151.1275072,-33.9380107],[151.1275096,-33.9380229],[151.1275142,-33.9380427],[151.1275257,-33.9381072],[151.1275342,-33.9381111],[151.1275481,-33.9381136],[151.1277021,-33.9380912],[151.1278777,-33.9380682],[151.1280911,-33.9380465],[151.1282529,-33.938028],[151.1282929,-33.9380273],[151.1283445,-33.9380376],[151.1283969,-33.9380612],[151.1284416,-33.9380932],[151.1285664,-33.9381865],[151.1287089,-33.9383168],[151.1288167,-33.9384306],[151.1288945,-33.9385213],[151.1289446,-33.9385827],[151.1289877,-33.9386306],[151.1290085,-33.9386555],[151.1290239,-33.9386664],[151.1290385,-33.9386696],[151.129057,-33.9386664]]]}},{"type":"Feature","properties":{"@id":"way/1305261864","golf":"tee"},"geometry":{"type":"Polygon","coordinates":[[[151.129472,-33.9393542],[151.1294772,-33.9393832],[151.1294895,-33.9393978],[151.1295169,-33.9393992],[151.1298222,-33.9393387],[151.1299395,-33.939314],[151.129946,-33.9393111],[151.1299501,-33.9393024],[151.1299337,-33.9392394],[151.1299267,-33.9392389],[151.129887,-33.9392443],[151.1295035,-33.9393256],[151.1294901,-33.93933],[151.1294825,-33.9393372],[151.1294737,-33.9393464],[151.129472,-33.9393542]]]}},{"type":"Feature","properties":{"@id":"way/1305273366","golf":"bunker"},"geometry":{"type":"Polygon","coordinates":[[[151.1275391,-33.9386826],[151.1275449,-33.9386795],[151.1275504,-33.9386756],[151.1275539,-33.9386711],[151.1275564,-33.9386663],[151.1275584,-33.9386613],[151.1275586,-33.9386556],[151.1275586,-33.9386472],[151.1275577,-33.9386402],[151.1275537,-33.9386323],[151.1275495,-33.9386241],[151.1275438,-33.9386162],[151.1275385,-33.9386103],[151.1275332,-33.9386035],[151.1275281,-33.9385984],[151.1275194,-33.9385914],[151.127509,-33.9385852],[151.1275009,-33.9385802],[151.127494,-33.9385775],[151.1274849,-33.9385756],[151.1274761,-33.9385745],[151.1274672,-33.9385751],[151.1274608,-33.9385762],[151.1274566,-33.9385778],[151.1274533,-33.9385795],[151.1274489,-33.9385822],[151.1274458,-33.9385852],[151.1274418,-33.9385894],[151.1274387,-33.9385931],[151.1274372,-33.9385967],[151.1274374,-33.9386021],[151.1274391,-33.9386079],[151.1274429,-33.9386131],[151.1274473,-33.9386175],[151.1274564,-33.9386233],[151.127463,-33.9386292],[151.1274659,-33.9386327],[151.127467,-33.9386356],[151.1274672,-33.9386382],[151.1274681,-33.9386413],[151.1274679,-33.9386481],[151.127471,-33.9386588],[151.1274754,-33.938669],[151.1274779,-33.9386731],[151.1274796,-33.938676],[151.1274847,-33.9386795],[151.1274898,-33.9386832],[151.1274942,-33.9386857],[151.1274998,-33.9386878],[151.1275066,-33.9386892],[151.1275132,-33.9386892],[151.127521,-33.9386883],[151.1275318,-33.9386859],[151.1275391,-33.9386826]]]}},{"type":"Feature","properties":{"@id":"way/1305273526","golf":"green"},"geometry":{"type":"Polygon","coordinates":[[[151.1273802,-33.9387351],[151.1274006,-33.9387277],[151.1274102,-33.9387229],[151.1274191,-33.9387165],[151.1274271,-33.9387089],[151.1274329,-33.9387009],[151.1274368,-33.9386922],[151.1274383,-33.9386852],[151.1274402,-33.9386769],[151.1274398,-33.9386654],[151.1274375,-33.9386529],[151.1274356,-33.9386446],[151.1274306,-33.9386303],[151.1274252,-33.938622],[151.1274194,-33.9386136],[151.1274113,-33.938606],[151.1273932,-33.9385932],[151.1273778,-33.9385833],[151.1273659,-33.9385785],[151.1273478,-33.9385759],[151.1273343,-33.9385766],[151.1273235,-33.9385769],[151.1273097,-33.9385801],[151.1273008,-33.9385846],[151.1272927,-33.9385878],[151.1272893,-33.9385913],[151.1272812,-33.9385983],[151.1272696,-33.9386098],[151.1272565,-33.9386248],[151.1272511,-33.9386351],[151.1272484,-33.9386414],[151.1272419,-33.9386542],[151.1272369,-33.9386645],[151.127233,-33.9386769],[151.1272323,-33.9386833],[151.1272319,-33.9386948],[151.1272342,-33.9387012],[151.1272365,-33.9387092],[151.127238,-33.9387153],[151.1272419,-33.9387242],[151.1272511,-33.9387331],[151.1272581,-33.9387386],[151.1272638,-33.9387434],[151.1272731,-33.9387466],[151.1272796,-33.9387494],[151.1272931,-33.938753],[151.1273004,-33.9387549],[151.1273131,-33.9387555],[151.1273301,-33.938751],[151.127352,-33.9387446],[151.1273802,-33.9387351]]]}},{"type":"Feature","properties":{"@id":"way/1305274197","golf":"fairway"},"geometry":{"type":"Polygon","coordinates":[[[151.1285113,-33.9394169],[151.1284255,-33.9394205],[151.1283323,-33.9394199],[151.1282532,-33.9394133],[151.1281734,-33.9394043],[151.1281097,-33.939396],[151.12805,-33.9393788],[151.127991,-33.9393548],[151.1279528,-33.9393387],[151.1279193,-33.9393192],[151.1278891,-33.9392909],[151.1278717,-33.939263],[151.1278737,-33.9392491],[151.127879,-33.939238],[151.1278857,-33.9392347],[151.1278938,-33.9392274],[151.1279018,-33.9392197],[151.1279099,-33.9392113],[151.1279139,-33.939198],[151.1279126,-33.9391879],[151.1279005,-33.9391768],[151.1278817,-33.939164],[151.1278475,-33.9391373],[151.1278153,-33.9391028],[151.1277791,-33.9390567],[151.1277436,-33.939011],[151.127704,-33.9389532],[151.1276638,-33.9388953],[151.1276477,-33.9388803],[151.127637,-33.938872],[151.1276236,-33.9388658],[151.1276095,-33.9388631],[151.1275954,-33.9388653],[151.127584,-33.9388686],[151.1275518,-33.9388792],[151.1275062,-33.9388953],[151.1274827,-33.9389026],[151.1274599,-33.9389037],[151.1274385,-33.9388998],[151.127419,-33.9388942],[151.1274063,-33.9388836],[151.1273989,-33.9388736],[151.1273962,-33.9388625],[151.1273969,-33.9388508],[151.1274009,-33.9388436],[151.1274164,-33.9388313],[151.1274412,-33.9388186],[151.1274754,-33.9388058],[151.1275075,-33.9387941],[151.127535,-33.9387846],[151.1275552,-33.938774],[151.127586,-33.9387579],[151.1276061,-33.9387435],[151.1276155,-33.938724],[151.1276289,-33.9387006],[151.1276396,-33.9386695],[151.1276417,-33.93864],[151.1276383,-33.9386177],[151.1276363,-33.9386016],[151.1276256,-33.9385721],[151.1276054,-33.9385454],[151.127588,-33.9385287],[151.1275578,-33.9385131],[151.1275223,-33.9384976],[151.1274854,-33.9384837],[151.1274586,-33.938477],[151.1274123,-33.9384731],[151.1273801,-33.9384709],[151.1273278,-33.9384709],[151.1273044,-33.9384731],[151.1272796,-33.938482],[151.1272621,-33.9384992],[151.1272527,-33.9385142],[151.127246,-33.9385259],[151.1272353,-33.938541],[151.1272199,-33.9385582],[151.1272038,-33.9385766],[151.1271884,-33.9385988],[151.1271723,-33.9386227],[151.1271649,-33.9386439],[151.1271629,-33.9386695],[151.1271602,-33.9386973],[151.1271595,-33.938724],[151.1271662,-33.9387462],[151.1271857,-33.9387813],[151.1272273,-33.9388302],[151.1272648,-33.9388753],[151.1272889,-33.9389092],[151.1273761,-33.9390266],[151.1274197,-33.9390817],[151.1274693,-33.9391357],[151.127523,-33.9391846],[151.1275753,-33.9392347],[151.1276705,-33.9393076],[151.1277007,-33.9393337],[151.1277215,-33.9393548],[151.1277248,-33.9393687],[151.1277322,-33.9393821],[151.1277409,-33.9393993],[151.1277489,-33.9394138],[151.127761,-33.9394305],[151.1277865,-33.9394516],[151.127816,-33.9394744],[151.1278603,-33.939505],[151.1279099,-33.9395262],[151.1279595,-33.9395401],[151.1280339,-33.9395596],[151.128099,-33.939574],[151.1281747,-33.9395879],[151.1282237,-33.9395946],[151.1282512,-33.9395935],[151.12828,-33.9395913],[151.1283229,-33.939584],[151.1283591,-33.9395751],[151.1283813,-33.9395696],[151.1284034,-33.9395751],[151.1284155,-33.9395829],[151.1284289,-33.9395941],[151.128441,-33.9396052],[151.1284631,-33.9396202],[151.1284752,-33.939628],[151.1284959,-33.9396297],[151.1285214,-33.9396269],[151.1286448,-33.9396063],[151.128852,-33.9395712],[151.1290926,-33.9395263],[151.12912,-33.9395167],[151.1291359,-33.9395072],[151.1291421,-33.9394896],[151.1291377,-33.9394639],[151.1291227,-33.9394265],[151.1291103,-33.9393927],[151.1290935,-33.9393692],[151.1290705,-33.9393626],[151.1290289,-33.9393611],[151.1289678,-33.9393641],[151.1288776,-33.9393795],[151.1287838,-33.9393912],[151.1286732,-33.9394066],[151.1285891,-33.939414],[151.1285113,-33.9394169]]]}},{"type":"Feature","properties":{"@id":"way/1305274269","golf":"tee"},"geometry":{"type":"Polygon","coordinates":[[[151.1277186,-33.93853],[151.1277795,-33.9385626],[151.1278041,-33.9385632],[151.1278295,-33.9385517],[151.1278395,-33.9385434],[151.1278372,-33.9385339],[151.1278264,-33.9385211],[151.1277702,-33.9384904],[151.127754,-33.9384968],[151.1277325,-33.9385121],[151.1277186,-33.93853]]]}},{"type":"Feature","properties":{"@id":"way/1305274562","golf":"bunker"},"geometry":{"type":"Polygon","coordinates":[[[151.125108,-33.9392303],[151.125124,-33.9392327],[151.1251321,-33.9392344],[151.125141,-33.9392336],[151.1251522,-33.9392321],[151.1251624,-33.9392291],[151.1251685,-33.9392268],[151.1251733,-33.9392218],[151.1251776,-33.9392188],[151.1251817,-33.9392129],[151.1251837,-33.9392083],[151.1251858,-33.9392026],[151.1251863,-33.9391965],[151.1251853,-33.9391912],[151.1251802,-33.9391853],[151.1251769,-33.9391813],[151.125171,-33.9391769],[151.1251629,-33.9391731],[151.1251479,-33.939171],[151.1251431,-33.9391699],[151.1251367,-33.9391703],[151.1251316,-33.9391705],[151.1251217,-33.9391735],[151.1251034,-33.9391781],[151.1250925,-33.9391815],[151.1250859,-33.939183],[151.1250785,-33.939184],[151.1250656,-33.9391882],[151.1250503,-33.9391933],[151.1250458,-33.9391952],[151.1250379,-33.9391986],[151.125029,-33.939203],[151.1250231,-33.9392078],[151.1250209,-33.9392112],[151.1250173,-33.9392186],[151.1250173,-33.9392224],[151.1250168,-33.9392279],[151.1250186,-33.9392355],[151.1250219,-33.9392418],[151.1250247,-33.9392449],[151.12503,-33.9392496],[151.1250348,-33.9392525],[151.1250404,-33.9392551],[151.1250458,-33.9392572],[151.1250506,-33.9392584],[151.1250587,-33.9392593],[151.1250674,-33.9392572],[151.1250724,-33.9392553],[151.1250775,-33.9392517],[151.1250897,-33.939242],[151.1250963,-33.939235],[151.1250999,-33.9392319],[151.1251014,-33.93923],[151.1251052,-33.9392296],[151.125108,-33.9392303]]]}},{"type":"Feature","properties":{"@id":"way/1305274998","golf":"bunker"},"geometry":{"type":"Polygon","coordinates":[[[151.1250003,-33.9394503],[151.125004,-33.9394475],[151.1250077,-33.9394422],[151.1250077,-33.9394369],[151.1250037,-33.9394308],[151.1250014,-33.9394252],[151.124997,-33.9394197],[151.1249943,-33.9394169],[151.1249879,-33.9394099],[151.1249849,-33.939406],[151.1249796,-33.9394008],[151.1249782,-33.9393963],[151.1249735,-33.9393896],[151.1249692,-33.939383],[151.1249655,-33.9393785],[151.1249604,-33.9393746],[151.1249544,-33.9393723],[151.1249491,-33.9393706],[151.1249453,-33.9393712],[151.1249389,-33.9393727],[151.1249331,-33.9393759],[151.124927,-33.9393797],[151.1249242,-33.9393843],[151.1249222,-33.9393909],[151.1249209,-33.9393978],[151.1249212,-33.939405],[151.1249214,-33.9394121],[151.1249245,-33.9394161],[151.1249257,-33.9394204],[151.124928,-33.9394256],[151.1249314,-33.9394325],[151.1249352,-33.9394387],[151.1249376,-33.9394428],[151.1249402,-33.939447],[151.1249447,-33.9394516],[151.1249495,-33.939456],[151.1249544,-33.939458],[151.1249608,-33.9394598],[151.1249672,-33.9394606],[151.1249734,-33.9394606],[151.1249783,-33.9394595],[151.1249818,-33.9394593],[151.1249883,-33.9394578],[151.1249964,-33.9394538],[151.1250003,-33.9394503]]]}},{"type":"Feature","properties":{"@id":"way/1305275130","golf":"green"},"geometry":{"type":"Polygon","coordinates":[[[151.1251187,-33.9393673],[151.1251408,-33.9393541],[151.12516,-33.9393429],[151.1251777,-33.9393324],[151.1251899,-33.9393256],[151.125203,-33.9393166],[151.1252134,-33.9393088],[151.1252218,-33.9393031],[151.1252246,-33.9392977],[151.125228,-33.9392915],[151.1252295,-33.9392856],[151.1252304,-33.9392777],[151.1252304,-33.939273],[151.1252275,-33.9392645],[151.1252249,-33.939259],[151.1252191,-33.939252],[151.1252142,-33.9392484],[151.1252103,-33.9392451],[151.125203,-33.9392431],[151.1251941,-33.9392403],[151.1251861,-33.9392383],[151.1251733,-33.9392392],[151.1251609,-33.9392394],[151.125145,-33.939241],[151.1251297,-33.9392436],[151.1251187,-33.9392462],[151.1251065,-33.9392508],[151.1250941,-33.9392561],[151.1250826,-33.9392596],[151.1250729,-33.9392627],[151.1250623,-33.9392649],[151.1250479,-33.9392671],[151.1250382,-33.9392686],[151.1250302,-33.9392704],[151.1250205,-33.9392754],[151.1250125,-33.9392821],[151.1250061,-33.9392902],[151.1250003,-33.9392974],[151.124997,-33.9393051],[151.1249946,-33.9393126],[151.1249941,-33.9393216],[151.1249935,-33.9393282],[151.1249946,-33.9393352],[151.1249968,-33.9393434],[151.1249999,-33.9393521],[151.1250043,-33.9393579],[151.1250107,-33.9393658],[151.1250165,-33.9393715],[151.1250218,-33.9393759],[151.1250311,-33.9393812],[151.1250391,-33.9393845],[151.1250501,-33.9393862],[151.1250596,-33.9393862],[151.1250716,-33.9393849],[151.1250809,-33.9393834],[151.1250937,-33.9393792],[151.1251083,-33.9393726],[151.1251187,-33.9393673]]]}},{"type":"Feature","properties":{"@id":"way/1305275393","golf":"fairway"},"geometry":{"type":"Polygon","coordinates":[[[151.1252407,-33.939287],[151.1252478,-33.9392646],[151.1252524,-33.9392499],[151.1252509,-33.9392326],[151.1252544,-33.9392187],[151.1252641,-33.9392086],[151.1252834,-33.9391959],[151.1253007,-33.9391925],[151.125319,-33.9391904],[151.1253378,-33.9391778],[151.1253845,-33.9391289],[151.1254308,-33.9390589],[151.1254653,-33.9390015],[151.1254852,-33.9389729],[151.1255223,-33.938929],[151.1255558,-33.9388928],[151.1255716,-33.9388789],[151.1255736,-33.9388704],[151.1255741,-33.9388578],[151.125569,-33.9388468],[151.1255268,-33.9388021],[151.1255177,-33.9387941],[151.1255065,-33.9387899],[151.1254933,-33.9387899],[151.125475,-33.9387992],[151.1254511,-33.9388144],[151.1253576,-33.9388987],[151.1253109,-33.9389257],[151.1252926,-33.9389328],[151.1252326,-33.9389488],[151.1251914,-33.9389611],[151.125162,-33.938967],[151.1251091,-33.9389754],[151.1250837,-33.9389834],[151.1250674,-33.9389914],[151.1250471,-33.9390104],[151.1249109,-33.9391377],[151.1248789,-33.9391812],[151.1248748,-33.9391909],[151.1248789,-33.9391989],[151.1248835,-33.9392094],[151.1248916,-33.9392212],[151.1248992,-33.9392309],[151.1249109,-33.9392524],[151.1249124,-33.9392688],[151.1249175,-33.9392849],[151.1249226,-33.9393043],[151.1249246,-33.9393237],[151.1249251,-33.9393308],[151.1249373,-33.9393371],[151.1249612,-33.9393397],[151.1249724,-33.9393409],[151.125008,-33.9393338],[151.1250441,-33.9392853],[151.1250344,-33.9392651],[151.1250197,-33.9392562],[151.1250095,-33.9392499],[151.1250029,-33.9392414],[151.1250009,-33.9392296],[151.1250044,-33.939217],[151.125009,-33.939206],[151.1250222,-33.9391896],[151.1250354,-33.9391824],[151.1250542,-33.9391702],[151.1250756,-33.9391622],[151.1250949,-33.9391546],[151.1251147,-33.9391512],[151.1251386,-33.93915],[151.125166,-33.9391537],[151.1251772,-33.9391597],[151.1251874,-33.9391643],[151.125198,-33.9391719],[151.1252077,-33.9391862],[151.1252077,-33.9392018],[151.1252001,-33.9392136],[151.1251899,-33.9392292],[151.1251615,-33.9392524],[151.1251523,-33.9392988],[151.1252407,-33.939287]]]}},{"type":"Feature","properties":{"@id":"way/1305275489","golf":"green"},"geometry":{"type":"Polygon","coordinates":[[[151.1286271,-33.9390898],[151.1286348,-33.9391012],[151.1286401,-33.939109],[151.1286495,-33.939119],[151.1286636,-33.9391296],[151.1286747,-33.9391354],[151.1286911,-33.9391404],[151.1287045,-33.9391429],[151.1287199,-33.9391424],[151.128736,-33.939139],[151.1287481,-33.9391352],[151.1287595,-33.9391274],[151.1287675,-33.939119],[151.1287736,-33.9391123],[151.1287793,-33.9391054],[151.1287809,-33.9390945],[151.1287823,-33.9390826],[151.1287796,-33.9390698],[151.1287736,-33.9390614],[151.1287652,-33.9390509],[151.1287397,-33.9390356],[151.1287186,-33.9390197],[151.1286988,-33.9390075],[151.1286817,-33.9389958],[151.1286676,-33.9389869],[151.1286552,-33.9389791],[151.1286445,-33.9389747],[151.1286291,-33.9389722],[151.128619,-33.9389722],[151.1286123,-33.9389735],[151.1286029,-33.938978],[151.1285982,-33.9389824],[151.1285915,-33.9389897],[151.1285895,-33.9389975],[151.1285865,-33.9390053],[151.1285865,-33.939013],[151.1285885,-33.9390247],[151.1285942,-33.9390422],[151.1286053,-33.9390628],[151.1286271,-33.9390898]]]}},{"type":"Feature","properties":{"@id":"way/1305276280","golf":"cartpath"},"geometry":{"type":"LineString","coordinates":[[151.1243885,-33.9395924],[151.124421,-33.9395878],[151.1244469,-33.9395827],[151.1244698,-33.9395752],[151.1244881,-33.9395671],[151.124513,-33.9395532],[151.1245221,-33.9395482],[151.1245353,-33.9395444],[151.1245501,-33.9395444],[151.1245719,-33.9395503],[151.12458,-33.9395553],[151.12458,-33.9395478],[151.1245851,-33.9395372],[151.1245907,-33.9395296],[151.1245973,-33.9395208],[151.1246075,-33.9395123],[151.1246161,-33.9395077],[151.1246288,-33.9395047],[151.124641,-33.9395031],[151.1246588,-33.9395018],[151.1246715,-33.9395039],[151.1246842,-33.9395077],[151.1246959,-33.9395161],[151.1247056,-33.9395258],[151.1247096,-33.9395334],[151.1247142,-33.9395418],[151.1247173,-33.9395545],[151.1247178,-33.9395604],[151.1247411,-33.9395612],[151.1247869,-33.9395604],[151.1248163,-33.9395596],[151.1248291,-33.9395583],[151.1248377,-33.9395537],[151.1248489,-33.9395469],[151.1248661,-33.9395372],[151.1248829,-33.9395296],[151.1249104,-33.9395187],[151.1249251,-33.939514],[151.124955,-33.9395079],[151.124989,-33.939502],[151.1250292,-33.9394931],[151.1250825,-33.9394813],[151.1251196,-33.9394708],[151.1251476,-33.9394552],[151.1251974,-33.9394371],[151.12524,-33.9394202],[151.1252792,-33.9394067],[151.1253076,-33.9393945],[151.1253315,-33.9393839],[151.1253503,-33.9393662],[151.1253707,-33.9393485]]}},{"type":"Feature","properties":{"@id":"way/1305276281","golf":"cartpath"},"geometry":{"type":"LineString","coordinates":[[151.124641,-33.9395031],[151.1246416,-33.9394737],[151.1246413,-33.9394618],[151.124643,-33.9394478],[151.1246521,-33.9394401],[151.1246719,-33.939443],[151.1247008,-33.9394505],[151.1247128,-33.9394263],[151.12469,-33.9394202],[151.1246632,-33.9394139],[151.1246585,-33.9394137],[151.1246547,-33.9394246],[151.1246398,-33.9394309],[151.1246042,-33.9394381],[151.1245385,-33.939425],[151.1244872,-33.9394076],[151.1244837,-33.9394175],[151.124554,-33.9394459],[151.1246042,-33.9394381]]}},{"type":"Feature","properties":{"@id":"way/1305276282","golf":"cartpath"},"geometry":{"type":"LineString","coordinates":[[151.1246042,-33.9394381],[151.124643,-33.9394478]]}},{"type":"Feature","properties":{"@id":"way/1305276400","golf":"cartpath"},"geometry":{"type":"LineString","coordinates":[[151.1244872,-33.9394076],[151.1244188,-33.9393859],[151.1243946,-33.9393739],[151.1243852,-33.9393678],[151.1243702,-33.9393364],[151.1243604,-33.9393085],[151.1243584,-33.9392988],[151.1243514,-33.9392974],[151.1243376,-33.939313],[151.1243232,-33.9393294],[151.1243179,-33.9393339],[151.1243497,-33.9393567],[151.1243641,-33.9393667],[151.1243688,-33.939377],[151.1243946,-33.9393739]]}},{"type":"Feature","properties":{"@id":"way/1305276448","golf":"cartpath"},"geometry":{"type":"LineString","coordinates":[[151.1243179,-33.9393339],[151.1242196,-33.9392607]]}},{"type":"Feature","properties":{"@id":"way/1305276688","golf":"cartpath"},"geometry":{"type":"LineString","coordinates":[[151.1227165,-33.9388941],[151.1226917,-33.9389055],[151.1226701,-33.9389155],[151.1226316,-33.938953],[151.1226015,-33.9389864],[151.1225878,-33.9390033],[151.1225719,-33.9390073],[151.1225591,-33.9389904],[151.1225538,-33.9389743],[151.1225666,-33.9389673],[151.1226002,-33.9389607],[151.1226316,-33.938953]]}},{"type":"Feature","properties":{"@id":"way/1305276847","golf":"cartpath"},"geometry":{"type":"LineString","coordinates":[[151.1226701,-33.9389155],[151.1226976,-33.9388906],[151.1227058,-33.9388832],[151.1227366,-33.9388538],[151.1227597,-33.9388209],[151.1227878,-33.9387787],[151.1228182,-33.9387432],[151.1228302,-33.9387215],[151.1228356,-33.9387049],[151.1228375,-33.9386876],[151.1228406,-33.9386668],[151.1228444,-33.9386496],[151.1228529,-33.9386253],[151.1228664,-33.9385972],[151.1228891,-33.9385557],[151.1229003,-33.9385317],[151.1229149,-33.9385064],[151.1229253,-33.9384847],[151.1229326,-33.9384703],[151.1229434,-33.9384582],[151.1229523,-33.9384493]]}},{"type":"Feature","properties":{"@id":"way/1305276927","golf":"cartpath"},"geometry":{"type":"LineString","coordinates":[[151.124139,-33.936765],[151.1241109,-33.9367535],[151.1240762,-33.9367729],[151.1240393,-33.9367886],[151.1240077,-33.9368033],[151.124025,-33.9368062],[151.1240393,-33.9367886]]}},{"type":"Feature","properties":{"@id":"way/1305277090","golf":"cartpath"},"geometry":{"type":"LineString","coordinates":[[151.1241109,-33.9367535],[151.1241583,-33.936718],[151.1241991,-33.9366822],[151.1242245,-33.936664],[151.1242676,-33.9366391],[151.1243158,-33.9366138],[151.1243601,-33.936578],[151.1243801,-33.9365474],[151.1244109,-33.9364898],[151.1244333,-33.9364493],[151.1244529,-33.936409],[151.1244722,-33.9363678],[151.1244937,-33.9363317],[151.1245087,-33.9363141],[151.1245265,-33.9362981],[151.1245519,-33.9362742],[151.1245788,-33.9362553],[151.1246093,-33.9362381],[151.1246416,-33.9362266],[151.1246882,-33.9362221],[151.1247186,-33.9362198],[151.1247348,-33.9362096],[151.1247491,-33.9361952],[151.1247729,-33.9361754],[151.1248034,-33.9361473],[151.1248411,-33.9361147],[151.1248785,-33.9360812],[151.1249389,-33.9360233],[151.1249674,-33.9359959],[151.1249825,-33.9359786],[151.1249913,-33.9359594],[151.1249929,-33.9359435],[151.1249952,-33.9359118],[151.1249917,-33.9358901],[151.1249801,-33.9358601],[151.1249732,-33.935845],[151.1249624,-33.9358233],[151.124959,-33.9358051],[151.1249578,-33.9357856],[151.1249636,-33.9357664],[151.1249755,-33.9357527],[151.1249898,-33.9357447]]}},{"type":"Feature","properties":{"@id":"way/1305277170","golf":"cartpath"},"geometry":{"type":"LineString","coordinates":[[151.1238169,-33.9389191],[151.1238595,-33.9389148],[151.123895,-33.9389101],[151.1239453,-33.9389062],[151.1239791,-33.938902],[151.1240097,-33.9388934],[151.1240378,-33.9388834],[151.1240626,-33.9388731],[151.1240982,-33.9388506],[151.1241183,-33.9388375]]}},{"type":"Feature","properties":{"@id":"way/1305277395","golf":"cartpath"},"geometry":{"type":"LineString","coordinates":[[151.1256439,-33.9372654],[151.1256451,-33.9373071],[151.1256457,-33.9373512],[151.1256462,-33.9374078],[151.1256466,-33.9374379],[151.1256468,-33.9374558],[151.1256498,-33.9375144],[151.1256498,-33.9375323],[151.1256247,-33.9375357],[151.1255955,-33.9375313],[151.1255826,-33.9375241],[151.1255762,-33.9375134],[151.1255809,-33.9374974],[151.1256001,-33.9374732],[151.1256229,-33.9374543],[151.1256466,-33.9374379]]}},{"type":"Feature","properties":{"@id":"way/1305277593","golf":"cartpath"},"geometry":{"type":"LineString","coordinates":[[151.1260425,-33.9363478],[151.1259958,-33.9363211],[151.1259619,-33.9363008],[151.1259316,-33.9362761],[151.1259076,-33.9362509],[151.1258744,-33.9362107],[151.1258411,-33.9361749],[151.1258049,-33.9361347],[151.1257699,-33.9360998],[151.1257098,-33.936062],[151.1255802,-33.9359773],[151.1255393,-33.9359526],[151.1255066,-33.9359322],[151.1254815,-33.9359192],[151.1254669,-33.9359071],[151.1254582,-33.9358974],[151.1254494,-33.9358828],[151.1254325,-33.935862],[151.1254027,-33.935846],[151.1253834,-33.9358392],[151.1253613,-33.9358402],[151.1253467,-33.9358465],[151.1253286,-33.9358649],[151.125321,-33.9358867],[151.1253099,-33.935909],[151.1253075,-33.9359303],[151.1253052,-33.93594],[151.125311,-33.9359589],[151.1253362,-33.9359773],[151.1253718,-33.9360034],[151.125398,-33.9360267],[151.1254126,-33.9360456],[151.1254301,-33.9360741],[151.1254646,-33.9361177],[151.1255218,-33.93617],[151.1255626,-33.9362039],[151.1255988,-33.9362359],[151.1256292,-33.9362635],[151.1256531,-33.9362868],[151.1256671,-33.9363032]]}},{"type":"Feature","properties":{"@id":"way/1305277727","golf":"bunker"},"geometry":{"type":"Polygon","coordinates":[[[151.1256317,-33.9365646],[151.1256393,-33.9365612],[151.1256436,-33.9365582],[151.1256462,-33.9365546],[151.1256503,-33.9365475],[151.1256528,-33.9365414],[151.125653,-33.9365355],[151.1256543,-33.9365306],[151.1256515,-33.9365243],[151.1256503,-33.9365213],[151.1256457,-33.9365175],[151.1256421,-33.9365148],[151.1256345,-33.9365116],[151.1256294,-33.9365108],[151.1256218,-33.9365109],[151.1256153,-33.9365134],[151.1256111,-33.9365155],[151.1256074,-33.9365173],[151.1256049,-33.9365193],[151.1256021,-33.9365213],[151.125599,-33.9365241],[151.1255943,-33.9365267],[151.1255903,-33.9365289],[151.1255859,-33.93653],[151.1255815,-33.9365303],[151.1255757,-33.9365281],[151.1255726,-33.9365254],[151.1255707,-33.936523],[151.1255693,-33.9365188],[151.1255689,-33.9365147],[151.125568,-33.9365122],[151.1255653,-33.936507],[151.1255598,-33.9365024],[151.1255538,-33.9364978],[151.1255485,-33.9364938],[151.1255459,-33.9364925],[151.1255386,-33.9364909],[151.1255337,-33.9364911],[151.1255288,-33.9364916],[151.1255246,-33.9364925],[151.1255187,-33.9364945],[151.1255145,-33.9364977],[151.1255116,-33.9365013],[151.1255096,-33.9365041],[151.1255072,-33.9365072],[151.1255056,-33.93651],[151.1255041,-33.9365123],[151.1255021,-33.9365153],[151.1255019,-33.9365199],[151.1255021,-33.9365246],[151.1255016,-33.9365294],[151.1255016,-33.9365327],[151.1255034,-33.9365378],[151.1255076,-33.9365421],[151.1255107,-33.936545],[151.1255156,-33.9365487],[151.1255215,-33.9365518],[151.1255271,-33.9365538],[151.1255317,-33.9365558],[151.1255384,-33.9365573],[151.1255452,-33.9365595],[151.1255543,-33.9365612],[151.1255574,-33.9365624],[151.1255625,-33.9365646],[151.1255678,-33.9365678],[151.1255731,-33.9365696],[151.1255804,-33.9365711],[151.1255857,-33.9365724],[151.1255914,-33.9365727],[151.125599,-33.9365731],[151.1256043,-33.9365727],[151.1256125,-33.936572],[151.1256198,-33.9365694],[151.1256286,-33.9365665],[151.1256317,-33.9365646]]]}},{"type":"Feature","properties":{"@id":"way/1305277772","golf":"cartpath"},"geometry":{"type":"Polygon","coordinates":[[[151.1269724,-33.9364595],[151.127008,-33.9364793],[151.1270176,-33.9364907],[151.1270191,-33.9364924],[151.1270318,-33.9364814],[151.1270537,-33.936446],[151.1270354,-33.9364688],[151.12701,-33.9364705],[151.1269724,-33.9364595]]]}},{"type":"Feature","properties":{"@id":"way/1305278083","golf":"cartpath"},"geometry":{"type":"LineString","coordinates":[[151.1270176,-33.9364907],[151.1270336,-33.9365512],[151.1270413,-33.936571],[151.1270627,-33.9365812],[151.1270745,-33.9365818],[151.1270788,-33.9365902],[151.127057,-33.9366013],[151.1270299,-33.9366194],[151.1270252,-33.936613],[151.1270315,-33.936591],[151.1270413,-33.936571],[151.1270299,-33.9366194],[151.1270051,-33.936655],[151.1269491,-33.9367256],[151.1269085,-33.9367751],[151.1268374,-33.9368658],[151.1267848,-33.9369284],[151.1267177,-33.9370113],[151.1266805,-33.9370555],[151.1266366,-33.9371067],[151.1266171,-33.937132],[151.1265957,-33.9371557],[151.1265783,-33.9371765],[151.1265578,-33.9372105],[151.1265481,-33.9372308],[151.1265454,-33.9372522],[151.1265491,-33.9372755],[151.1265608,-33.9373067],[151.1265732,-33.9373373],[151.1265853,-33.9373751],[151.1265819,-33.9374191],[151.1265655,-33.9374611],[151.1265431,-33.9375131]]}},{"type":"Feature","properties":{"@id":"way/1305278229","golf":"cartpath"},"geometry":{"type":"LineString","coordinates":[[151.1243584,-33.9392988],[151.1243917,-33.9392551],[151.1244337,-33.9392103],[151.1244686,-33.9391717],[151.1245023,-33.9391361],[151.1245288,-33.9391126],[151.124566,-33.9390877],[151.124608,-33.9390616],[151.1246518,-33.939033],[151.1247336,-33.9389765],[151.1248066,-33.9389258],[151.1248765,-33.9388766],[151.1249186,-33.9388521],[151.1249694,-33.9388179],[151.1250818,-33.9387467],[151.1251177,-33.9387199],[151.1251349,-33.9386946],[151.1251637,-33.9386601],[151.1251951,-33.9386278],[151.1252278,-33.9385995],[151.1252508,-33.9385834],[151.1252659,-33.9385474],[151.1253052,-33.9385654],[151.1252508,-33.9385834],[151.1252676,-33.9385404],[151.1252636,-33.9385019]]}},{"type":"Feature","properties":{"@id":"way/1305278502","golf":"cartpath"},"geometry":{"type":"LineString","coordinates":[[151.1253052,-33.9385654],[151.1253375,-33.9385738],[151.1253765,-33.9385834],[151.1254247,-33.9385911],[151.1254725,-33.9385878],[151.1255273,-33.9385782],[151.1255751,-33.9385628],[151.1256255,-33.9385456],[151.1256605,-33.9385206],[151.1256994,-33.9384847],[151.1257609,-33.9384197],[151.1258197,-33.938358],[151.1258671,-33.9383052],[151.1258958,-33.9382872],[151.1259414,-33.9382714],[151.1259839,-33.9382545],[151.1260197,-33.9382321],[151.1260507,-33.9381998],[151.1260909,-33.9381584],[151.1261157,-33.9381385],[151.1261555,-33.9381118],[151.1261847,-33.9380971],[151.1262152,-33.9380817],[151.1262484,-33.9380648],[151.126275,-33.938049],[151.1262931,-33.9380306],[151.1263232,-33.9379928],[151.1263418,-33.9379635],[151.1263612,-33.937933],[151.1263732,-33.9379147],[151.1263838,-33.9378952],[151.1264006,-33.9378721],[151.1264179,-33.9378519],[151.1264391,-33.9378266],[151.126459,-33.9378027],[151.1264736,-33.9377847]]}},{"type":"Feature","properties":{"@id":"way/1305278622","golf":"cartpath"},"geometry":{"type":"LineString","coordinates":[[151.1279127,-33.936558],[151.1279339,-33.936573],[151.1279489,-33.9365778],[151.127968,-33.9365741],[151.1279883,-33.9365668],[151.1280078,-33.9365506],[151.1280374,-33.9365205],[151.1280728,-33.936493],[151.1280958,-33.9364728],[151.1281051,-33.9364486],[151.1281051,-33.9364313],[151.1280994,-33.9364181],[151.1280848,-33.9364046],[151.1280711,-33.9363928],[151.1280538,-33.936377],[151.1280476,-33.9363711],[151.1281118,-33.9364277],[151.1281396,-33.9364299],[151.1281564,-33.9364313],[151.1280958,-33.9364728],[151.1281715,-33.9364218],[151.1281971,-33.9364115],[151.1282277,-33.936399],[151.1282896,-33.9363671],[151.1283418,-33.9363385],[151.1283874,-33.9363176],[151.1284214,-33.9362959],[151.1284551,-33.9362765],[151.1284803,-33.9362625],[151.1285006,-33.9362519],[151.1285581,-33.9362276],[151.128594,-33.9362126],[151.1286373,-33.9361964],[151.1286758,-33.9361862]]}},{"type":"Feature","properties":{"@id":"way/1305283056","golf":"cartpath"},"geometry":{"type":"LineString","coordinates":[[151.1290749,-33.9360801],[151.1290987,-33.9360893],[151.1291315,-33.9360973],[151.1291713,-33.9361025],[151.1292215,-33.9361052],[151.1292442,-33.936102],[151.1292683,-33.9360915],[151.1293323,-33.9360581],[151.1293854,-33.9360357],[151.1294213,-33.9360192],[151.1294341,-33.9360126],[151.1294474,-33.9360074],[151.1294597,-33.9360048],[151.1294721,-33.9360045],[151.1294934,-33.936007],[151.1295217,-33.9360045],[151.1295456,-33.9359997],[151.1296203,-33.9359652],[151.1296827,-33.9359325],[151.1297345,-33.9358918],[151.1297725,-33.9358602],[151.1298176,-33.9358279],[151.1298579,-33.9357964],[151.1299105,-33.9357597],[151.1299499,-33.9357373],[151.129988,-33.9357219],[151.1300273,-33.9357061],[151.130072,-33.9356921],[151.130103,-33.9356826],[151.1301402,-33.9356723],[151.1301791,-33.9356584],[151.1302176,-33.9356407]]}},{"type":"Feature","properties":{"@id":"way/1305283153","golf":"cartpath"},"geometry":{"type":"LineString","coordinates":[[151.1288918,-33.9364857],[151.1288725,-33.9364659],[151.1288577,-33.9364558],[151.1288354,-33.9364461],[151.1288191,-33.9364461],[151.1287978,-33.9364482],[151.1287769,-33.9364583],[151.128748,-33.9364773],[151.128721,-33.936498],[151.1286966,-33.9365211],[151.1286763,-33.936546],[151.128655,-33.9365814],[151.1286423,-33.9366017],[151.1286286,-33.9366126],[151.1285991,-33.9366299],[151.1285203,-33.9366738],[151.1284837,-33.9366957],[151.1284598,-33.9367134],[151.1284248,-33.9367484],[151.1283953,-33.9367788],[151.1283795,-33.9367944],[151.1283618,-33.9368175],[151.1283541,-33.9368298]]}},{"type":"Feature","properties":{"@id":"way/1305283600","golf":"cartpath"},"geometry":{"type":"LineString","coordinates":[[151.1284837,-33.9366957],[151.1283917,-33.936705],[151.1283318,-33.9367155],[151.1282769,-33.9367261],[151.1282357,-33.9367395],[151.1281895,-33.936756],[151.1281697,-33.9367682],[151.1281463,-33.9367859],[151.1279705,-33.9369192],[151.1278871,-33.9369816],[151.1278155,-33.9370406],[151.1277458,-33.9370924],[151.1276122,-33.9371789],[151.1275237,-33.9372413],[151.1274338,-33.9373117],[151.1273692,-33.9373652],[151.1273388,-33.9373838]]}},{"type":"Feature","properties":{"@id":"way/1305283862","golf":"cartpath"},"geometry":{"type":"LineString","coordinates":[[151.1267447,-33.9379621],[151.1267511,-33.9379728],[151.1267499,-33.9379859],[151.1267441,-33.9379989],[151.1267289,-33.9380115],[151.1267073,-33.9380207],[151.1266676,-33.9380328],[151.1266034,-33.9380483],[151.1265549,-33.938057],[151.1265141,-33.9380624],[151.1264703,-33.9380687],[151.1264131,-33.9380716],[151.1263862,-33.9380735],[151.1265088,-33.9380677],[151.1265421,-33.9380692],[151.1265841,-33.9380711],[151.1266226,-33.9380754],[151.1266635,-33.9380803],[151.1266997,-33.9380929],[151.1267079,-33.9381326],[151.1267142,-33.9381309],[151.1267651,-33.9381176],[151.1266997,-33.9380929],[151.1267768,-33.9381219],[151.1268597,-33.9381219],[151.1269525,-33.9381224],[151.1270167,-33.9381186],[151.1270856,-33.9381103],[151.127162,-33.9380972],[151.1272368,-33.9380832],[151.1272899,-33.9380696]]}},{"type":"Feature","properties":{"@id":"way/1305284013","golf":"cartpath"},"geometry":{"type":"LineString","coordinates":[[151.1267142,-33.9381309],[151.126653,-33.9381495],[151.1266092,-33.9381592],[151.1265789,-33.9381694],[151.1265614,-33.9381767],[151.1265473,-33.9381878],[151.1265187,-33.9382067],[151.126496,-33.9382285],[151.1264697,-33.9382585],[151.1264481,-33.9382982],[151.1264248,-33.9383331],[151.1264037,-33.9383622],[151.1263314,-33.9384193],[151.126301,-33.9384377],[151.1262706,-33.9384295],[151.1262333,-33.9384193],[151.126214,-33.9384116],[151.1261918,-33.9384053],[151.1261656,-33.9384072],[151.126144,-33.9384111],[151.126123,-33.9384212],[151.1261136,-33.9384261]]}},{"type":"Feature","properties":{"@id":"way/1305284052","golf":"cartpath"},"geometry":{"type":"LineString","coordinates":[[151.1299086,-33.9392224],[151.1296087,-33.9392878],[151.1295029,-33.9392946],[151.1294871,-33.9392864],[151.1294965,-33.9392985],[151.1294895,-33.939313],[151.1294632,-33.9393304],[151.1295064,-33.9393077],[151.1296087,-33.9392878]]}},{"type":"Feature","properties":{"@id":"way/1305284461","golf":"cartpath"},"geometry":{"type":"LineString","coordinates":[[151.1283829,-33.9398771],[151.128349,-33.9398466],[151.1283092,-33.9398172],[151.1282695,-33.9398037],[151.1281866,-33.93978],[151.1280775,-33.9397509],[151.1279887,-33.9397267],[151.1279193,-33.9397059],[151.1278638,-33.9396792],[151.1278259,-33.9396603],[151.1277815,-33.9396395],[151.1277336,-33.9396114],[151.1277074,-33.9395974],[151.1276689,-33.9395683],[151.1276367,-33.9395402],[151.1276076,-33.9395107],[151.1275574,-33.9394564],[151.127513,-33.9394153],[151.1274768,-33.9393819],[151.1274476,-33.9393465],[151.1273962,-33.9392942],[151.1273536,-33.9392472],[151.1273087,-33.9392027],[151.1272585,-33.9391513],[151.1272275,-33.9391184],[151.1271989,-33.9390874],[151.1271592,-33.9390472],[151.1271411,-33.9390235],[151.1271225,-33.9390022],[151.1271085,-33.9389731],[151.1271061,-33.9389353],[151.1271116,-33.9388487],[151.1271161,-33.9387415],[151.1271161,-33.9386483],[151.1271205,-33.9385617],[151.1271267,-33.9385191],[151.1271426,-33.9384743],[151.1271568,-33.9384501],[151.1271638,-33.9384266],[151.1271541,-33.9384097],[151.1270524,-33.938395],[151.1268577,-33.9383818],[151.126633,-33.9383664],[151.1265135,-33.9383488],[151.126471,-33.9383525],[151.1264037,-33.9383622]]}},{"type":"Feature","properties":{"@id":"way/174113617","leisure":"golf_course","name":"Bardwell Valley Golf Course"},"geometry":{"type":"Polygon","coordinates":[[[151.1221547,-33.9390785],[151.1225266,-33.9395507],[151.1226357,-33.939398],[151.1230262,-33.9398582],[151.123432,-33.9396274],[151.1238244,-33.9393886],[151.1240413,-33.9396542],[151.1239625,-33.9397463],[151.1246028,-33.9404906],[151.1247719,-33.940301],[151.1251246,-33.9398083],[151.1260977,-33.9392346],[151.1259179,-33.9390093],[151.12583,-33.9388992],[151.1267418,-33.9385892],[151.1264801,-33.9384351],[151.1265457,-33.9382123],[151.1266651,-33.9381677],[151.1269515,-33.9382618],[151.127053,-33.93844],[151.1270412,-33.938682],[151.1269873,-33.938846],[151.1270768,-33.9390242],[151.1274651,-33.9394346],[151.1278892,-33.939951],[151.1279693,-33.939986],[151.1282985,-33.9398285],[151.1283576,-33.939811],[151.1299878,-33.9393506],[151.1301399,-33.9391091],[151.1299428,-33.9391062],[151.1288655,-33.9378776],[151.1285249,-33.9374892],[151.1284465,-33.9374081],[151.1282398,-33.9371871],[151.1298351,-33.9365191],[151.1304615,-33.9359567],[151.1307059,-33.9358197],[151.1310042,-33.935676],[151.131508,-33.935533],[151.1320925,-33.9353958],[151.1323276,-33.9350968],[151.1308379,-33.9348351],[151.1309336,-33.9346639],[151.1309705,-33.9345389],[151.130895,-33.9344355],[151.1307578,-33.9344512],[151.130243,-33.9345983],[151.1297999,-33.9347295],[151.1296121,-33.9347733],[151.1295714,-33.9352251],[151.1293762,-33.9354926],[151.1289993,-33.9356521],[151.1285916,-33.9355615],[151.12829,-33.9355446],[151.1280577,-33.9355766],[151.1281247,-33.9357069],[151.1279077,-33.9358294],[151.1275804,-33.936014],[151.1274362,-33.9361513],[151.1270965,-33.9362469],[151.126924,-33.9360411],[151.1265842,-33.9361507],[151.1264225,-33.9359543],[151.1259051,-33.9360966],[151.1255609,-33.9357096],[151.1254099,-33.9355008],[151.1252285,-33.9353355],[151.1248894,-33.9353409],[151.1247708,-33.935421],[151.1245345,-33.9355115],[151.1242898,-33.9357244],[151.124034,-33.9358392],[151.1238378,-33.9362034],[151.1237133,-33.9364344],[151.1236357,-33.9367093],[151.1235373,-33.9368068],[151.1238916,-33.9372431],[151.1235326,-33.9377212],[151.1231144,-33.9377863],[151.1226469,-33.937851],[151.1225399,-33.9379821],[151.1227717,-33.9382535],[151.1222803,-33.938546],[151.1224835,-33.9387899],[151.1221547,-33.9390785]]]}},{"type":"Feature","properties":{"@id":"way/282454375","natural":"wood"},"geometry":{"type":"Polygon","coordinates":[[[151.1221042,-33.9390917],[151.1214283,-33.9395546],[151.1218467,-33.9398082],[151.1219272,-33.9401687],[151.1220398,-33.9408229],[151.1219326,-33.94113],[151.1215088,-33.941802],[151.1209884,-33.9423628],[151.1214927,-33.9429724],[151.1210045,-33.943235],[151.1213009,-33.94365],[151.121659,-33.9431638],[151.1218092,-33.9429635],[151.1221257,-33.9427188],[151.1224261,-33.942474],[151.1226138,-33.9422203],[151.1229411,-33.9423405],[151.1231449,-33.9424785],[151.1233434,-33.9424607],[151.1235311,-33.9419533],[151.1237994,-33.9416373],[151.1235365,-33.9412457],[151.1231235,-33.9406182],[151.1229242,-33.9402246],[151.1228177,-33.9399035],[151.1230848,-33.9396919],[151.1232868,-33.9395937],[151.1231235,-33.9393498],[151.1227801,-33.9392119],[151.1224744,-33.9393988],[151.1223027,-33.9393498],[151.1221042,-33.9390917]]]}},{"type":"Feature","properties":{"@id":"way/338791498","natural":"wood"},"geometry":{"type":"Polygon","coordinates":[[[151.1258247,-33.9380805],[151.1257523,-33.9382426],[151.1257186,-33.9383706],[151.1256655,-33.9384947],[151.125721,-33.9385667],[151.1258078,-33.9385167],[151.1258874,-33.9384427],[151.1259791,-33.9381745],[151.1259863,-33.9380865],[151.1259332,-33.9380525],[151.1258247,-33.9380805]]]}},{"type":"Feature","properties":{"@id":"way/338791499","natural":"wood"},"geometry":{"type":"Polygon","coordinates":[[[151.1234014,-33.9384624],[151.1235549,-33.9384511],[151.1236572,-33.9383124],[151.1237766,-33.938236],[151.1239096,-33.9381228],[151.1238414,-33.9380691],[151.1236879,-33.9380776],[151.1236163,-33.9382134],[151.1235242,-33.9382191],[151.123381,-33.9382757],[151.1234014,-33.9384624]]]}},{"type":"Feature","properties":{"@id":"way/338791519","natural":"wood"},"geometry":{"type":"Polygon","coordinates":[[[151.1243599,-33.9373673],[151.1243974,-33.9373928],[151.1245065,-33.9372739],[151.1246225,-33.9369655],[151.1247657,-33.9365467],[151.1247112,-33.9365127],[151.1245713,-33.9366316],[151.124527,-33.9365891],[151.1245202,-33.9364873],[151.1244383,-33.9365212],[151.1243394,-33.9366287],[151.124261,-33.936708],[151.1242405,-33.9368353],[151.1242951,-33.9369315],[151.1243837,-33.9369004],[151.1244666,-33.936801],[151.1244758,-33.93679],[151.1244802,-33.9367829],[151.124527,-33.936708],[151.1245884,-33.9367533],[151.1245304,-33.9369146],[151.1244588,-33.9371155],[151.1243599,-33.9373673]]]}},{"type":"Feature","properties":{"@id":"way/338791528","natural":"wood"},"geometry":{"type":"Polygon","coordinates":[[[151.1237616,-33.938967],[151.1238393,-33.9390205],[151.124003,-33.9389384],[151.1241496,-33.9387856],[151.1243816,-33.9384941],[151.1245658,-33.9381998],[151.1246647,-33.9380725],[151.1248079,-33.9378716],[151.1248864,-33.9377782],[151.1249955,-33.9375179],[151.1250092,-33.9374019],[151.1250808,-33.9372943],[151.1251354,-33.9371698],[151.1250881,-33.9370103],[151.1250785,-33.9367622],[151.1251026,-33.9366441],[151.125269,-33.9365801],[151.125298,-33.9365241],[151.1252763,-33.9362599],[151.1254571,-33.9361359],[151.1253776,-33.9360118],[151.1253173,-33.9360138],[151.125175,-33.9361139],[151.1250369,-33.9363693],[151.1249277,-33.9366381],[151.1248698,-33.9369267],[151.1248595,-33.937204],[151.1248015,-33.9374417],[151.1247708,-33.93762],[151.1246446,-33.9378775],[151.1244775,-33.9379681],[151.1243513,-33.938152],[151.1242032,-33.938469],[151.1240259,-33.9385638],[151.1237888,-33.938793],[151.1237616,-33.938967]]]}},{"type":"Feature","properties":{"@id":"way/338791529","natural":"wood"},"geometry":{"type":"Polygon","coordinates":[[[151.1239403,-33.9379644],[151.1240802,-33.9379785],[151.1241484,-33.9378823],[151.1240461,-33.9378003],[151.1239403,-33.9379644]]]}},{"type":"Feature","properties":{"@id":"way/338791530","natural":"wood"},"geometry":{"type":"Polygon","coordinates":[[[151.1231354,-33.9385982],[151.1229975,-33.9388434],[151.1229205,-33.9389802],[151.1230092,-33.93915],[151.1230389,-33.9391449],[151.1231252,-33.9391302],[151.123439,-33.9386237],[151.1231354,-33.9385982]]]}},{"type":"Feature","properties":{"@id":"way/338791537","golf":"clubhouse"},"geometry":{"type":"Polygon","coordinates":[[[151.124631,-33.9398411],[151.124722,-33.9398374],[151.1247159,-33.9397358],[151.1248938,-33.9397285],[151.1248846,-33.9395734],[151.124702,-33.9395809],[151.1247011,-33.9395645],[151.1246073,-33.9395683],[151.1246083,-33.9395844],[151.1245152,-33.9395882],[151.1245235,-33.939729],[151.1246241,-33.9397249],[151.124631,-33.9398411]]]}},{"type":"Feature","properties":{"@id":"way/689432313","natural":"wood"},"geometry":{"type":"Polygon","coordinates":[[[151.1296121,-33.9347733],[151.1295714,-33.9352251],[151.1293762,-33.9354926],[151.1289993,-33.9356521],[151.1282439,-33.9355511],[151.1280577,-33.9355766],[151.1277182,-33.9359205],[151.1275804,-33.936014],[151.1273642,-33.9361608],[151.1268851,-33.9361993],[151.1265842,-33.9361507],[151.1260175,-33.9359447],[151.1255609,-33.9357096],[151.125364,-33.9355387],[151.1250716,-33.9354669],[151.1248179,-33.9354348],[151.1245345,-33.9355115],[151.1242898,-33.9357244],[151.124034,-33.9358392],[151.1238378,-33.9362034],[151.1237133,-33.9364344],[151.1236357,-33.9367093],[151.1235951,-33.9369561],[151.1236444,-33.9372367],[151.1234296,-33.9374941],[151.1231636,-33.9376276],[151.1226489,-33.9379544],[151.1229224,-33.938128],[151.1237861,-33.9375895],[151.1239524,-33.9371889],[151.1239041,-33.9370242],[151.123963,-33.9369428],[151.1240329,-33.9368462],[151.1240221,-33.9364011],[151.1243118,-33.9361252],[151.1247571,-33.9359027],[151.1252077,-33.9359116],[151.1253776,-33.9360118],[151.1254571,-33.9361359],[151.1255188,-33.9362676],[151.1259855,-33.9364813],[151.1257119,-33.9367483],[151.1255725,-33.936864],[151.1255993,-33.9369441],[151.1257602,-33.937447],[151.1257334,-33.9376562],[151.1255778,-33.9376073],[151.125492,-33.9374381],[151.125256,-33.9378698],[151.1247839,-33.9383282],[151.125036,-33.9384084],[151.1251058,-33.9382971],[151.1257441,-33.9378298],[151.1258514,-33.9375227],[151.1262752,-33.937131],[151.1263288,-33.9368551],[151.1262967,-33.9365347],[151.1264361,-33.9364857],[151.1273266,-33.936548],[151.1275358,-33.9363032],[151.1278255,-33.9360629],[151.1281614,-33.9359968],[151.1283459,-33.9359605],[151.1282332,-33.9362009],[151.1287643,-33.9361163],[151.1291666,-33.9358003],[151.1293758,-33.9356445],[151.1295368,-33.9355822],[151.1295582,-33.9357647],[151.1294402,-33.9361475],[151.129054,-33.9362765],[151.1284371,-33.9365525],[151.1277451,-33.9367572],[151.127509,-33.9369397],[151.1281098,-33.9368729],[151.1283512,-33.9366904],[151.1289896,-33.9366059],[151.1294617,-33.9363299],[151.1298479,-33.9358226],[151.1301,-33.9353908],[151.1306472,-33.9350125],[151.1307491,-33.9345052],[151.1296121,-33.9347733]]]}}]}
