{"type":"FeatureCollection","note":"Extract of OpenStreetMap data for Randwick Golf Course. © OpenStreetMap contributors, ODbL 1.0.","features":[{"type":"Feature","properties":{"@id":"node/13429411211","natural":"tree"},"geometry":{"type":"Point","coordinates":[151.2529456,-33.9692171]}},{"type":"Feature","properties":{"@id":"node/13429411212","natural":"tree"},"geometry":{"type":"Point","coordinates":[151.2532855,-33.9693005]}},{"type":"Feature","properties":{"@id":"node/13429411213","natural":"tree"},"geometry":{"type":"Point","coordinates":[151.2528542,-33.9689531]}},{"type":"Feature","properties":{"@id":"node/13429411214","natural":"tree"},"geometry":{"type":"Point","coordinates":[151.253089,-33.968841]}},{"type":"Feature","properties":{"@id":"node/13429411215","natural":"tree"},"geometry":{"type":"Point","coordinates":[151.2533907,-33.9689908]}},{"type":"Feature","properties":{"@id":"node/13429411216","natural":"tree"},"geometry":{"type":"Point","coordinates":[151.2532821,-33.9689922]}},{"type":"Feature","properties":{"@id":"node/13429411217","natural":"tree"},"geometry":{"type":"Point","coordinates":[151.2534494,-33.9689339]}},{"type":"Feature","properties":{"@id":"node/13429411218","natural":"tree"},"geometry":{"type":"Point","coordinates":[151.2531771,-33.968979]}},{"type":"Feature","properties":{"@id":"node/13429411239","natural":"tree"},"geometry":{"type":"Point","coordinates":[151.2535231,-33.969334]}},{"type":"Feature","properties":{"@id":"node/13429411240","natural":"tree"},"geometry":{"type":"Point","coordinates":[151.2535568,-33.9693093]}},{"type":"Feature","properties":{"@id":"node/13429411241","natural":"tree"},"geometry":{"type":"Point","coordinates":[151.2536461,-33.9693087]}},{"type":"Feature","properties":{"@id":"node/13429411242","natural":"tree"},"geometry":{"type":"Point","coordinates":[151.2537839,-33.9693301]}},{"type":"Feature","properties":{"@id":"node/13429411243","natural":"tree"},"geometry":{"type":"Point","coordinates":[151.2537777,-33.9694802]}},{"type":"Feature","properties":{"@id":"node/13429411244","natural":"tree"},"geometry":{"type":"Point","coordinates":[151.253921,-33.9694828]}},{"type":"Feature","properties":{"@id":"node/13429411245","natural":"tree"},"geometry":{"type":"Point","coordinates":[151.2540111,-33.9695601]}},{"type":"Feature","properties":{"@id":"node/13429411246","natural":"tree"},"geometry":{"type":"Point","coordinates":[151.2536539,-33.9694405]}},{"type":"Feature","properties":{"@id":"node/13429411286","natural":"tree"},"geometry":{"type":"Point","coordinates":[151.2526725,-33.9692481]}},{"type":"Feature","properties":{"@id":"node/13429411287","natural":"tree"},"geometry":{"type":"Point","coordinates":[151.2526538,-33.9692595]}},{"type":"Feature","properties":{"@id":"node/13429411288","natural":"tree"},"geometry":{"type":"Point","coordinates":[151.2526849,-33.9692606]}},{"type":"Feature","properties":{"@id":"node/13429411294","natural":"tree"},"geometry":{"type":"Point","coordinates":[151.2532463,-33.9699991]}},{"type":"Feature","properties":{"@id":"node/13429411310","natural":"tree"},"geometry":{"type":"Point","coordinates":[151.2531931,-33.9697261]}},{"type":"Feature","properties":{"@id":"node/13429411311","natural":"tree"},"geometry":{"type":"Point","coordinates":[151.2532487,-33.9697283]}},{"type":"Feature","properties":{"@id":"node/13429411312","natural":"tree"},"geometry":{"type":"Point","coordinates":[151.2532258,-33.9697584]}},{"type":"Feature","properties":{"@id":"node/13429411335","natural":"tree"},"geometry":{"type":"Point","coordinates":[151.2550132,-33.9697081]}},{"type":"Feature","properties":{"@id":"node/13429411336","natural":"tree"},"geometry":{"type":"Point","coordinates":[151.2549362,-33.9698247]}},{"type":"Feature","properties":{"@id":"node/13429411337","natural":"tree"},"geometry":{"type":"Point","coordinates":[151.2550807,-33.9698181]}},{"type":"Feature","properties":{"@id":"node/13429411338","natural":"tree"},"geometry":{"type":"Point","coordinates":[151.255091,-33.9698556]}},{"type":"Feature","properties":{"@id":"node/13429423761","natural":"tree"},"geometry":{"type":"Point","coordinates":[151.2572327,-33.972405]}},{"type":"Feature","properties":{"@id":"node/13429428671","natural":"tree"},"geometry":{"type":"Point","coordinates":[151.2537374,-33.9698209]}},{"type":"Feature","properties":{"@id":"node/13429428672","natural":"tree"},"geometry":{"type":"Point","coordinates":[151.2538807,-33.9698249]}},{"type":"Feature","properties":{"@id":"node/13429428721","natural":"tree"},"geometry":{"type":"Point","coordinates":[151.2533525,-33.9701551]}},{"type":"Feature","properties":{"@id":"node/13429428722","natural":"tree"},"geometry":{"type":"Point","coordinates":[151.253426,-33.970224]}},{"type":"Feature","properties":{"@id":"node/13429428723","natural":"tree"},"geometry":{"type":"Point","coordinates":[151.2534678,-33.9702321]}},{"type":"Feature","properties":{"@id":"node/13429428724","natural":"tree"},"geometry":{"type":"Point","coordinates":[151.2535413,-33.9702381]}},{"type":"Feature","properties":{"@id":"node/13429428725","natural":"tree"},"geometry":{"type":"Point","coordinates":[151.2535795,-33.9702326]}},{"type":"Feature","properties":{"@id":"node/13429428726","natural":"tree"},"geometry":{"type":"Point","coordinates":[151.2536602,-33.9702457]}},{"type":"Feature","properties":{"@id":"node/13429428727","natural":"tree"},"geometry":{"type":"Point","coordinates":[151.2536499,-33.9703106]}},{"type":"Feature","properties":{"@id":"node/13429428728","natural":"tree"},"geometry":{"type":"Point","coordinates":[151.2537215,-33.970302]}},{"type":"Feature","properties":{"@id":"node/13429428729","natural":"tree"},"geometry":{"type":"Point","coordinates":[151.2536808,-33.9703529]}},{"type":"Feature","properties":{"@id":"node/13429428730","natural":"tree"},"geometry":{"type":"Point","coordinates":[151.2537312,-33.9703463]}},{"type":"Feature","properties":{"@id":"node/13429428731","natural":"tree"},"geometry":{"type":"Point","coordinates":[151.2538605,-33.9704158]}},{"type":"Feature","properties":{"@id":"node/13429428732","natural":"tree"},"geometry":{"type":"Point","coordinates":[151.2533107,-33.9702497]}},{"type":"Feature","properties":{"@id":"node/13429428733","natural":"tree"},"geometry":{"type":"Point","coordinates":[151.2532761,-33.9701918]}},{"type":"Feature","properties":{"@id":"node/13429428734","natural":"tree"},"geometry":{"type":"Point","coordinates":[151.2533701,-33.9703101]}},{"type":"Feature","properties":{"@id":"node/13429428735","natural":"tree"},"geometry":{"type":"Point","coordinates":[151.253814,-33.9699453]}},{"type":"Feature","properties":{"@id":"node/13429428736","natural":"tree"},"geometry":{"type":"Point","coordinates":[151.2538511,-33.9699915]}},{"type":"Feature","properties":{"@id":"node/13429428737","natural":"tree"},"geometry":{"type":"Point","coordinates":[151.2538928,-33.9699592]}},{"type":"Feature","properties":{"@id":"node/13429428738","natural":"tree"},"geometry":{"type":"Point","coordinates":[151.2539781,-33.9700007]}},{"type":"Feature","properties":{"@id":"node/13429428739","natural":"tree"},"geometry":{"type":"Point","coordinates":[151.2540152,-33.9699146]}},{"type":"Feature","properties":{"@id":"node/13429428740","natural":"tree"},"geometry":{"type":"Point","coordinates":[151.2540449,-33.9699784]}},{"type":"Feature","properties":{"@id":"node/13429428741","natural":"tree"},"geometry":{"type":"Point","coordinates":[151.2541312,-33.9699561]}},{"type":"Feature","properties":{"@id":"node/13429428742","natural":"tree"},"geometry":{"type":"Point","coordinates":[151.2541293,-33.9700076]}},{"type":"Feature","properties":{"@id":"node/13429428743","natural":"tree"},"geometry":{"type":"Point","coordinates":[151.254159,-33.97006]}},{"type":"Feature","properties":{"@id":"node/13429428744","natural":"tree"},"geometry":{"type":"Point","coordinates":[151.2543194,-33.9701461]}},{"type":"Feature","properties":{"@id":"node/13429428745","natural":"tree"},"geometry":{"type":"Point","coordinates":[151.2543946,-33.9701307]}},{"type":"Feature","properties":{"@id":"node/13429428746","natural":"tree"},"geometry":{"type":"Point","coordinates":[151.2542091,-33.9700884]}},{"type":"Feature","properties":{"@id":"node/13429428747","natural":"tree"},"geometry":{"type":"Point","coordinates":[151.2545643,-33.970103]}},{"type":"Feature","properties":{"@id":"node/13429428748","natural":"tree"},"geometry":{"type":"Point","coordinates":[151.2547044,-33.9701484]}},{"type":"Feature","properties":{"@id":"node/13429428749","natural":"tree"},"geometry":{"type":"Point","coordinates":[151.2547313,-33.9702576]}},{"type":"Feature","properties":{"@id":"node/13429428750","natural":"tree"},"geometry":{"type":"Point","coordinates":[151.2545142,-33.9702061]}},{"type":"Feature","properties":{"@id":"node/13429428751","natural":"tree"},"geometry":{"type":"Point","coordinates":[151.2545782,-33.9702692]}},{"type":"Feature","properties":{"@id":"node/13429428752","natural":"tree"},"geometry":{"type":"Point","coordinates":[151.2540681,-33.9704295]}},{"type":"Feature","properties":{"@id":"node/13429428753","natural":"tree"},"geometry":{"type":"Point","coordinates":[151.2541396,-33.9704572]}},{"type":"Feature","properties":{"@id":"node/13429428754","natural":"tree"},"geometry":{"type":"Point","coordinates":[151.2552876,-33.9700612]}},{"type":"Feature","properties":{"@id":"node/13429428755","natural":"tree"},"geometry":{"type":"Point","coordinates":[151.2552248,-33.9700872]}},{"type":"Feature","properties":{"@id":"node/13429428756","natural":"tree"},"geometry":{"type":"Point","coordinates":[151.2553464,-33.970136]}},{"type":"Feature","properties":{"@id":"node/13429428757","natural":"tree"},"geometry":{"type":"Point","coordinates":[151.2555807,-33.9700933]}},{"type":"Feature","properties":{"@id":"node/13429428758","natural":"tree"},"geometry":{"type":"Point","coordinates":[151.2556781,-33.9700352]}},{"type":"Feature","properties":{"@id":"node/13429428759","natural":"tree"},"geometry":{"type":"Point","coordinates":[151.2556507,-33.9702522]}},{"type":"Feature","properties":{"@id":"node/13429428774","natural":"tree"},"geometry":{"type":"Point","coordinates":[151.2551891,-33.9703824]}},{"type":"Feature","properties":{"@id":"node/13429438792","natural":"tree"},"geometry":{"type":"Point","coordinates":[151.2542373,-33.971198]}},{"type":"Feature","properties":{"@id":"node/13429438793","natural":"tree"},"geometry":{"type":"Point","coordinates":[151.254834,-33.9712636]}},{"type":"Feature","properties":{"@id":"node/13429446617","natural":"tree"},"geometry":{"type":"Point","coordinates":[151.2555526,-33.9706773]}},{"type":"Feature","properties":{"@id":"node/13429446618","natural":"tree"},"geometry":{"type":"Point","coordinates":[151.2553607,-33.9706379]}},{"type":"Feature","properties":{"@id":"node/13429446619","natural":"tree"},"geometry":{"type":"Point","coordinates":[151.2554364,-33.9706151]}},{"type":"Feature","properties":{"@id":"node/13429446629","natural":"tree"},"geometry":{"type":"Point","coordinates":[151.255038,-33.9709971]}},{"type":"Feature","properties":{"@id":"node/13429446630","natural":"tree"},"geometry":{"type":"Point","coordinates":[151.2551619,-33.9709971]}},{"type":"Feature","properties":{"@id":"node/13429446631","natural":"tree"},"geometry":{"type":"Point","coordinates":[151.2552169,-33.9709838]}},{"type":"Feature","properties":{"@id":"node/13429446632","natural":"tree"},"geometry":{"type":"Point","coordinates":[151.2552093,-33.9710643]}},{"type":"Feature","properties":{"@id":"node/13429446633","natural":"tree"},"geometry":{"type":"Point","coordinates":[151.2552284,-33.971129]}},{"type":"Feature","properties":{"@id":"node/13429446634","natural":"tree"},"geometry":{"type":"Point","coordinates":[151.2551856,-33.9708804]}},{"type":"Feature","properties":{"@id":"node/13429446635","natural":"tree"},"geometry":{"type":"Point","coordinates":[151.2552024,-33.970824]}},{"type":"Feature","properties":{"@id":"node/13429446636","natural":"tree"},"geometry":{"type":"Point","coordinates":[151.2551634,-33.9707511]}},{"type":"Feature","properties":{"@id":"node/13429446713","natural":"tree"},"geometry":{"type":"Point","coordinates":[151.2544461,-33.9711868]}},{"type":"Feature","properties":{"@id":"node/13429446714","natural":"tree"},"geometry":{"type":"Point","coordinates":[151.2560838,-33.9712901]}},{"type":"Feature","properties":{"@id":"node/13429446715","natural":"tree"},"geometry":{"type":"Point","coordinates":[151.2561195,-33.9712633]}},{"type":"Feature","properties":{"@id":"node/13429493426","natural":"tree"},"geometry":{"type":"Point","coordinates":[151.256162,-33.9717532]}},{"type":"Feature","properties":{"@id":"node/13429493603","natural":"tree"},"geometry":{"type":"Point","coordinates":[151.2555852,-33.9729747]}},{"type":"Feature","properties":{"@id":"node/13429493604","natural":"tree"},"geometry":{"type":"Point","coordinates":[151.255587,-33.9729339]}},{"type":"Feature","properties":{"@id":"node/13429493606","natural":"tree"},"geometry":{"type":"Point","coordinates":[151.2524889,-33.9691068]}},{"type":"Feature","properties":{"@id":"node/13429493607","natural":"tree"},"geometry":{"type":"Point","coordinates":[151.2531444,-33.9690657]}},{"type":"Feature","properties":{"@id":"node/13429493608","natural":"tree"},"geometry":{"type":"Point","coordinates":[151.2557385,-33.9726621]}},{"type":"Feature","properties":{"@id":"node/13429493620","natural":"tree"},"geometry":{"type":"Point","coordinates":[151.2554193,-33.9736092]}},{"type":"Feature","properties":{"@id":"node/13429586974","natural":"tree"},"geometry":{"type":"Point","coordinates":[151.2574404,-33.9737643]}},{"type":"Feature","properties":{"@id":"node/13429586975","natural":"tree"},"geometry":{"type":"Point","coordinates":[151.2574383,-33.973747]}},{"type":"Feature","properties":{"@id":"node/13429586978","natural":"tree"},"geometry":{"type":"Point","coordinates":[151.2573151,-33.9735778]}},{"type":"Feature","properties":{"@id":"node/13429592233","natural":"tree"},"geometry":{"type":"Point","coordinates":[151.2550957,-33.9756292]}},{"type":"Feature","properties":{"@id":"node/13429612934","natural":"tree"},"geometry":{"type":"Point","coordinates":[151.2582105,-33.9757393]}},{"type":"Feature","properties":{"@id":"node/13429612935","natural":"tree"},"geometry":{"type":"Point","coordinates":[151.2581337,-33.9758201]}},{"type":"Feature","properties":{"@id":"node/13432105247","natural":"tree"},"geometry":{"type":"Point","coordinates":[151.2515147,-33.976021]}},{"type":"Feature","properties":{"@id":"node/13459379093","natural":"tree"},"geometry":{"type":"Point","coordinates":[151.252909,-33.9687592]}},{"type":"Feature","properties":{"@id":"node/13459379094","natural":"tree"},"geometry":{"type":"Point","coordinates":[151.2529479,-33.9687238]}},{"type":"Feature","properties":{"@id":"node/3977662639","golf":"pin"},"geometry":{"type":"Point","coordinates":[151.252498,-33.9762303]}},{"type":"Feature","properties":{"@id":"node/3977662866","golf":"pin"},"geometry":{"type":"Point","coordinates":[151.2572314,-33.9765737]}},{"type":"Feature","properties":{"@id":"node/3977663218","golf":"pin"},"geometry":{"type":"Point","coordinates":[151.2542624,-33.9771578]}},{"type":"Feature","properties":{"@id":"node/6924204247","golf":"pin"},"geometry":{"type":"Point","coordinates":[151.2554368,-33.9699106]}},{"type":"Feature","properties":{"@id":"node/6924204567","golf":"pin"},"geometry":{"type":"Point","coordinates":[151.2526427,-33.9690655]}},{"type":"Feature","properties":{"@id":"node/6924204607","golf":"pin"},"geometry":{"type":"Point","coordinates":[151.2530135,-33.9697878]}},{"type":"Feature","properties":{"@id":"node/6924204695","golf":"pin"},"geometry":{"type":"Point","coordinates":[151.2553712,-33.9759953]}},{"type":"Feature","properties":{"@id":"node/6924204702","golf":"pin"},"geometry":{"type":"Point","coordinates":[151.2556149,-33.9739336]}},{"type":"Feature","properties":{"@id":"node/6924204717","golf":"pin"},"geometry":{"type":"Point","coordinates":[151.2568652,-33.9728153]}},{"type":"Feature","properties":{"@id":"node/6924204725","golf":"pin"},"geometry":{"type":"Point","coordinates":[151.2570648,-33.9736115]}},{"type":"Feature","properties":{"@id":"node/6924204731","golf":"pin"},"geometry":{"type":"Point","coordinates":[151.2576795,-33.9757051]}},{"type":"Feature","properties":{"@id":"node/6924204741","golf":"pin"},"geometry":{"type":"Point","coordinates":[151.2566282,-33.9751901]}},{"type":"Feature","properties":{"@id":"node/6929033777","golf":"pin"},"geometry":{"type":"Point","coordinates":[151.2551398,-33.9716363]}},{"type":"Feature","properties":{"@id":"node/6929033779","golf":"pin"},"geometry":{"type":"Point","coordinates":[151.2561054,-33.9725638]}},{"type":"Feature","properties":{"@id":"node/6929033788","golf":"pin"},"geometry":{"type":"Point","coordinates":[151.2548723,-33.9711096]}},{"type":"Feature","properties":{"@id":"node/6929033799","golf":"pin"},"geometry":{"type":"Point","coordinates":[151.2532499,-33.9694908]}},{"type":"Feature","properties":{"@id":"node/6929033807","golf":"pin"},"geometry":{"type":"Point","coordinates":[151.2534436,-33.9699468]}},{"type":"Feature","properties":{"@id":"node/6929033836","golf":"pin"},"geometry":{"type":"Point","coordinates":[151.2582398,-33.975193]}},{"type":"Feature","properties":{"@id":"node/6929033848","golf":"pin"},"geometry":{"type":"Point","coordinates":[151.2579076,-33.9763374]}},{"type":"Feature","properties":{"@id":"node/6929033881","golf":"pin"},"geometry":{"type":"Point","coordinates":[151.2563521,-33.9730176]}},{"type":"Feature","properties":{"@id":"node/6929033891","golf":"pin"},"geometry":{"type":"Point","coordinates":[151.2554113,-33.970895]}},{"type":"Feature","properties":{"@id":"relation/5702325","leisure":"golf_course","name":"Randwick Golf Course"},"geometry":{"type":"Polygon","coordinates":[[[151.2548776,-33.976115],[151.257523,-33.9764678],[151.2576893,-33.9764723],[151.2577698,-33.9764367],[151.2578899,-33.9764742],[151.2579729,-33.9764271],[151.2580501,-33.9763685],[151.2580923,-33.9763408],[151.258205,-33.9763009],[151.2583219,-33.9762545],[151.2584673,-33.9761575],[151.2585343,-33.976098],[151.2585901,-33.9760003],[151.2586474,-33.9756308],[151.2586358,-33.9752561],[151.2585151,-33.9749019],[151.2584457,-33.9746691],[151.2583632,-33.9745611],[151.2580101,-33.9742332],[151.2578986,-33.9740656],[151.2574466,-33.9734834],[151.2573273,-33.9734954],[151.2571636,-33.973296],[151.2571475,-33.9731937],[151.2573986,-33.9729692],[151.2574361,-33.972769],[151.257409,-33.9724029],[151.2571718,-33.9718808],[151.2563537,-33.9706117],[151.2561318,-33.9702966],[151.2554951,-33.96961],[151.2553252,-33.9694254],[151.2551994,-33.9693177],[151.2550924,-33.9692421],[151.2550511,-33.9692221],[151.2547696,-33.9691273],[151.2545475,-33.9690259],[151.2542715,-33.96878],[151.2542335,-33.9687362],[151.2540751,-33.9688209],[151.2540632,-33.9688263],[151.2539634,-33.9686837],[151.2538932,-33.9686755],[151.2538263,-33.9687045],[151.2535551,-33.9683292],[151.2529688,-33.968676],[151.2527624,-33.9687985],[151.2526298,-33.9688772],[151.2523796,-33.9690257],[151.2522692,-33.9690912],[151.2522662,-33.9691185],[151.2523742,-33.9692451],[151.2524627,-33.9693499],[151.2533542,-33.9704054],[151.255328,-33.9726941],[151.2553512,-33.972721],[151.2555212,-33.9729239],[151.2552312,-33.9743969],[151.255208,-33.9745146],[151.2551827,-33.9746457],[151.2551797,-33.9746614],[151.2551701,-33.974711],[151.2551492,-33.9748714],[151.255113,-33.9751444],[151.2551098,-33.9751683],[151.2550854,-33.9753163],[151.2550826,-33.9753331],[151.2550782,-33.9753641],[151.2550744,-33.9753905],[151.2550703,-33.9754117],[151.2550654,-33.975435],[151.2550574,-33.9754659],[151.2550223,-33.9755902],[151.2550083,-33.9756253],[151.2549609,-33.975744],[151.2549421,-33.9758279],[151.2548776,-33.976115]]]}},{"type":"Feature","properties":{"@id":"way/1464016733","natural":"scrub"},"geometry":{"type":"Polygon","coordinates":[[[151.2538536,-33.9708624],[151.2538519,-33.9708733],[151.2538531,-33.9708869],[151.2538644,-33.9709016],[151.2538832,-33.9709148],[151.2538997,-33.9709265],[151.2539218,-33.970943],[151.253948,-33.9709638],[151.2539662,-33.970976],[151.2539781,-33.9709737],[151.2539849,-33.9709652],[151.25399,-33.9709586],[151.2539895,-33.9709459],[151.2539826,-33.9709369],[151.2539662,-33.9709261],[151.2539508,-33.9709152],[151.2539343,-33.9709034],[151.253915,-33.9708902],[151.2539036,-33.9708808],[151.2538889,-33.9708719],[151.2538758,-33.9708638],[151.2538639,-33.9708605],[151.2538536,-33.9708624]]]}},{"type":"Feature","properties":{"@id":"way/1464016734","natural":"scrub"},"geometry":{"type":"Polygon","coordinates":[[[151.254006,-33.9709595],[151.2539952,-33.9709878],[151.2540014,-33.9709972],[151.2540219,-33.9710024],[151.2540361,-33.9710043],[151.2540651,-33.9710137],[151.2540759,-33.9710185],[151.2540941,-33.9710265],[151.2541094,-33.9710416],[151.2541162,-33.9710519],[151.2541236,-33.9710646],[151.2541282,-33.9710826],[151.2541378,-33.9710986],[151.2541509,-33.9711071],[151.2541606,-33.9711193],[151.2541668,-33.9711321],[151.2541736,-33.9711438],[151.2541816,-33.9711547],[151.2541941,-33.9711684],[151.2542049,-33.9711839],[151.2542094,-33.9711985],[151.2542111,-33.9712155],[151.2542174,-33.9712296],[151.2542339,-33.9712343],[151.2542424,-33.9712301],[151.2542475,-33.9712183],[151.2542526,-33.9712094],[151.2542549,-33.9711929],[151.2542549,-33.9711778],[151.2542572,-33.9711636],[151.2542526,-33.9711486],[151.2542452,-33.9711363],[151.2542333,-33.9711278],[151.2542242,-33.9711174],[151.254218,-33.9711071],[151.2542163,-33.9710972],[151.2542128,-33.9710877],[151.2542077,-33.9710788],[151.2541918,-33.9710708],[151.2541827,-33.9710623],[151.2541748,-33.9710533],[151.2541674,-33.971042],[151.25416,-33.9710326],[151.2541509,-33.971026],[151.2541446,-33.971018],[151.2541384,-33.9710128],[151.2541299,-33.9710062],[151.2541213,-33.9709954],[151.2541026,-33.9709831],[151.2540793,-33.9709756],[151.2540492,-33.9709671],[151.254006,-33.9709595]]]}},{"type":"Feature","properties":{"@id":"way/1464016737","natural":"scrub"},"geometry":{"type":"Polygon","coordinates":[[[151.2556234,-33.9701319],[151.2555949,-33.9701513],[151.255575,-33.9701645],[151.2555584,-33.9701788],[151.2555451,-33.9702008],[151.2555372,-33.9702206],[151.2555292,-33.9702437],[151.2555239,-33.9702691],[151.2555265,-33.9702966],[151.2555265,-33.9703159],[151.2555287,-33.9703254],[151.2555599,-33.9703398],[151.2556769,-33.9704067],[151.2556932,-33.9704176],[151.2557022,-33.9704251],[151.255706,-33.9704282],[151.2557116,-33.9704419],[151.2557132,-33.9704596],[151.2557116,-33.9704714],[151.2557092,-33.9704882],[151.2557064,-33.9705004],[151.2556986,-33.9705122],[151.2556874,-33.9705185],[151.2556744,-33.9705208],[151.255661,-33.9705184],[151.2555909,-33.9704843],[151.2555737,-33.9704904],[151.2555631,-33.9705009],[151.2555571,-33.9705119],[151.2555677,-33.9705289],[151.255587,-33.9705372],[151.2556175,-33.9705443],[151.2556328,-33.9705532],[151.255644,-33.9705636],[151.2556573,-33.9705768],[151.2556693,-33.9705911],[151.2556859,-33.9706132],[151.2556965,-33.9706341],[151.2557091,-33.9706561],[151.2557184,-33.9706875],[151.255737,-33.9707343],[151.2557496,-33.9707695],[151.2557649,-33.9707932],[151.2557821,-33.9708312],[151.2557928,-33.9708653],[151.2558014,-33.9708912],[151.2558113,-33.9709248],[151.255816,-33.9709595],[151.255818,-33.970998],[151.2558186,-33.9710266],[151.255824,-33.9710459],[151.2558379,-33.9710734],[151.2558525,-33.9710921],[151.2558711,-33.9711131],[151.255885,-33.9711494],[151.255891,-33.9711797],[151.2559023,-33.9712067],[151.2559182,-33.971232],[151.2559381,-33.9712523],[151.2559514,-33.9712683],[151.25596,-33.9712892],[151.255966,-33.9713091],[151.2559654,-33.9713272],[151.2559607,-33.9713421],[151.2559693,-33.971352],[151.2559819,-33.9713531],[151.2559939,-33.9713509],[151.2560158,-33.9713421],[151.2560291,-33.9713305],[151.2560424,-33.9713201],[151.256051,-33.9713074],[151.256057,-33.9712837],[151.2560636,-33.9712672],[151.2560676,-33.9712413],[151.2560676,-33.971221],[151.2560682,-33.9712006],[151.2560682,-33.9711764],[151.2560749,-33.9711588],[151.2560782,-33.9711455],[151.2560782,-33.9711268],[151.2560623,-33.9710976],[151.2560437,-33.9710795],[151.2560244,-33.9710685],[151.2560178,-33.9710575],[151.2560158,-33.9710365],[151.2560218,-33.9710134],[151.2560205,-33.9709809],[151.2560158,-33.970949],[151.2560125,-33.9709253],[151.2560098,-33.9709044],[151.2560025,-33.9708763],[151.2559859,-33.9708317],[151.2559806,-33.9708048],[151.255972,-33.97078],[151.255958,-33.9707475],[151.255958,-33.9707282],[151.2559567,-33.9707024],[151.2559527,-33.9706748],[151.2559388,-33.9706385],[151.2559295,-33.9706132],[151.2559215,-33.9705691],[151.2559169,-33.9705476],[151.2559043,-33.9705179],[151.2558923,-33.9704871],[151.2558771,-33.9704519],[151.2558704,-33.9704089],[151.2558698,-33.9703742],[151.2558678,-33.9703472],[151.2558658,-33.9703241],[151.2558558,-33.970296],[151.2558465,-33.9702663],[151.2558419,-33.9702465],[151.2558416,-33.9702363],[151.25584,-33.9702297],[151.255838,-33.9702244],[151.2558348,-33.9702202],[151.2558289,-33.9702175],[151.2558204,-33.9702157],[151.255811,-33.9702146],[151.2558048,-33.9702159],[151.2557989,-33.970223],[151.2557942,-33.97023],[151.2557198,-33.9702733],[151.2556234,-33.9701319]]]}},{"type":"Feature","properties":{"@id":"way/1464021125","natural":"scrub"},"geometry":{"type":"Polygon","coordinates":[[[151.2563812,-33.9726486],[151.2564027,-33.9726414],[151.256413,-33.9726226],[151.2564181,-33.9725699],[151.2564133,-33.9725454],[151.256396,-33.9725137],[151.2563719,-33.9724796],[151.256354,-33.9724507],[151.256338,-33.9724362],[151.2563308,-33.9724136],[151.2563308,-33.972383],[151.2563483,-33.97236],[151.2563822,-33.9723421],[151.2564017,-33.9723314],[151.2564079,-33.9723157],[151.2564063,-33.9722927],[151.2563955,-33.9722701],[151.2563729,-33.972251],[151.2563416,-33.972242],[151.2563273,-33.9722301],[151.2563247,-33.9722084],[151.2563288,-33.9721722],[151.2563421,-33.9721369],[151.2563545,-33.9721139],[151.2563606,-33.9720956],[151.2563606,-33.9720734],[151.2563601,-33.9720483],[151.2563483,-33.972019],[151.2563365,-33.971993],[151.2563119,-33.9719679],[151.2562965,-33.9719423],[151.25628,-33.971921],[151.2562533,-33.9718891],[151.256239,-33.9718695],[151.256223,-33.9718478],[151.2562066,-33.9718274],[151.2561912,-33.9718048],[151.2561768,-33.9717873],[151.2561599,-33.9717771],[151.2561378,-33.9717652],[151.2561219,-33.9717546],[151.2561029,-33.9717414],[151.2560865,-33.9717354],[151.2560577,-33.9717354],[151.2560244,-33.9717375],[151.2559956,-33.9717435],[151.2559777,-33.9717503],[151.2559669,-33.9717605],[151.2559669,-33.9717844],[151.2559787,-33.9718103],[151.2559895,-33.971847],[151.2559997,-33.9718695],[151.2559997,-33.9718929],[151.25601,-33.9719091],[151.2560187,-33.9719355],[151.2560259,-33.9719555],[151.2560341,-33.9719823],[151.2560428,-33.9720087],[151.256048,-33.9720296],[151.2560515,-33.9720479],[151.2560716,-33.9720709],[151.2560865,-33.9720926],[151.2561024,-33.9721199],[151.2561193,-33.9721497],[151.2561317,-33.9721773],[151.2561522,-33.9722957],[151.2561553,-33.9723072],[151.2563432,-33.9725149],[151.2563606,-33.9725349],[151.2563699,-33.9725507],[151.2563765,-33.9725677],[151.2563806,-33.9725805],[151.2563796,-33.9725984],[151.2563786,-33.9726235],[151.2563755,-33.9726448],[151.2563745,-33.972649],[151.2563812,-33.9726486]]]}},{"type":"Feature","properties":{"@id":"way/1464021132","natural":"scrub"},"geometry":{"type":"Polygon","coordinates":[[[151.2561817,-33.9723937],[151.2562128,-33.9724324],[151.2562394,-33.9724651],[151.2562751,-33.9725122],[151.2563036,-33.9725502],[151.2563201,-33.9725859],[151.2563201,-33.9726065],[151.2563173,-33.9726247],[151.25631,-33.9726475],[151.2562981,-33.9726597],[151.2563075,-33.9726586],[151.2563226,-33.972657],[151.2563423,-33.9726494],[151.2563529,-33.9726403],[151.2563565,-33.9726217],[151.2563593,-33.9726069],[151.2563579,-33.9725932],[151.2563565,-33.9725791],[151.2563524,-33.9725655],[151.2563469,-33.9725529],[151.2563405,-33.9725419],[151.2563263,-33.9725275],[151.2561714,-33.9723561],[151.2561723,-33.9723694],[151.2561774,-33.9723831],[151.2561817,-33.9723937]]]}},{"type":"Feature","properties":{"@id":"way/1464021134","natural":"scrub"},"geometry":{"type":"Polygon","coordinates":[[[151.2573949,-33.9742045],[151.2573835,-33.9742113],[151.2573892,-33.9742201],[151.2574145,-33.9742208],[151.2574399,-33.9742187],[151.2574612,-33.9742154],[151.2574702,-33.9742018],[151.2574808,-33.9741882],[151.2574841,-33.9741733],[151.257498,-33.9741733],[151.2575029,-33.9741875],[151.2575021,-33.9742025],[151.2574963,-33.9742154],[151.2574792,-33.9742282],[151.2574767,-33.9742357],[151.2574849,-33.9742459],[151.2575233,-33.9742506],[151.2575552,-33.9742384],[151.257574,-33.9742187],[151.2575667,-33.9741909],[151.257547,-33.9741747],[151.2575348,-33.9741631],[151.2575413,-33.9741441],[151.2575593,-33.9741292],[151.2575511,-33.9741048],[151.2575356,-33.9740817],[151.2575192,-33.9740655],[151.2575348,-33.9740424],[151.2575291,-33.9740261],[151.2575192,-33.9740092],[151.2575012,-33.9739942],[151.2574783,-33.9739847],[151.2574661,-33.9739732],[151.257435,-33.9739596],[151.257417,-33.9739576],[151.2574113,-33.9739495],[151.2574252,-33.9739196],[151.2574211,-33.9739013],[151.2574015,-33.9738986],[151.2573892,-33.973902],[151.2573606,-33.9739101],[151.257318,-33.9739176],[151.2572951,-33.9738993],[151.2572779,-33.9738918],[151.2572518,-33.9738782],[151.2572207,-33.9738653],[151.2571945,-33.9738599],[151.2571996,-33.9738745],[151.2572144,-33.9738907],[151.2572226,-33.9739118],[151.257229,-33.9739333],[151.257232,-33.9739691],[151.2572268,-33.9740011],[151.2572231,-33.9740261],[151.2572215,-33.9740417],[151.257237,-33.9740641],[151.2572706,-33.9740851],[151.2572992,-33.9740973],[151.2573409,-33.9740987],[151.2573614,-33.9741109],[151.2573965,-33.9741292],[151.2574227,-33.974138],[151.2574456,-33.9741462],[151.2574448,-33.9741699],[151.2574342,-33.9741848],[151.2574212,-33.9741913],[151.2573949,-33.9742045]]]}},{"type":"Feature","properties":{"@id":"way/1464036836","natural":"scrub"},"geometry":{"type":"Polygon","coordinates":[[[151.2550552,-33.9753126],[151.2550362,-33.975383],[151.2550292,-33.9754177],[151.2550159,-33.9754592],[151.2550064,-33.9754834],[151.2549956,-33.9755118],[151.254988,-33.9755365],[151.2549766,-33.9755706],[151.2549639,-33.9755985],[151.2549424,-33.975629],[151.254917,-33.9756584],[151.2548879,-33.9756768],[151.2548581,-33.9756873],[151.2548372,-33.9757041],[151.2548283,-33.975722],[151.2548251,-33.9757451],[151.2548188,-33.9757656],[151.2548163,-33.9757798],[151.2548144,-33.975804],[151.254815,-33.9758403],[151.2548099,-33.9758807],[151.2548061,-33.9759159],[151.2548074,-33.9759554],[151.2548036,-33.9759869],[151.2548017,-33.9760106],[151.2547877,-33.9760263],[151.2547782,-33.9760473],[151.2547776,-33.9760784],[151.2547833,-33.9760967],[151.2547909,-33.9761104],[151.2548011,-33.9761246],[151.2548106,-33.9761346],[151.2548258,-33.9761425],[151.2548467,-33.9761419],[151.2548625,-33.9761393],[151.2548815,-33.9761367],[151.2548942,-33.9761356],[151.2549113,-33.9761351],[151.2549221,-33.9761314],[151.2549284,-33.9761267],[151.254931,-33.9761151],[151.2549202,-33.9761046],[151.2549113,-33.9760978],[151.254898,-33.9760805],[151.2548904,-33.9760573],[151.2549421,-33.9758279],[151.2549538,-33.9758156],[151.2549779,-33.9758082],[151.2549994,-33.9758066],[151.2550184,-33.9758014],[151.2550324,-33.9757945],[151.2550584,-33.9757893],[151.2550907,-33.9757819],[151.2550989,-33.9757683],[151.2551002,-33.9757483],[151.2550964,-33.9757252],[151.2550926,-33.9757131],[151.2550888,-33.9756905],[151.2550837,-33.9756637],[151.2550787,-33.9756547],[151.2550546,-33.9756447],[151.2550305,-33.9756437],[151.2550222,-33.9756395],[151.2550165,-33.9756348],[151.2550083,-33.9756253],[151.2550223,-33.9755902],[151.2550574,-33.9754659],[151.2550654,-33.975435],[151.2550703,-33.9754117],[151.2550782,-33.9753641],[151.2550826,-33.9753331],[151.2550854,-33.9753163],[151.2550825,-33.9753084],[151.2550755,-33.9753047],[151.2550672,-33.9753042],[151.255059,-33.9753073],[151.2550552,-33.9753126]]]}},{"type":"Feature","properties":{"@id":"way/1464061069","golf":"green"},"geometry":{"type":"Polygon","coordinates":[[[151.2570884,-33.97513],[151.257087,-33.9751426],[151.2570917,-33.9751585],[151.2570983,-33.9751678],[151.2571069,-33.9751799],[151.2571194,-33.9751886],[151.25713,-33.9751952],[151.2571425,-33.9752012],[151.2571544,-33.9752062],[151.257171,-33.9752089],[151.2571875,-33.9752078],[151.2572007,-33.9752056],[151.2572165,-33.9752018],[151.2572337,-33.9751903],[151.2572456,-33.9751826],[151.2572542,-33.9751744],[151.2572608,-33.9751645],[151.2572648,-33.9751497],[151.2572641,-33.9751355],[151.2572601,-33.9751201],[151.2572568,-33.9751108],[151.2572476,-33.9750982],[151.2572364,-33.9750884],[151.2572258,-33.9750807],[151.2572126,-33.9750736],[151.2572013,-33.9750686],[151.2571855,-33.9750659],[151.2571703,-33.9750637],[151.2571558,-33.9750648],[151.2571406,-33.9750703],[151.257126,-33.9750769],[151.2571161,-33.9750845],[151.2571069,-33.9750938],[151.2571003,-33.9751026],[151.2570917,-33.9751163],[151.2570884,-33.97513]]]}},{"type":"Feature","properties":{"@id":"way/1464061070","golf":"tee"},"geometry":{"type":"Polygon","coordinates":[[[151.2546344,-33.9717971],[151.2546321,-33.9718078],[151.2546321,-33.9718173],[151.2546397,-33.9718305],[151.2546481,-33.9718394],[151.2546527,-33.9718463],[151.2546656,-33.9718545],[151.2546755,-33.9718564],[151.2546869,-33.9718564],[151.2546976,-33.9718558],[151.2547044,-33.9718488],[151.2547097,-33.9718432],[151.2547166,-33.9718488],[151.2547234,-33.9718545],[151.2547272,-33.9718621],[151.2547212,-33.9718709],[151.2547082,-33.9718741],[151.2547037,-33.971881],[151.2547097,-33.9718892],[151.2547196,-33.9718937],[151.2547394,-33.9718981],[151.2547584,-33.9719006],[151.2547737,-33.9718987],[151.2547912,-33.9718924],[151.2548011,-33.9718842],[151.2548117,-33.9718728],[151.2548193,-33.9718634],[151.2548292,-33.9718507],[151.254833,-33.9718381],[151.2548323,-33.9718274],[151.2548323,-33.971816],[151.2548277,-33.9718078],[151.2548231,-33.9717996],[151.2548132,-33.9717908],[151.2547973,-33.9717889],[151.2547851,-33.9717965],[151.2547782,-33.9718072],[151.2547615,-33.9718122],[151.2547493,-33.9718103],[151.2547448,-33.9718028],[151.2547501,-33.9717895],[151.2547546,-33.9717763],[151.2547524,-33.9717662],[151.2547394,-33.9717535],[151.2547295,-33.9717491],[151.2547143,-33.9717434],[151.2546976,-33.9717441],[151.2546816,-33.971751],[151.2546694,-33.9717567],[151.254658,-33.9717681],[151.2546481,-33.9717813],[151.2546344,-33.9717971]]]}},{"type":"Feature","properties":{"@id":"way/1464061071","golf":"tee"},"geometry":{"type":"Polygon","coordinates":[[[151.2554973,-33.9766608],[151.2554865,-33.9766615],[151.2554742,-33.9766629],[151.2554596,-33.9766657],[151.2554497,-33.9766695],[151.2554424,-33.9766739],[151.2554353,-33.9766782],[151.2554279,-33.9766854],[151.2554206,-33.9766947],[151.2554187,-33.9767035],[151.2554173,-33.9767123],[151.255418,-33.9767221],[151.2554211,-33.976731],[151.2554272,-33.976738],[151.2554326,-33.9767429],[151.2554418,-33.9767501],[151.2554511,-33.9767543],[151.2554662,-33.9767588],[151.2554777,-33.9767607],[151.2554946,-33.9767632],[151.2555039,-33.9767638],[151.2555112,-33.9767643],[151.2555184,-33.9767643],[151.255531,-33.9767627],[151.2555402,-33.9767588],[151.2555481,-33.9767523],[151.2555567,-33.9767391],[151.2555607,-33.9767254],[151.2555607,-33.9767117],[151.2555594,-33.9766991],[151.2555554,-33.9766881],[151.2555481,-33.9766788],[151.2555382,-33.9766712],[151.2555244,-33.9766657],[151.2555131,-33.9766629],[151.2554973,-33.9766608]]]}},{"type":"Feature","properties":{"@id":"way/1464257990","natural":"scrub"},"geometry":{"type":"Polygon","coordinates":[[[151.2526926,-33.9759075],[151.2526972,-33.9758948],[151.2527013,-33.9758786],[151.2527013,-33.9758646],[151.2526875,-33.9758595],[151.2526762,-33.975857],[151.2526593,-33.9758578],[151.2526465,-33.9758625],[151.2526332,-33.9758659],[151.2526194,-33.9758693],[151.2526076,-33.9758748],[151.2525932,-33.9758829],[151.2525901,-33.9758909],[151.2525886,-33.9759011],[151.2525912,-33.9759105],[151.2525958,-33.9759198],[151.2526065,-33.9759275],[151.2526127,-33.9759326],[151.2526322,-33.9759356],[151.2526532,-33.9759309],[151.2526711,-33.9759271],[151.2526834,-33.9759215],[151.2526921,-33.9759122],[151.2526926,-33.9759075]]]}},{"type":"Feature","properties":{"@id":"way/1464257991","natural":"scrub"},"geometry":{"type":"Polygon","coordinates":[[[151.2525512,-33.9760078],[151.2525712,-33.9760278],[151.2525825,-33.976038],[151.2525953,-33.9760469],[151.2526065,-33.9760571],[151.252626,-33.9760698],[151.2526429,-33.9760783],[151.252666,-33.9760813],[151.2526849,-33.9760737],[151.2526972,-33.9760622],[151.252709,-33.9760473],[151.2527136,-33.9760367],[151.2527177,-33.9760269],[151.2527142,-33.976018],[151.2527024,-33.9760146],[151.252688,-33.9760159],[151.2526742,-33.9760167],[151.2526598,-33.9760176],[151.2526429,-33.9760184],[151.2526286,-33.9760167],[151.2526117,-33.976015],[151.2525948,-33.9760095],[151.2525845,-33.9760057],[151.2525727,-33.9760027],[151.252562,-33.9760014],[151.2525543,-33.9760014],[151.2525486,-33.9760031],[151.2525512,-33.9760078]]]}},{"type":"Feature","properties":{"@id":"way/1464270182","natural":"scrub"},"geometry":{"type":"Polygon","coordinates":[[[151.2534059,-33.9766606],[151.253425,-33.9766777],[151.2534337,-33.9766949],[151.2534448,-33.9767166],[151.2534599,-33.9767298],[151.2534933,-33.9767344],[151.2535266,-33.9767363],[151.2535528,-33.9767396],[151.2536044,-33.976739],[151.2536584,-33.9767396],[151.2537132,-33.9767423],[151.2537823,-33.9767429],[151.2538188,-33.976739],[151.2538514,-33.9767232],[151.2538879,-33.9766988],[151.2538983,-33.9766692],[151.2539054,-33.9766369],[151.2538927,-33.9766013],[151.253872,-33.9765836],[151.2538387,-33.9765691],[151.2537998,-33.9765539],[151.2537672,-33.9765394],[151.2537521,-33.976523],[151.2537243,-33.9765092],[151.2537005,-33.9764914],[151.2536815,-33.9764762],[151.2536489,-33.9764624],[151.2536068,-33.9764545],[151.2535758,-33.9764486],[151.253548,-33.9764413],[151.2535298,-33.9764519],[151.2535171,-33.9764611],[151.2534821,-33.9764815],[151.2534615,-33.9764914],[151.25344,-33.9765026],[151.2534258,-33.9764973],[151.2534194,-33.9764815],[151.2534099,-33.9764604],[151.253394,-33.9764426],[151.2533741,-33.9764301],[151.2533519,-33.9764262],[151.2533193,-33.9764242],[151.2532923,-33.9764242],[151.253255,-33.9764301],[151.2532399,-33.9764347],[151.253236,-33.976444],[151.2532288,-33.9764512],[151.2532153,-33.9764525],[151.253197,-33.9764446],[151.2531851,-33.9764341],[151.2531708,-33.9764249],[151.253147,-33.9764216],[151.2531256,-33.9764216],[151.2530954,-33.9764189],[151.2530668,-33.9764123],[151.2530493,-33.9764038],[151.2530517,-33.9763933],[151.2530605,-33.976388],[151.2530652,-33.9763774],[151.2530517,-33.9763649],[151.2530279,-33.9763636],[151.253008,-33.9763524],[151.2529866,-33.9763386],[151.2529564,-33.9763379],[151.2529223,-33.9763458],[151.2529024,-33.9763511],[151.2528873,-33.9763544],[151.252881,-33.9763485],[151.2528754,-33.9763379],[151.2528588,-33.976332],[151.2528413,-33.976336],[151.2528254,-33.9763452],[151.2528024,-33.9763557],[151.252792,-33.9763564],[151.2527825,-33.976357],[151.2527714,-33.9763511],[151.2527277,-33.9763452],[151.2527071,-33.9763504],[151.2526578,-33.976363],[151.252638,-33.9763695],[151.2525895,-33.9763695],[151.2525586,-33.976363],[151.2525213,-33.9763577],[151.2524839,-33.9763511],[151.2524649,-33.9763544],[151.2524538,-33.9763709],[151.2524426,-33.9763827],[151.2524268,-33.9764005],[151.2524156,-33.976417],[151.2523998,-33.9764249],[151.2523807,-33.9764249],[151.2523378,-33.9764196],[151.2523269,-33.9764182],[151.2522925,-33.9764137],[151.252256,-33.9764012],[151.2522227,-33.9763788],[151.2522028,-33.9763616],[151.252179,-33.9763524],[151.2521591,-33.9763491],[151.2521369,-33.9763393],[151.2520988,-33.97633],[151.252063,-33.9763287],[151.2520384,-33.9763274],[151.252013,-33.9763188],[151.2519955,-33.9763063],[151.251982,-33.9762905],[151.2519606,-33.9762806],[151.2519423,-33.9762806],[151.2519304,-33.9762767],[151.2519042,-33.9762648],[151.2518899,-33.9762536],[151.251878,-33.9762444],[151.2518677,-33.9762313],[151.2518486,-33.9762194],[151.251828,-33.9762168],[151.2518018,-33.9762168],[151.2517795,-33.9762201],[151.2517605,-33.976222],[151.2517255,-33.9762233],[151.2517176,-33.9762332],[151.2517128,-33.976249],[151.2517271,-33.9762681],[151.251739,-33.9762872],[151.2517557,-33.9763109],[151.2517653,-33.9763274],[151.2517732,-33.9763425],[151.2517708,-33.9763649],[151.2517732,-33.9763913],[151.2517756,-33.9764163],[151.2517716,-33.9764374],[151.2517772,-33.9764631],[151.2517843,-33.9764868],[151.2518161,-33.9765184],[151.2518296,-33.9765362],[151.2518423,-33.976552],[151.2518637,-33.9765605],[151.2518852,-33.9765763],[151.2519066,-33.9765855],[151.2519257,-33.9765908],[151.2519519,-33.9765967],[151.2519884,-33.9766007],[151.2520265,-33.9766007],[151.2520511,-33.9766007],[151.2520893,-33.9766],[151.2521139,-33.9765961],[151.2521448,-33.9765941],[151.2521726,-33.9765888],[151.2522123,-33.9765822],[151.2522584,-33.9765737],[151.2522806,-33.9765671],[151.2523013,-33.9765526],[151.2523115,-33.9765524],[151.2523299,-33.976552],[151.2523521,-33.9765599],[151.2524077,-33.9765658],[151.252453,-33.9765605],[151.2524577,-33.97655],[151.2524792,-33.9765473],[151.2524974,-33.9765493],[151.2525141,-33.9765625],[151.2525379,-33.9765763],[151.2525602,-33.9765902],[151.2525824,-33.9765974],[151.2526181,-33.9766007],[151.2526515,-33.976602],[151.2526848,-33.976606],[151.2527174,-33.9766073],[151.2527468,-33.9766145],[151.2527746,-33.9766198],[151.2528048,-33.9766277],[151.2528357,-33.9766237],[151.2528524,-33.9766172],[151.2528762,-33.9766152],[151.2529008,-33.9766283],[151.2529104,-33.9766395],[151.2529223,-33.9766461],[151.2529469,-33.9766527],[151.2529699,-33.9766593],[151.2529961,-33.9766593],[151.2530319,-33.9766659],[151.2530454,-33.9766823],[151.2530533,-33.9766968],[151.2530605,-33.976714],[151.2530724,-33.9767232],[151.2530914,-33.9767271],[151.2531256,-33.9767298],[151.2531343,-33.9767298],[151.2531565,-33.9767298],[151.253174,-33.9767264],[151.2531804,-33.9767252],[151.2531955,-33.9767205],[151.2532018,-33.976714],[151.2532217,-33.9767047],[151.2532272,-33.9766995],[151.2532439,-33.9766876],[151.2532622,-33.9766791],[151.2532773,-33.9766863],[151.2532915,-33.9766876],[151.2533066,-33.976683],[151.2533249,-33.976681],[151.2533404,-33.9766739],[151.2533551,-33.9766672],[151.2533676,-33.976664],[151.2533781,-33.9766613],[151.253394,-33.9766593],[151.2534059,-33.9766606]]]}},{"type":"Feature","properties":{"@id":"way/1464270188","natural":"wood"},"geometry":{"type":"Polygon","coordinates":[[[151.2516795,-33.9754413],[151.251639,-33.9756444],[151.2516365,-33.975657],[151.2514339,-33.9756283],[151.2514303,-33.9756356],[151.25142,-33.9756521],[151.2514152,-33.9756744],[151.2514145,-33.9757007],[151.2514186,-33.9757345],[151.2514214,-33.9757722],[151.2514324,-33.9758139],[151.2514407,-33.9758477],[151.2514703,-33.9758774],[151.2514945,-33.9758928],[151.2515282,-33.9758894],[151.2515627,-33.9758711],[151.2515979,-33.9758477],[151.2516213,-33.9758282],[151.2516461,-33.9758048],[151.2516758,-33.9757728],[151.251693,-33.9757556],[151.2517082,-33.9757328],[151.2517054,-33.9757139],[151.2516999,-33.9756939],[151.2517033,-33.9756744],[151.2517161,-33.9756623],[151.251727,-33.9756575],[151.251739,-33.9756489],[151.2517478,-33.9756347],[151.2517462,-33.975617],[151.2517369,-33.9755994],[151.2517405,-33.9755817],[151.2517436,-33.9755684],[151.2517488,-33.9755554],[151.2517592,-33.9755403],[151.2517733,-33.9755279],[151.2517847,-33.9755188],[151.2517899,-33.9755098],[151.2517847,-33.9755011],[151.2517758,-33.9754938],[151.2517603,-33.97548],[151.2517499,-33.9754688],[151.2517327,-33.9754533],[151.2517208,-33.975446],[151.2517125,-33.975443],[151.2516943,-33.9754417],[151.2516795,-33.9754413]]]}},{"type":"Feature","properties":{"@id":"way/1464270189","natural":"scrub"},"geometry":{"type":"Polygon","coordinates":[[[151.2517468,-33.9758751],[151.2517654,-33.9758911],[151.2517778,-33.9759094],[151.2517737,-33.9759306],[151.2517613,-33.9759574],[151.2517488,-33.9759894],[151.2517433,-33.976018],[151.2517502,-33.9760346],[151.2517654,-33.9760432],[151.2517971,-33.9760403],[151.2518074,-33.9760255],[151.2518109,-33.97601],[151.251824,-33.9759986],[151.2518633,-33.9759935],[151.2518957,-33.97599],[151.251926,-33.9759746],[151.251955,-33.9759614],[151.2520012,-33.9759546],[151.2520322,-33.9759374],[151.2520674,-33.9759226],[151.2521046,-33.9759197],[151.2521342,-33.9759266],[151.2521652,-33.9759237],[151.2521928,-33.9759157],[151.2522121,-33.9759111],[151.2522466,-33.9759163],[151.2522804,-33.9759186],[151.2523086,-33.9759168],[151.2523548,-33.9759106],[151.2523686,-33.975894],[151.2523734,-33.975878],[151.2523748,-33.9758602],[151.2523776,-33.9758425],[151.2523755,-33.9758231],[151.2523686,-33.9758059],[151.2523583,-33.9757899],[151.2523404,-33.9757819],[151.2523011,-33.9757819],[151.2522631,-33.9757808],[151.2522176,-33.9757796],[151.2521963,-33.9757699],[151.2521894,-33.9757539],[151.2521894,-33.9757436],[151.2521897,-33.9757323],[151.2519572,-33.9757],[151.2519164,-33.9757248],[151.2518998,-33.9757396],[151.2518709,-33.9757579],[151.2518447,-33.9757528],[151.2518199,-33.9757631],[151.2517957,-33.9757813],[151.2517819,-33.9758031],[151.2517695,-33.9758185],[151.2517488,-33.9758625],[151.2517468,-33.9758751]]]}},{"type":"Feature","properties":{"@id":"way/1464308089","golf":"tee"},"geometry":{"type":"Polygon","coordinates":[[[151.2540018,-33.9692364],[151.2540227,-33.9692249],[151.2540373,-33.9692128],[151.2540524,-33.9691939],[151.2540626,-33.9691766],[151.2540714,-33.9691577],[151.2540771,-33.969142],[151.2540803,-33.9691231],[151.2540803,-33.9691089],[151.2540784,-33.9690911],[151.2540733,-33.9690796],[151.2540708,-33.9690727],[151.2540645,-33.9690638],[151.2540569,-33.9690565],[151.254048,-33.9690533],[151.2540284,-33.969046],[151.2540088,-33.969046],[151.2539474,-33.9690979],[151.2539797,-33.9692154],[151.2539829,-33.9692249],[151.2539885,-33.9692333],[151.2539955,-33.9692364],[151.2540018,-33.9692364]]]}},{"type":"Feature","properties":{"@id":"way/1467480572","natural":"scrub"},"geometry":{"type":"Polygon","coordinates":[[[151.2524044,-33.9690795],[151.2524786,-33.9691535],[151.2524776,-33.9691712],[151.2524851,-33.9691762],[151.2524976,-33.9691814],[151.2525129,-33.9691866],[151.2525299,-33.9691896],[151.2525236,-33.9691785],[151.2525084,-33.9691629],[151.252494,-33.9691436],[151.2524905,-33.9691332],[151.252426,-33.9690686],[151.2524044,-33.9690795]]]}},{"type":"Feature","properties":{"@id":"way/1467480573","natural":"scrub"},"geometry":{"type":"Polygon","coordinates":[[[151.2523849,-33.9690602],[151.2524054,-33.9690507],[151.2523796,-33.9690257],[151.2522692,-33.9690912],[151.2522662,-33.9691185],[151.2523742,-33.9692451],[151.2523871,-33.9692388],[151.2523883,-33.969235],[151.2523885,-33.96923],[151.2523232,-33.969128],[151.25232,-33.9691204],[151.2523172,-33.969113],[151.2523161,-33.9691047],[151.2523168,-33.9690979],[151.2523203,-33.96909],[151.2523245,-33.9690826],[151.2523303,-33.9690778],[151.2523734,-33.9690487],[151.2523849,-33.9690602]]]}},{"type":"Feature","properties":{"@id":"way/173277577","golf":"clubhouse","name":"Randwick Golf Clubhouse"},"geometry":{"type":"Polygon","coordinates":[[[151.2534614,-33.968887],[151.2535269,-33.9689787],[151.2535164,-33.9689839],[151.2536199,-33.9691287],[151.2536285,-33.9691244],[151.2537559,-33.9690618],[151.2537672,-33.9690777],[151.2538353,-33.9690442],[151.2538616,-33.969081],[151.2539483,-33.9690385],[151.2538954,-33.9689644],[151.2538439,-33.9689897],[151.2536469,-33.9687138],[151.2535353,-33.9687686],[151.253555,-33.9687961],[151.2535365,-33.9688052],[151.2535293,-33.9688087],[151.2535531,-33.968842],[151.2534614,-33.968887]]]}},{"type":"Feature","properties":{"@id":"way/394855971","golf":"bunker","natural":"sand"},"geometry":{"type":"Polygon","coordinates":[[[151.2543074,-33.9772379],[151.2542941,-33.9772386],[151.2542778,-33.9772418],[151.2542675,-33.9772452],[151.2542599,-33.9772491],[151.2542564,-33.9772534],[151.2542549,-33.977258],[151.2542556,-33.9772638],[151.2542584,-33.9772682],[151.2542648,-33.9772721],[151.2542703,-33.9772734],[151.2542799,-33.9772749],[151.2542881,-33.9772749],[151.2542962,-33.9772732],[151.2543054,-33.9772693],[151.2543144,-33.9772654],[151.2543194,-33.9772618],[151.2543241,-33.977257],[151.2543253,-33.9772524],[151.2543251,-33.977247],[151.254321,-33.9772428],[151.2543149,-33.9772392],[151.2543074,-33.9772379]]]}},{"type":"Feature","properties":{"@id":"way/394855992","golf":"bunker","natural":"sand"},"geometry":{"type":"Polygon","coordinates":[[[151.2571073,-33.9764239],[151.2570999,-33.9764214],[151.2570922,-33.9764208],[151.2570853,-33.9764214],[151.2570779,-33.9764229],[151.2570711,-33.9764266],[151.257043,-33.9764604],[151.257034,-33.9764675],[151.2570308,-33.9764719],[151.2570269,-33.9764778],[151.2570264,-33.9764855],[151.2570264,-33.9764932],[151.2570283,-33.9765009],[151.2570335,-33.9765059],[151.2570407,-33.9765078],[151.2570542,-33.9765072],[151.2570737,-33.976507],[151.257086,-33.9765055],[151.2570921,-33.9765023],[151.2571,-33.9764971],[151.2571115,-33.9764855],[151.2571202,-33.9764766],[151.2571241,-33.9764704],[151.2571267,-33.9764629],[151.2571291,-33.9764548],[151.2571283,-33.9764467],[151.2571256,-33.9764396],[151.2571206,-33.9764344],[151.2571136,-33.9764281],[151.2571073,-33.9764239]]]}},{"type":"Feature","properties":{"@id":"way/394855995","golf":"tee","natural":"grass"},"geometry":{"type":"Polygon","coordinates":[[[151.2563324,-33.9767641],[151.2563161,-33.9767666],[151.2563015,-33.9767701],[151.2562879,-33.9767753],[151.2562757,-33.9767819],[151.256268,-33.976789],[151.2562637,-33.9767988],[151.2562627,-33.976807],[151.2562649,-33.9768162],[151.2562716,-33.9768225],[151.2562819,-33.9768261],[151.2562925,-33.9768279],[151.2563045,-33.9768282],[151.2563218,-33.9768267],[151.2563371,-33.9768246],[151.2563457,-33.976822],[151.2563576,-33.9768178],[151.2563675,-33.9768116],[151.2563733,-33.976806],[151.2563767,-33.9767994],[151.2563768,-33.9767898],[151.256376,-33.9767821],[151.2563718,-33.9767744],[151.2563638,-33.9767695],[151.2563534,-33.9767657],[151.2563429,-33.9767637],[151.2563324,-33.9767641]]]}},{"type":"Feature","properties":{"@id":"way/394855997","golf":"tee","natural":"grass"},"geometry":{"type":"Polygon","coordinates":[[[151.2561479,-33.9767176],[151.2561344,-33.976716],[151.2561198,-33.9767165],[151.2561086,-33.976719],[151.2560754,-33.9767336],[151.2560686,-33.976737],[151.2560619,-33.9767432],[151.2560573,-33.9767514],[151.2560561,-33.976759],[151.2560574,-33.9767658],[151.2560603,-33.9767737],[151.256064,-33.9767808],[151.2560704,-33.9767878],[151.2560794,-33.9767949],[151.2560896,-33.9768025],[151.2560997,-33.9768059],[151.2561154,-33.9768088],[151.256129,-33.976809],[151.2561399,-33.9768061],[151.2561487,-33.9767995],[151.2561588,-33.9767917],[151.2561658,-33.9767838],[151.2561704,-33.9767769],[151.2561757,-33.9767688],[151.2561795,-33.9767593],[151.2561803,-33.9767508],[151.2561786,-33.9767417],[151.2561742,-33.9767313],[151.2561608,-33.9767222],[151.2561479,-33.9767176]]]}},{"type":"Feature","properties":{"@id":"way/394855999","golf":"tee","natural":"grass"},"geometry":{"type":"Polygon","coordinates":[[[151.2529446,-33.9761892],[151.252928,-33.9761811],[151.2529104,-33.9761755],[151.252891,-33.976176],[151.252877,-33.9761789],[151.2528657,-33.9761872],[151.2528595,-33.9761994],[151.2528589,-33.9762112],[151.2528629,-33.9762247],[151.2528678,-33.9762308],[151.2528779,-33.976239],[151.2528915,-33.9762429],[151.252909,-33.9762441],[151.2529272,-33.9762396],[151.2529417,-33.9762343],[151.252952,-33.9762271],[151.2529586,-33.9762202],[151.2529622,-33.9762107],[151.2529563,-33.9761996],[151.2529446,-33.9761892]]]}},{"type":"Feature","properties":{"@id":"way/394856006","golf":"tee","natural":"grass"},"geometry":{"type":"Polygon","coordinates":[[[151.2560096,-33.9767865],[151.2560015,-33.9767796],[151.2559961,-33.9767746],[151.2559864,-33.9767703],[151.255976,-33.9767666],[151.255967,-33.9767665],[151.2559577,-33.9767697],[151.2559501,-33.976774],[151.2559431,-33.976782],[151.2559414,-33.9767907],[151.2559423,-33.9767987],[151.2559438,-33.9768051],[151.255949,-33.9768126],[151.2559558,-33.9768203],[151.2559657,-33.9768292],[151.2559751,-33.9768327],[151.2559875,-33.9768354],[151.2559984,-33.9768374],[151.256008,-33.9768364],[151.2560153,-33.9768331],[151.2560212,-33.9768274],[151.2560254,-33.9768213],[151.2560253,-33.9768138],[151.2560232,-33.976805],[151.25602,-33.976799],[151.2560145,-33.9767912],[151.2560096,-33.9767865]]]}},{"type":"Feature","properties":{"@id":"way/394856009","golf":"bunker","natural":"sand"},"geometry":{"type":"Polygon","coordinates":[[[151.2543997,-33.9771602],[151.2543725,-33.9772054],[151.2543734,-33.9772117],[151.2543801,-33.9772175],[151.2543876,-33.9772189],[151.2543955,-33.9772168],[151.2544025,-33.9772124],[151.2544106,-33.9772059],[151.2544195,-33.9771975],[151.2544304,-33.9771808],[151.2544321,-33.9771732],[151.2544304,-33.9771656],[151.2544259,-33.9771585],[151.2544179,-33.9771553],[151.254409,-33.9771557],[151.2543997,-33.9771602]]]}},{"type":"Feature","properties":{"@id":"way/394856031","golf":"fairway"},"geometry":{"type":"Polygon","coordinates":[[[151.2514856,-33.976357],[151.2514699,-33.9763429],[151.2514082,-33.9763022],[151.2513995,-33.9762993],[151.2513853,-33.9762963],[151.2513726,-33.9762956],[151.2513582,-33.9762967],[151.2513467,-33.9762988],[151.251332,-33.9763039],[151.2513166,-33.9763154],[151.2513037,-33.9763287],[151.2512902,-33.9763475],[151.2512508,-33.9764092],[151.2512041,-33.9764705],[151.2511864,-33.9764915],[151.2511759,-33.9765078],[151.2511711,-33.9765216],[151.2511692,-33.976533],[151.251169,-33.9765443],[151.2511702,-33.9765646],[151.2511711,-33.9765862],[151.2511737,-33.9766073],[151.251176,-33.9766273],[151.2511789,-33.9766417],[151.2511853,-33.9766544],[151.2511977,-33.9766715],[151.25121,-33.9766874],[151.2512221,-33.976698],[151.2512352,-33.9767075],[151.2512492,-33.9767147],[151.2512586,-33.9767182],[151.2512694,-33.9767208],[151.2512858,-33.9767222],[151.251298,-33.9767228],[151.2513108,-33.9767228],[151.2513241,-33.9767224],[151.2513359,-33.9767196],[151.2513492,-33.9767154],[151.2513621,-33.9767083],[151.2513716,-33.9767019],[151.2513798,-33.9766953],[151.2513844,-33.9766895],[151.2513913,-33.9766815],[151.2513957,-33.9766729],[151.2513981,-33.9766642],[151.2513988,-33.9766544],[151.2513991,-33.9766436],[151.2514004,-33.9766344],[151.2514696,-33.9765413],[151.2514951,-33.9765235],[151.2515049,-33.9765079],[151.2515115,-33.9764715],[151.2515117,-33.9764413],[151.2515081,-33.9764079],[151.2515032,-33.976385],[151.2514971,-33.97637],[151.2514856,-33.976357]]]}},{"type":"Feature","properties":{"@id":"way/394856038","golf":"green"},"geometry":{"type":"Polygon","coordinates":[[[151.2542274,-33.9770938],[151.2542029,-33.9770979],[151.2541757,-33.9771083],[151.2541584,-33.9771192],[151.2541449,-33.9771338],[151.2541366,-33.9771497],[151.2541327,-33.9771663],[151.2541351,-33.9771805],[151.2541461,-33.9771963],[151.2541535,-33.9772027],[151.2541729,-33.9772133],[151.2541925,-33.9772192],[151.2542121,-33.9772219],[151.2542356,-33.9772232],[151.2542634,-33.9772232],[151.2542903,-33.9772193],[151.254314,-33.977214],[151.2543349,-33.9772066],[151.2543555,-33.9771917],[151.2543618,-33.9771766],[151.2543672,-33.9771622],[151.2543689,-33.9771444],[151.2543664,-33.9771308],[151.2543615,-33.9771172],[151.254356,-33.9771059],[151.2543448,-33.9770961],[151.2543302,-33.977092],[151.2543003,-33.9770908],[151.2542718,-33.9770917],[151.25425,-33.9770917],[151.2542274,-33.9770938]]]}},{"type":"Feature","properties":{"@id":"way/394856058","golf":"fairway","natural":"grass"},"geometry":{"type":"Polygon","coordinates":[[[151.2542239,-33.9770262],[151.2541946,-33.9770262],[151.2541736,-33.9770266],[151.2541579,-33.97703],[151.2541302,-33.9770397],[151.2540615,-33.9770698],[151.2540084,-33.9770939],[151.2539584,-33.977122],[151.2538606,-33.9771727],[151.2538127,-33.9771931],[151.2537774,-33.9772034],[151.2537454,-33.9772131],[151.2537195,-33.9772191],[151.253702,-33.977227],[151.253686,-33.9772381],[151.2536736,-33.9772497],[151.2536638,-33.9772637],[151.2536588,-33.9772776],[151.2536575,-33.9772908],[151.2536597,-33.9773045],[151.2536676,-33.9773186],[151.2536769,-33.9773303],[151.2536935,-33.9773403],[151.2537165,-33.9773469],[151.2537414,-33.9773479],[151.2537637,-33.9773436],[151.2537852,-33.9773389],[151.2538026,-33.977336],[151.2538265,-33.9773292],[151.2538492,-33.9773216],[151.253873,-33.9773128],[151.2538979,-33.9773012],[151.253919,-33.9772917],[151.253942,-33.977282],[151.2539666,-33.9772754],[151.2539922,-33.9772696],[151.2540194,-33.9772662],[151.2540453,-33.9772635],[151.2540775,-33.977262],[151.2541077,-33.9772631],[151.2541367,-33.9772666],[151.2541712,-33.9772729],[151.2542044,-33.9772828],[151.2542365,-33.9772924],[151.254263,-33.9772993],[151.2542834,-33.9773009],[151.2543121,-33.9772981],[151.2543376,-33.9772923],[151.2543608,-33.9772862],[151.2543873,-33.9772761],[151.2544099,-33.9772649],[151.2544278,-33.977255],[151.254446,-33.9772433],[151.2544617,-33.9772278],[151.2544785,-33.9772042],[151.2544867,-33.9771811],[151.2544884,-33.9771562],[151.254485,-33.977136],[151.2544799,-33.9771146],[151.25447,-33.9770883],[151.2544571,-33.9770686],[151.2544375,-33.977057],[151.2544161,-33.9770475],[151.2543912,-33.9770348],[151.254361,-33.9770209],[151.2543413,-33.97702],[151.254314,-33.9770232],[151.2542239,-33.9770262]]]}},{"type":"Feature","properties":{"@id":"way/394856081","golf":"bunker","natural":"sand"},"geometry":{"type":"Polygon","coordinates":[[[151.2543048,-33.977011],[151.2542962,-33.9769992],[151.2542918,-33.9769945],[151.2542874,-33.9769909],[151.2542826,-33.9769871],[151.2542766,-33.9769822],[151.2542684,-33.9769791],[151.2542608,-33.9769778],[151.2542539,-33.9769782],[151.2542482,-33.9769808],[151.2542432,-33.9769834],[151.2542378,-33.9769872],[151.2542322,-33.9769951],[151.2542295,-33.9770046],[151.2542297,-33.9770175],[151.2542336,-33.9770292],[151.25424,-33.9770377],[151.2542463,-33.9770452],[151.2542576,-33.9770492],[151.2542667,-33.9770501],[151.2542735,-33.9770495],[151.2542815,-33.9770465],[151.2542873,-33.9770428],[151.2542977,-33.9770362],[151.2543038,-33.977029],[151.2543067,-33.9770196],[151.2543048,-33.977011]]]}},{"type":"Feature","properties":{"@id":"way/394856099","golf":"tee","natural":"grass"},"geometry":{"type":"Polygon","coordinates":[[[151.2567173,-33.976749],[151.2567029,-33.9767519],[151.2566898,-33.976757],[151.2566775,-33.9767639],[151.2566689,-33.9767714],[151.2566645,-33.9767777],[151.256663,-33.9767869],[151.256664,-33.976794],[151.2566652,-33.9767983],[151.2566681,-33.9768045],[151.256674,-33.9768131],[151.2566834,-33.9768228],[151.2566943,-33.976828],[151.2567085,-33.9768307],[151.2567251,-33.9768295],[151.2567695,-33.9768124],[151.2567808,-33.9768043],[151.256788,-33.9767959],[151.2567908,-33.9767846],[151.2567902,-33.9767724],[151.2567842,-33.9767608],[151.2567654,-33.9767522],[151.2567482,-33.976749],[151.2567173,-33.976749]]]}},{"type":"Feature","properties":{"@id":"way/394856104","golf":"bunker","natural":"sand"},"geometry":{"type":"Polygon","coordinates":[[[151.2570865,-33.9766551],[151.2570738,-33.9766514],[151.2570609,-33.9766466],[151.257051,-33.976644],[151.2570428,-33.9766433],[151.2570316,-33.9766434],[151.2570208,-33.976643],[151.2570133,-33.9766441],[151.257004,-33.9766476],[151.2569973,-33.9766523],[151.2569931,-33.9766587],[151.2569932,-33.976665],[151.2569955,-33.9766715],[151.2569993,-33.976677],[151.2570044,-33.976683],[151.2570118,-33.976689],[151.2570224,-33.976693],[151.2570325,-33.9766947],[151.257043,-33.9766964],[151.2570531,-33.9766991],[151.2570627,-33.976702],[151.2570714,-33.9767064],[151.257079,-33.9767119],[151.2570869,-33.9767167],[151.2570972,-33.9767198],[151.2571072,-33.976723],[151.2571205,-33.9767228],[151.2571282,-33.9767222],[151.2571344,-33.9767183],[151.2571421,-33.9767107],[151.2571465,-33.9767031],[151.2571502,-33.9766965],[151.2571522,-33.9766873],[151.2571513,-33.9766811],[151.2571475,-33.9766764],[151.2571405,-33.9766714],[151.257132,-33.9766659],[151.2571241,-33.9766622],[151.2571161,-33.9766602],[151.2571039,-33.9766597],[151.2570947,-33.9766587],[151.2570865,-33.9766551]]]}},{"type":"Feature","properties":{"@id":"way/394856110","golf":"tee","natural":"grass"},"geometry":{"type":"Polygon","coordinates":[[[151.2547076,-33.9768261],[151.2546869,-33.9768251],[151.2546647,-33.976827],[151.2546428,-33.9768304],[151.254621,-33.9768368],[151.2545997,-33.9768464],[151.2545872,-33.9768573],[151.2545762,-33.9768715],[151.2545711,-33.9768823],[151.2545672,-33.9768951],[151.2545676,-33.9769092],[151.2545734,-33.9769224],[151.2545841,-33.9769335],[151.2545958,-33.9769453],[151.2546126,-33.9769534],[151.2546304,-33.9769617],[151.2546484,-33.9769689],[151.2546657,-33.9769716],[151.2546858,-33.9769737],[151.2547039,-33.9769734],[151.2547215,-33.976969],[151.254738,-33.9769621],[151.2547516,-33.9769495],[151.2547582,-33.9769357],[151.2547621,-33.9769236],[151.2547654,-33.976909],[151.2547649,-33.9768938],[151.2547644,-33.9768771],[151.2547619,-33.9768641],[151.2547584,-33.9768523],[151.2547508,-33.9768422],[151.2547329,-33.9768312],[151.2547076,-33.9768261]]]}},{"type":"Feature","properties":{"@id":"way/394856112","golf":"fairway","natural":"grass"},"geometry":{"type":"Polygon","coordinates":[[[151.252491,-33.9761046],[151.2524699,-33.9761044],[151.2524466,-33.9761022],[151.2524301,-33.9760991],[151.252408,-33.9760928],[151.2523851,-33.9760854],[151.2523625,-33.9760774],[151.2523452,-33.9760715],[151.2523299,-33.976069],[151.252315,-33.976069],[151.2523019,-33.9760705],[151.2522886,-33.9760732],[151.2522702,-33.9760792],[151.2522484,-33.9760881],[151.2522331,-33.9760931],[151.2522206,-33.9760968],[151.2522118,-33.976097],[151.2521965,-33.976096],[151.252187,-33.9760939],[151.2521775,-33.9760905],[151.2520967,-33.9760476],[151.2520794,-33.9760389],[151.2520599,-33.9760336],[151.2520412,-33.9760321],[151.2520212,-33.9760368],[151.252009,-33.9760448],[151.2519952,-33.9760551],[151.2519844,-33.9760672],[151.2519757,-33.9760832],[151.2519724,-33.9761005],[151.2519688,-33.9761185],[151.2519688,-33.9761343],[151.2519729,-33.9761505],[151.2519774,-33.9761605],[151.2519846,-33.9761703],[151.2519917,-33.9761802],[151.2520068,-33.9761935],[151.2520248,-33.9762044],[151.2520454,-33.9762129],[151.2520706,-33.9762198],[151.2521069,-33.9762265],[151.2521321,-33.9762298],[151.2521526,-33.9762303],[151.2521778,-33.9762313],[151.2521945,-33.9762342],[151.2522122,-33.9762392],[151.2522285,-33.976247],[151.2522444,-33.9762616],[151.2522598,-33.9762779],[151.2522745,-33.9762895],[151.2523013,-33.9763039],[151.252325,-33.9763139],[151.2523607,-33.9763233],[151.2523837,-33.9763286],[151.2524091,-33.9763297],[151.2524266,-33.9763262],[151.2524554,-33.9763209],[151.2524941,-33.9763184],[151.252538,-33.9763175],[151.2525734,-33.9763174],[151.2526073,-33.9763128],[151.2526342,-33.9763035],[151.2526549,-33.9762908],[151.2526735,-33.9762797],[151.2526877,-33.9762655],[151.2527003,-33.9762506],[151.2527084,-33.9762324],[151.2527115,-33.9762125],[151.2527114,-33.9761988],[151.2527058,-33.976183],[151.2526957,-33.9761699],[151.2526865,-33.9761607],[151.2526763,-33.9761517],[151.2526663,-33.976144],[151.2526495,-33.9761317],[151.252635,-33.9761246],[151.2526236,-33.9761193],[151.25261,-33.9761133],[151.2525937,-33.976109],[151.2525767,-33.9761063],[151.2525622,-33.9761054],[151.2525327,-33.9761034],[151.2525179,-33.976103],[151.252491,-33.9761046]]]}},{"type":"Feature","properties":{"@id":"way/394856115","golf":"tee","natural":"grass"},"geometry":{"type":"Polygon","coordinates":[[[151.2532427,-33.9762295],[151.253169,-33.9762121],[151.2531464,-33.9762087],[151.2531304,-33.9762098],[151.2531154,-33.9762135],[151.253101,-33.9762236],[151.2530928,-33.9762337],[151.2530803,-33.9762663],[151.2530771,-33.97629],[151.2530786,-33.9763017],[151.2530825,-33.9763089],[151.2530904,-33.9763161],[151.2531025,-33.9763239],[151.2531265,-33.9763323],[151.2531978,-33.976344],[151.2532245,-33.9763451],[151.2532414,-33.9763444],[151.2532558,-33.9763398],[151.253266,-33.9763326],[151.2532718,-33.9763228],[151.2532744,-33.9763121],[151.2532829,-33.9762642],[151.253283,-33.9762537],[151.253277,-33.9762448],[151.2532628,-33.976235],[151.2532427,-33.9762295]]]}},{"type":"Feature","properties":{"@id":"way/394856117","golf":"tee","natural":"grass"},"geometry":{"type":"Polygon","coordinates":[[[151.2541864,-33.976778],[151.2540003,-33.9767794],[151.2539839,-33.9767831],[151.2539741,-33.9767869],[151.2539684,-33.9767919],[151.2539626,-33.976799],[151.2539584,-33.9768072],[151.2539578,-33.9768192],[151.2539594,-33.9768308],[151.2539635,-33.9768406],[151.2539712,-33.9768479],[151.2539827,-33.9768539],[151.2539945,-33.9768578],[151.2540104,-33.9768593],[151.2541902,-33.9768492],[151.2542078,-33.9768463],[151.254223,-33.9768388],[151.25423,-33.9768304],[151.2542368,-33.9768201],[151.2542373,-33.9768075],[151.2542304,-33.9767955],[151.2542206,-33.9767886],[151.2542088,-33.9767836],[151.2541976,-33.9767798],[151.2541864,-33.976778]]]}},{"type":"Feature","properties":{"@id":"way/394856146","golf":"bunker","natural":"sand"},"geometry":{"type":"Polygon","coordinates":[[[151.2514556,-33.9766461],[151.2514597,-33.976638],[151.2514632,-33.9766236],[151.2514688,-33.9766117],[151.2514733,-33.9765999],[151.2514802,-33.9765872],[151.2514869,-33.9765755],[151.2514956,-33.9765568],[151.2514934,-33.9765509],[151.2514901,-33.9765484],[151.2514869,-33.9765477],[151.251475,-33.9765485],[151.25146,-33.9765489],[151.251449,-33.97655],[151.2514437,-33.9765518],[151.2514396,-33.9765551],[151.2514351,-33.9765635],[151.2514306,-33.9765728],[151.2514283,-33.9765855],[151.2514223,-33.9765924],[151.251413,-33.9765991],[151.2514048,-33.9766064],[151.2513998,-33.9766132],[151.2513954,-33.9766204],[151.251394,-33.9766279],[151.2514004,-33.9766344],[151.2514127,-33.9766413],[151.2514294,-33.9766491],[151.251438,-33.9766519],[151.2514478,-33.9766501],[151.2514556,-33.9766461]]]}},{"type":"Feature","properties":{"@id":"way/394856195","golf":"green","natural":"grass"},"geometry":{"type":"Polygon","coordinates":[[[151.2525219,-33.9761605],[151.2524913,-33.9761692],[151.2524612,-33.9761807],[151.2524289,-33.9761845],[151.2524063,-33.9761925],[151.252377,-33.976207],[151.2523618,-33.9762202],[151.2523586,-33.9762338],[151.2523586,-33.9762591],[151.2523617,-33.9762702],[151.2523699,-33.9762813],[151.252386,-33.9762907],[151.2524051,-33.9762959],[151.2524232,-33.9762976],[151.2524423,-33.9762959],[151.2525206,-33.9762796],[151.2525872,-33.9762577],[151.2526013,-33.9762489],[151.2526102,-33.9762393],[151.2526168,-33.9762237],[151.2526182,-33.9762064],[151.2526132,-33.9761922],[151.2526082,-33.9761831],[151.2525935,-33.976171],[151.2525768,-33.9761619],[151.252557,-33.9761577],[151.2525219,-33.9761605]]]}},{"type":"Feature","properties":{"@id":"way/394856200","golf":"fairway","natural":"grass"},"geometry":{"type":"Polygon","coordinates":[[[151.254783,-33.9762504],[151.2544034,-33.9762344],[151.2541992,-33.9762304],[151.2541698,-33.9762325],[151.2541337,-33.9762377],[151.2541108,-33.9762422],[151.2540776,-33.9762381],[151.254051,-33.9762361],[151.2540322,-33.9762358],[151.2540138,-33.9762418],[151.2539943,-33.9762513],[151.2539798,-33.976262],[151.2539758,-33.9762768],[151.253973,-33.9762928],[151.2539712,-33.9763132],[151.2539728,-33.9763298],[151.2539791,-33.9763463],[151.2539867,-33.9763631],[151.2540003,-33.9763789],[151.2540141,-33.9763912],[151.2540388,-33.9764038],[151.2540574,-33.9764118],[151.2541065,-33.976421],[151.2545125,-33.9764719],[151.2546182,-33.9764828],[151.2546366,-33.9764875],[151.2546693,-33.9764958],[151.2547148,-33.976505],[151.2547693,-33.9765172],[151.2548104,-33.9765264],[151.2548647,-33.9765401],[151.2548961,-33.9765462],[151.2553025,-33.9765776],[151.2559634,-33.9766256],[151.2562622,-33.9766472],[151.2563607,-33.9766522],[151.2564243,-33.9766539],[151.2564934,-33.9766589],[151.2565661,-33.9766744],[151.2566057,-33.9766779],[151.2569134,-33.976678],[151.2569347,-33.9766838],[151.2569503,-33.9766954],[151.2569664,-33.9767083],[151.2569857,-33.9767182],[151.2570152,-33.9767299],[151.2570444,-33.9767409],[151.2570765,-33.9767506],[151.2571085,-33.9767581],[151.2571336,-33.9767631],[151.257164,-33.9767658],[151.2572001,-33.9767669],[151.2572351,-33.9767656],[151.2572655,-33.9767629],[151.2572909,-33.976757],[151.257312,-33.9767485],[151.2573333,-33.9767389],[151.2573511,-33.9767274],[151.2573749,-33.9767114],[151.2573941,-33.976697],[151.2574115,-33.9766781],[151.2574278,-33.9766573],[151.2574379,-33.9766393],[151.2574464,-33.9766239],[151.2574489,-33.9766132],[151.257449,-33.9766026],[151.2574475,-33.9765887],[151.2574449,-33.9765774],[151.2574392,-33.9765646],[151.2574312,-33.976549],[151.2574214,-33.97653],[151.2574112,-33.9765085],[151.2574007,-33.9764887],[151.2573888,-33.9764681],[151.2573808,-33.9764553],[151.2573695,-33.9764412],[151.2573541,-33.9764257],[151.2573384,-33.9764106],[151.2573288,-33.9763995],[151.2573189,-33.9763891],[151.2573058,-33.9763769],[151.2572967,-33.9763685],[151.2572845,-33.976361],[151.2572719,-33.976356],[151.257257,-33.9763527],[151.2572407,-33.9763515],[151.257225,-33.9763509],[151.2572079,-33.9763511],[151.2571934,-33.9763522],[151.257174,-33.9763557],[151.257155,-33.9763597],[151.2571306,-33.9763648],[151.2571112,-33.97637],[151.2570906,-33.9763759],[151.2570712,-33.9763853],[151.2570531,-33.976394],[151.2570361,-33.9764],[151.2570284,-33.976399],[151.256937,-33.9763934],[151.255578,-33.9763271],[151.2550264,-33.9762702],[151.254783,-33.9762504]]]}},{"type":"Feature","properties":{"@id":"way/394856223","golf":"bunker","natural":"sand"},"geometry":{"type":"Polygon","coordinates":[[[151.2554972,-33.9762615],[151.2554887,-33.9762667],[151.2554807,-33.9762731],[151.2554747,-33.9762789],[151.2554658,-33.9762802],[151.2554529,-33.9762821],[151.2554405,-33.9762865],[151.2554351,-33.9762921],[151.255434,-33.9762997],[151.2554358,-33.976308],[151.2554428,-33.9763145],[151.2554494,-33.9763164],[151.2554774,-33.9763177],[151.2554946,-33.9763238],[151.2555105,-33.9763282],[151.2555238,-33.9763314],[151.2555398,-33.9763309],[151.2555472,-33.9763261],[151.2555532,-33.9763206],[151.2555583,-33.9763141],[151.2555611,-33.976307],[151.2555614,-33.9762999],[151.2555582,-33.9762941],[151.2555544,-33.9762885],[151.2555493,-33.9762825],[151.2555339,-33.9762688],[151.255525,-33.9762646],[151.2555177,-33.9762615],[151.2555085,-33.9762605],[151.2554972,-33.9762615]]]}},{"type":"Feature","properties":{"@id":"way/394856261","golf":"green","natural":"grass"},"geometry":{"type":"Polygon","coordinates":[[[151.2571681,-33.9764684],[151.2571294,-33.9764899],[151.257106,-33.9765111],[151.2570823,-33.9765455],[151.257071,-33.9765723],[151.2570687,-33.9765843],[151.2570688,-33.9765929],[151.2570708,-33.976603],[151.257077,-33.9766165],[151.2570863,-33.9766285],[151.2570993,-33.9766367],[151.2571188,-33.9766479],[151.2571389,-33.9766573],[151.2571567,-33.9766645],[151.2571725,-33.976671],[151.2571904,-33.9766763],[151.2572101,-33.976678],[151.2572298,-33.9766774],[151.2572513,-33.9766742],[151.2572646,-33.976671],[151.2572785,-33.976665],[151.2572923,-33.9766594],[151.2573031,-33.9766522],[151.2573144,-33.9766419],[151.2573257,-33.976631],[151.2573336,-33.9766168],[151.2573367,-33.9766029],[151.2573384,-33.9765897],[151.257337,-33.9765736],[151.2573333,-33.9765583],[151.2573236,-33.9765381],[151.2573145,-33.9765244],[151.2573047,-33.9765122],[151.2572919,-33.9764999],[151.2572762,-33.9764877],[151.2572575,-33.9764763],[151.2572411,-33.976469],[151.2572208,-33.9764625],[151.2571983,-33.9764602],[151.2571806,-33.9764634],[151.2571681,-33.9764684]]]}},{"type":"Feature","properties":{"@id":"way/394856292","golf":"bunker","natural":"sand"},"geometry":{"type":"Polygon","coordinates":[[[151.2552194,-33.9762327],[151.2552106,-33.9762266],[151.255204,-33.9762214],[151.255197,-33.9762176],[151.2551906,-33.9762167],[151.2551811,-33.9762167],[151.2551716,-33.9762182],[151.2551649,-33.9762206],[151.2551581,-33.9762235],[151.2551509,-33.9762268],[151.2551439,-33.976232],[151.2551374,-33.9762372],[151.2551321,-33.9762436],[151.2551284,-33.9762515],[151.2551259,-33.9762585],[151.2551245,-33.9762681],[151.2551277,-33.9762751],[151.2551337,-33.9762829],[151.2551391,-33.9762906],[151.2551598,-33.9762996],[151.2551833,-33.9763023],[151.255205,-33.976302],[151.2552113,-33.9763004],[151.2552152,-33.9762977],[151.2552225,-33.9762906],[151.2552284,-33.9762889],[151.2552357,-33.976289],[151.2552447,-33.9762898],[151.2552523,-33.9762933],[151.2552614,-33.9763001],[151.2552706,-33.9763064],[151.255277,-33.9763105],[151.2552847,-33.9763131],[151.2552976,-33.9763136],[151.2553094,-33.9763121],[151.2553171,-33.9763082],[151.2553237,-33.9763036],[151.2553292,-33.9762993],[151.2553341,-33.9762933],[151.2553395,-33.9762855],[151.2553444,-33.9762785],[151.2553454,-33.9762694],[151.255346,-33.97626],[151.2553453,-33.9762551],[151.2553426,-33.9762512],[151.2553378,-33.976246],[151.2553339,-33.9762417],[151.255328,-33.976237],[151.255322,-33.9762333],[151.2553143,-33.9762295],[151.2553057,-33.9762272],[151.2552958,-33.9762264],[151.2552885,-33.9762274],[151.2552793,-33.9762301],[151.2552687,-33.9762333],[151.2552541,-33.9762385],[151.2552456,-33.976242],[151.2552366,-33.976243],[151.2552299,-33.9762411],[151.2552194,-33.9762327]]]}},{"type":"Feature","properties":{"@id":"way/394856471","golf":"hole","ref":"12","par":"3"},"geometry":{"type":"LineString","coordinates":[[151.2507297,-33.9757165],[151.2516563,-33.9760883],[151.252498,-33.9762303]]}},{"type":"Feature","properties":{"@id":"way/394856474","golf":"hole","ref":"13","par":"4"},"geometry":{"type":"LineString","coordinates":[[151.2529071,-33.9762182],[151.2572314,-33.9765737]]}},{"type":"Feature","properties":{"@id":"way/394856478","golf":"hole","ref":"14","par":"4"},"geometry":{"type":"LineString","coordinates":[[151.2567366,-33.976789],[151.2529879,-33.9782411]]}},{"type":"Feature","properties":{"@id":"way/394856481","golf":"hole","ref":"15","par":"3"},"geometry":{"type":"LineString","coordinates":[[151.2525857,-33.9775957],[151.2542624,-33.9771578]]}},{"type":"Feature","properties":{"@id":"way/394856483","golf":"hole","ref":"16","par":"4"},"geometry":{"type":"LineString","coordinates":[[151.2546873,-33.9768918],[151.2543213,-33.9768775],[151.2521913,-33.9767946],[151.2513316,-33.9765039]]}},{"type":"Feature","properties":{"@id":"way/739509725","golf":"green"},"geometry":{"type":"Polygon","coordinates":[[[151.2553966,-33.9758763],[151.255376,-33.9758804],[151.2553331,-33.9758949],[151.2552875,-33.9759216],[151.25525,-33.9759505],[151.2552401,-33.9759679],[151.2552366,-33.9759905],[151.255239,-33.9760059],[151.2552452,-33.9760224],[151.2552559,-33.976037],[151.2552748,-33.9760512],[151.2552961,-33.9760587],[151.2553302,-33.9760679],[151.2553634,-33.9760723],[151.255397,-33.9760764],[151.2554264,-33.9760754],[151.2554544,-33.9760655],[151.2554784,-33.976057],[151.2554928,-33.9760381],[151.2554993,-33.9760176],[151.2555018,-33.9759911],[151.2554983,-33.9759647],[151.2554925,-33.9759407],[151.2554841,-33.9759188],[151.2554673,-33.9758994],[151.2554431,-33.975884],[151.2554198,-33.9758765],[151.2553966,-33.9758763]]]}},{"type":"Feature","properties":{"@id":"way/739509726","golf":"green"},"geometry":{"type":"Polygon","coordinates":[[[151.258006,-33.976243],[151.2579926,-33.9762401],[151.2579728,-33.9762459],[151.2579226,-33.9762613],[151.2578587,-33.9762856],[151.257814,-33.9763098],[151.2577986,-33.9763229],[151.2577918,-33.9763389],[151.2577871,-33.9763704],[151.2578058,-33.976397],[151.2578327,-33.9764163],[151.2578665,-33.9764222],[151.2578992,-33.9764071],[151.2579442,-33.9763805],[151.2579874,-33.9763437],[151.2580201,-33.9763137],[151.2580417,-33.9762958],[151.2580446,-33.976274],[151.2580317,-33.9762551],[151.2580206,-33.9762468],[151.258006,-33.976243]]]}},{"type":"Feature","properties":{"@id":"way/739509727","golf":"bunker","natural":"sand"},"geometry":{"type":"Polygon","coordinates":[[[151.2578008,-33.9761731],[151.2577894,-33.9761681],[151.2577794,-33.9761665],[151.2577704,-33.9761685],[151.2577637,-33.9761739],[151.2577609,-33.9762019],[151.2577647,-33.9762371],[151.2577683,-33.9762501],[151.2577713,-33.976259],[151.2577799,-33.9762652],[151.25779,-33.9762673],[151.2577993,-33.9762655],[151.2578068,-33.9762634],[151.2578153,-33.9762577],[151.2578228,-33.976252],[151.2578277,-33.9762456],[151.2578265,-33.9762389],[151.2578194,-33.9762345],[151.2578111,-33.9762304],[151.2578074,-33.9762246],[151.2578079,-33.976218],[151.25781,-33.9762129],[151.2578167,-33.9762088],[151.2578233,-33.9762043],[151.2578196,-33.9761949],[151.2578114,-33.9761834],[151.2578008,-33.9761731]]]}},{"type":"Feature","properties":{"@id":"way/739509728","golf":"bunker","natural":"sand"},"geometry":{"type":"Polygon","coordinates":[[[151.2552782,-33.969809],[151.2552638,-33.9698098],[151.2552536,-33.9698147],[151.2552458,-33.9698219],[151.2552386,-33.9698326],[151.2552359,-33.9698422],[151.2552378,-33.9698545],[151.2552433,-33.969869],[151.2552532,-33.9698771],[151.2552627,-33.9698872],[151.255274,-33.9698977],[151.2552843,-33.969905],[151.2552952,-33.9699092],[151.255313,-33.9699101],[151.2553274,-33.9699093],[151.2553367,-33.9699033],[151.2553403,-33.9698909],[151.2553431,-33.9698785],[151.2553422,-33.969866],[151.255343,-33.9698536],[151.2553393,-33.9698446],[151.2553319,-33.9698337],[151.2553203,-33.9698262],[151.2553086,-33.969819],[151.2552938,-33.9698125],[151.2552782,-33.969809]]]}},{"type":"Feature","properties":{"@id":"way/739509729","golf":"bunker","natural":"sand"},"geometry":{"type":"Polygon","coordinates":[[[151.2554405,-33.9696944],[151.2554227,-33.9696934],[151.2554113,-33.9696945],[151.2554008,-33.9696961],[151.2553937,-33.9697014],[151.2553874,-33.9697113],[151.2553837,-33.9697224],[151.2553827,-33.9697301],[151.2553832,-33.969742],[151.2553863,-33.9697488],[151.2553994,-33.9697558],[151.255411,-33.9697584],[151.2554229,-33.9697576],[151.2554366,-33.969756],[151.2554454,-33.9697576],[151.2554567,-33.9697665],[151.2554616,-33.9697749],[151.2554689,-33.969781],[151.2554765,-33.969785],[151.2554885,-33.9697816],[151.2554921,-33.9697777],[151.2554951,-33.9697669],[151.2554971,-33.9697547],[151.255497,-33.9697413],[151.2554975,-33.9697281],[151.2554945,-33.9697166],[151.2554856,-33.9697062],[151.255475,-33.9696993],[151.2554655,-33.969696],[151.2554528,-33.9696942],[151.2554405,-33.9696944]]]}},{"type":"Feature","properties":{"@id":"way/739509730","golf":"green"},"geometry":{"type":"Polygon","coordinates":[[[151.2554517,-33.9698401],[151.25542,-33.9698346],[151.2553915,-33.9698468],[151.255373,-33.9698606],[151.2553588,-33.9698869],[151.255355,-33.9699235],[151.2553664,-33.9699455],[151.2554034,-33.9699687],[151.2554465,-33.9699762],[151.2554859,-33.9699683],[151.2555115,-33.9699502],[151.2555229,-33.9699184],[151.2555172,-33.9698912],[151.2554996,-33.9698665],[151.255474,-33.9698511],[151.2554517,-33.9698401]]]}},{"type":"Feature","properties":{"@id":"way/739509731","golf":"tee"},"geometry":{"type":"Polygon","coordinates":[[[151.2541994,-33.9688171],[151.2541889,-33.9688178],[151.2541793,-33.9688201],[151.2541638,-33.9688266],[151.2541054,-33.968852],[151.2541178,-33.9688712],[151.2540655,-33.9688984],[151.2542468,-33.9690722],[151.2543959,-33.9689681],[151.2543033,-33.9688863],[151.2542427,-33.9688291],[151.254234,-33.9688225],[151.2542294,-33.9688199],[151.2542201,-33.9688173],[151.254209,-33.9688163],[151.2541994,-33.9688171]]]}},{"type":"Feature","properties":{"@id":"way/739509732","golf":"hole","ref":"1","par":"3"},"geometry":{"type":"LineString","coordinates":[[151.2542205,-33.9689414],[151.2554368,-33.9699106]]}},{"type":"Feature","properties":{"@id":"way/739509733","golf":"bunker","natural":"sand"},"geometry":{"type":"Polygon","coordinates":[[[151.2556303,-33.9707481],[151.2556186,-33.9707411],[151.2556065,-33.9707371],[151.2555976,-33.9707358],[151.2555911,-33.9707391],[151.2555865,-33.9707441],[151.2555879,-33.9707542],[151.2555906,-33.9707621],[151.2555964,-33.9707709],[151.2556121,-33.9707991],[151.255618,-33.9708138],[151.2556212,-33.9708256],[151.2556231,-33.9708355],[151.2556233,-33.9708429],[151.2556292,-33.970848],[151.2556411,-33.9708505],[151.2556528,-33.9708483],[151.2556625,-33.9708451],[151.2556716,-33.9708374],[151.2556732,-33.9708308],[151.2556364,-33.9707549],[151.2556303,-33.9707481]]]}},{"type":"Feature","properties":{"@id":"way/739509734","golf":"bunker","natural":"sand"},"geometry":{"type":"Polygon","coordinates":[[[151.2556942,-33.9708898],[151.2556795,-33.9708848],[151.2556705,-33.9708879],[151.2556608,-33.9708944],[151.2556535,-33.9709013],[151.255648,-33.9709097],[151.2556449,-33.9709192],[151.2556423,-33.9709291],[151.2556406,-33.9709399],[151.2556397,-33.9709502],[151.2556414,-33.970958],[151.255649,-33.9709609],[151.255663,-33.9709612],[151.2556793,-33.9709604],[151.2556899,-33.9709638],[151.2557009,-33.9709633],[151.2557077,-33.970959],[151.2557136,-33.9709521],[151.2557169,-33.9709438],[151.2557171,-33.9709364],[151.255707,-33.9709069],[151.2556942,-33.9708898]]]}},{"type":"Feature","properties":{"@id":"way/739509735","golf":"bunker","natural":"sand"},"geometry":{"type":"Polygon","coordinates":[[[151.255333,-33.9710347],[151.2553248,-33.9710299],[151.2553136,-33.9710311],[151.2553049,-33.9710374],[151.2553028,-33.9710533],[151.2553031,-33.9710672],[151.255309,-33.9710968],[151.2553147,-33.9711054],[151.2553318,-33.9711133],[151.2553678,-33.9711326],[151.2554142,-33.9711425],[151.2554309,-33.9711403],[151.2554394,-33.9711381],[151.2554454,-33.9711276],[151.2554514,-33.9711179],[151.2554505,-33.9711078],[151.2554405,-33.9710992],[151.255425,-33.9710944],[151.2554088,-33.9710915],[151.2553951,-33.9710902],[151.2553792,-33.9710869],[151.2553678,-33.9710797],[151.2553575,-33.9710713],[151.25535,-33.9710626],[151.2553409,-33.9710465],[151.255333,-33.9710347]]]}},{"type":"Feature","properties":{"@id":"way/739509736","golf":"green"},"geometry":{"type":"Polygon","coordinates":[[[151.2554244,-33.9707564],[151.2553876,-33.9707568],[151.2553537,-33.9707623],[151.255332,-33.9707738],[151.2553185,-33.9707861],[151.2553091,-33.970798],[151.2552995,-33.9708126],[151.2552919,-33.9708323],[151.2552906,-33.9708617],[151.2552919,-33.9708734],[151.255293,-33.9708904],[151.2552959,-33.9709079],[151.2553003,-33.9709297],[151.2553071,-33.9709555],[151.255316,-33.9709751],[151.2553281,-33.9709975],[151.2553343,-33.9710085],[151.2553462,-33.9710222],[151.2553638,-33.9710382],[151.2553849,-33.9710436],[151.2554055,-33.9710441],[151.2554238,-33.9710405],[151.2554417,-33.9710321],[151.2554607,-33.9710202],[151.2554819,-33.970999],[151.2555301,-33.9709524],[151.2555414,-33.9709415],[151.2555504,-33.9709292],[151.2555575,-33.9709141],[151.2555624,-33.9708971],[151.255563,-33.970879],[151.2555518,-33.9708497],[151.2555391,-33.9708276],[151.2555255,-33.9708114],[151.2555003,-33.9707874],[151.2554767,-33.9707732],[151.2554541,-33.9707636],[151.2554244,-33.9707564]]]}},{"type":"Feature","properties":{"@id":"way/739509737","golf":"green"},"geometry":{"type":"Polygon","coordinates":[[[151.2549123,-33.9710457],[151.2548831,-33.9710399],[151.2548515,-33.9710379],[151.2548359,-33.9710371],[151.2548212,-33.9710399],[151.2547926,-33.9710573],[151.2547757,-33.9710796],[151.2547722,-33.9711028],[151.2547803,-33.9711202],[151.2548084,-33.9711357],[151.254848,-33.971157],[151.2548866,-33.9711812],[151.2549163,-33.9711812],[151.2549449,-33.9711662],[151.2549613,-33.9711425],[151.2549613,-33.9711173],[151.2549461,-33.971081],[151.2549304,-33.9710578],[151.2549123,-33.9710457]]]}},{"type":"Feature","properties":{"@id":"way/739509738","golf":"green"},"geometry":{"type":"Polygon","coordinates":[[[151.2551552,-33.9715522],[151.255121,-33.9715468],[151.2550917,-33.9715515],[151.2550763,-33.9715694],[151.2550705,-33.9715915],[151.2550655,-33.9716346],[151.2550597,-33.9716736],[151.2550678,-33.9716985],[151.2550909,-33.9717144],[151.2551237,-33.9717208],[151.2551568,-33.9717061],[151.2551949,-33.9716889],[151.2552149,-33.9716576],[151.2552288,-33.9716231],[151.2552226,-33.9715883],[151.2552026,-33.9715682],[151.2551776,-33.971556],[151.2551552,-33.9715522]]]}},{"type":"Feature","properties":{"@id":"way/739509739","golf":"green"},"geometry":{"type":"Polygon","coordinates":[[[151.2560925,-33.9724665],[151.2560573,-33.972464],[151.2560242,-33.9724634],[151.2559943,-33.9724665],[151.255973,-33.9724724],[151.2559557,-33.9724811],[151.2559395,-33.9724971],[151.255934,-33.9725116],[151.2559306,-33.9725278],[151.2559325,-33.9725493],[151.255937,-33.9725661],[151.2559424,-33.9725857],[151.2559563,-33.9726063],[151.2559741,-33.9726185],[151.256,-33.9726302],[151.2560325,-33.9726426],[151.2560655,-33.9726492],[151.2561017,-33.9726523],[151.2561396,-33.972649],[151.256171,-33.9726443],[151.256196,-33.9726355],[151.2562188,-33.9726224],[151.256236,-33.9726061],[151.2562456,-33.9725858],[151.2562478,-33.9725578],[151.2562413,-33.9725311],[151.2562292,-33.9725059],[151.2562084,-33.9724886],[151.2561769,-33.9724773],[151.2561364,-33.97247],[151.2560925,-33.9724665]]]}},{"type":"Feature","properties":{"@id":"way/739509740","golf":"bunker","natural":"sand"},"geometry":{"type":"Polygon","coordinates":[[[151.2568891,-33.972602],[151.2568841,-33.9725996],[151.2568768,-33.9725976],[151.2568675,-33.9725982],[151.2568613,-33.9726011],[151.2568552,-33.9726057],[151.2568515,-33.9726125],[151.25685,-33.9726194],[151.2568517,-33.9726299],[151.2568555,-33.9726391],[151.2568623,-33.9726452],[151.2568696,-33.9726522],[151.2568789,-33.9726555],[151.2568867,-33.9726555],[151.2568938,-33.9726528],[151.2568992,-33.9726468],[151.2569034,-33.9726413],[151.2569058,-33.9726369],[151.2569067,-33.9726313],[151.2569058,-33.9726254],[151.2569031,-33.9726179],[151.2568989,-33.9726117],[151.2568941,-33.9726059],[151.2568891,-33.972602]]]}},{"type":"Feature","properties":{"@id":"way/739509741","golf":"green"},"geometry":{"type":"Polygon","coordinates":[[[151.2569175,-33.9727273],[151.2568801,-33.9727108],[151.2568303,-33.9727076],[151.2567995,-33.9727108],[151.2567644,-33.9727273],[151.256743,-33.972754],[151.2567416,-33.9727918],[151.2567535,-33.9728338],[151.2567795,-33.97287],[151.2568094,-33.9729003],[151.256862,-33.972929],[151.256918,-33.9729365],[151.2569583,-33.9729266],[151.256983,-33.9729042],[151.2569948,-33.9728739],[151.2569872,-33.9728334],[151.2569773,-33.972798],[151.2569626,-33.9727638],[151.2569408,-33.972741],[151.2569175,-33.9727273]]]}},{"type":"Feature","properties":{"@id":"way/739509742","golf":"green"},"geometry":{"type":"Polygon","coordinates":[[[151.2563573,-33.9729223],[151.2563207,-33.9729245],[151.2562849,-33.9729405],[151.2562626,-33.9729654],[151.2562587,-33.9729903],[151.2562603,-33.9730235],[151.2562749,-33.9730548],[151.2562992,-33.9730832],[151.2563342,-33.9730986],[151.2563655,-33.9731022],[151.2564066,-33.9730966],[151.2564297,-33.9730823],[151.2564463,-33.9730561],[151.2564517,-33.9730296],[151.2564474,-33.9730018],[151.2564332,-33.9729711],[151.2564151,-33.9729513],[151.2563981,-33.9729392],[151.2563785,-33.9729283],[151.2563573,-33.9729223]]]}},{"type":"Feature","properties":{"@id":"way/739509743","golf":"green"},"geometry":{"type":"Polygon","coordinates":[[[151.2556715,-33.9738378],[151.2556271,-33.9738314],[151.2555891,-33.9738344],[151.255554,-33.9738427],[151.2555269,-33.9738586],[151.2555126,-33.9738798],[151.255503,-33.9739066],[151.2555034,-33.9739385],[151.2555149,-33.9739615],[151.2555388,-33.9739756],[151.2555746,-33.9739769],[151.2556016,-33.9739797],[151.2556594,-33.9739833],[151.2556767,-33.9739785],[151.2556975,-33.9739705],[151.2557103,-33.9739578],[151.2557197,-33.9739382],[151.2557223,-33.9739079],[151.2557209,-33.973885],[151.2557129,-33.9738638],[151.2556974,-33.9738476],[151.2556715,-33.9738378]]]}},{"type":"Feature","properties":{"@id":"way/739509744","golf":"bunker","natural":"sand"},"geometry":{"type":"Polygon","coordinates":[[[151.2556395,-33.9739873],[151.2556318,-33.9739864],[151.2556222,-33.9739871],[151.2556142,-33.9739894],[151.2556062,-33.9739964],[151.2556,-33.9740098],[151.2555975,-33.9740212],[151.2555964,-33.9740331],[151.2555978,-33.9740454],[151.2556058,-33.9740599],[151.2556173,-33.9740646],[151.2556277,-33.9740674],[151.2556413,-33.9740691],[151.2556561,-33.9740685],[151.2556691,-33.9740654],[151.2556808,-33.9740608],[151.2556905,-33.9740544],[151.2556973,-33.974049],[151.2557025,-33.9740437],[151.2557055,-33.9740375],[151.2557072,-33.9740312],[151.2557075,-33.974026],[151.2557028,-33.9740182],[151.2556966,-33.9740105],[151.255688,-33.9740041],[151.2556798,-33.9739994],[151.2556683,-33.9739943],[151.2556576,-33.9739917],[151.2556466,-33.9739887],[151.2556395,-33.9739873]]]}},{"type":"Feature","properties":{"@id":"way/739509745","golf":"bunker","natural":"sand"},"geometry":{"type":"Polygon","coordinates":[[[151.2555752,-33.9740274],[151.2555722,-33.9740208],[151.2555632,-33.9740139],[151.2555542,-33.974008],[151.2555424,-33.9740034],[151.255528,-33.9740028],[151.2555161,-33.974007],[151.2555075,-33.9740133],[151.2555016,-33.9740195],[151.2554982,-33.9740251],[151.2555006,-33.974035],[151.2555056,-33.9740434],[151.2555174,-33.9740564],[151.2555281,-33.9740654],[151.2555435,-33.9740709],[151.2555594,-33.9740717],[151.2555707,-33.974071],[151.2555765,-33.9740666],[151.2555793,-33.9740588],[151.2555797,-33.974051],[151.2555778,-33.9740385],[151.2555752,-33.9740274]]]}},{"type":"Feature","properties":{"@id":"way/739509746","golf":"water_hazard","natural":"water"},"geometry":{"type":"Polygon","coordinates":[[[151.2553951,-33.9748267],[151.2553682,-33.974827],[151.2553323,-33.9748317],[151.255286,-33.9748434],[151.2552487,-33.974855],[151.2552258,-33.9748632],[151.2552134,-33.9748704],[151.2552007,-33.974888],[151.2551933,-33.9749149],[151.2551874,-33.9749433],[151.2551788,-33.974978],[151.2551715,-33.9750215],[151.2551662,-33.9750543],[151.2551468,-33.9751597],[151.2551347,-33.9752178],[151.2551257,-33.9752887],[151.2551233,-33.9753494],[151.2551258,-33.9754081],[151.2551306,-33.9754433],[151.2551394,-33.9754622],[151.2551786,-33.975477],[151.2552015,-33.9754732],[151.2552326,-33.975466],[151.2552657,-33.9754649],[151.2552948,-33.9754475],[151.2553334,-33.9754251],[151.2553866,-33.975402],[151.2554135,-33.97539],[151.2554396,-33.9753737],[151.2554691,-33.9753521],[151.2555055,-33.9753257],[151.2555324,-33.9753028],[151.2555549,-33.9752724],[151.2555677,-33.9752541],[151.2555733,-33.9752352],[151.2555763,-33.9752095],[151.25558,-33.9751632],[151.2555777,-33.9751021],[151.2555712,-33.9750572],[151.2555644,-33.9750116],[151.2555505,-33.9749627],[151.2555338,-33.9749264],[151.2555141,-33.9748996],[151.2555006,-33.9748867],[151.2554829,-33.9748711],[151.2554629,-33.9748545],[151.2554487,-33.974845],[151.2554218,-33.9748304],[151.2553951,-33.9748267]]]}},{"type":"Feature","properties":{"@id":"way/739509747","golf":"green"},"geometry":{"type":"Polygon","coordinates":[[[151.2576571,-33.9756323],[151.2576367,-33.9756346],[151.2576192,-33.9756405],[151.2576041,-33.9756478],[151.2575936,-33.9756595],[151.2575869,-33.9756705],[151.2575798,-33.9756934],[151.2575773,-33.9757078],[151.2575757,-33.9757215],[151.2575764,-33.9757339],[151.2575791,-33.9757433],[151.2575856,-33.9757527],[151.2576008,-33.9757624],[151.2576149,-33.9757668],[151.2576517,-33.9757717],[151.2576791,-33.9757743],[151.2577095,-33.9757737],[151.2577408,-33.9757654],[151.2577595,-33.9757565],[151.2577735,-33.9757453],[151.2577808,-33.9757326],[151.2577849,-33.9757182],[151.2577856,-33.9757012],[151.2577814,-33.975681],[151.2577728,-33.9756622],[151.2577611,-33.9756482],[151.2577474,-33.9756403],[151.2577269,-33.9756363],[151.2577057,-33.9756336],[151.2576799,-33.975632],[151.2576571,-33.9756323]]]}},{"type":"Feature","properties":{"@id":"way/739509748","golf":"green"},"geometry":{"type":"Polygon","coordinates":[[[151.2582208,-33.9750686],[151.2581972,-33.975069],[151.2581858,-33.9750708],[151.2581651,-33.9750784],[151.258151,-33.9750914],[151.258141,-33.9751032],[151.2581354,-33.9751147],[151.2581331,-33.9751341],[151.2581361,-33.975153],[151.2581427,-33.9751757],[151.2581572,-33.9752018],[151.2581758,-33.9752322],[151.2581993,-33.9752579],[151.2582206,-33.9752766],[151.2582448,-33.9752858],[151.258275,-33.9752877],[151.2583057,-33.9752785],[151.2583286,-33.9752636],[151.2583417,-33.9752482],[151.2583484,-33.9752272],[151.2583497,-33.9752039],[151.2583433,-33.9751819],[151.258332,-33.9751536],[151.2583135,-33.9751303],[151.2582944,-33.9751082],[151.2582711,-33.9750903],[151.2582463,-33.9750765],[151.2582208,-33.9750686]]]}},{"type":"Feature","properties":{"@id":"way/739509749","golf":"green"},"geometry":{"type":"Polygon","coordinates":[[[151.253919,-33.9687018],[151.253902,-33.968703],[151.2538881,-33.9687077],[151.2538754,-33.9687165],[151.2538662,-33.9687263],[151.2538606,-33.9687362],[151.2538599,-33.9687461],[151.2538622,-33.9687561],[151.2538668,-33.9687684],[151.2539108,-33.968838],[151.2539221,-33.9688542],[151.2539335,-33.9688692],[151.25394,-33.9688776],[151.2539487,-33.9688841],[151.2539561,-33.9688887],[151.253969,-33.9688936],[151.2539849,-33.9688927],[151.253999,-33.9688918],[151.25401,-33.968889],[151.254021,-33.9688826],[151.2540274,-33.9688754],[151.2540314,-33.9688682],[151.2540333,-33.9688598],[151.2540335,-33.9688505],[151.2540314,-33.9688413],[151.2540129,-33.9688057],[151.2539886,-33.9687653],[151.2539642,-33.9687273],[151.253952,-33.9687146],[151.2539431,-33.9687088],[151.2539308,-33.968704],[151.253919,-33.9687018]]]}},{"type":"Feature","properties":{"@id":"way/739509750","golf":"green"},"geometry":{"type":"Polygon","coordinates":[[[151.252627,-33.9689817],[151.2526141,-33.9689832],[151.2526003,-33.9689874],[151.2525891,-33.9689918],[151.2525789,-33.9689992],[151.2525706,-33.9690057],[151.2525622,-33.9690156],[151.2525572,-33.9690238],[151.2525543,-33.9690343],[151.2525546,-33.969044],[151.2525543,-33.9690545],[151.2525598,-33.9690713],[151.2525634,-33.9690791],[151.2525686,-33.9690871],[151.2525748,-33.9690957],[151.2525809,-33.9691013],[151.2525885,-33.9691086],[151.2525976,-33.9691163],[151.2526086,-33.9691241],[151.2526224,-33.9691321],[151.2526356,-33.9691373],[151.2526523,-33.9691422],[151.2526691,-33.9691442],[151.2526859,-33.9691441],[151.2527028,-33.9691419],[151.2527152,-33.969138],[151.252726,-33.9691318],[151.2527332,-33.9691211],[151.2527346,-33.9691091],[151.252734,-33.9690991],[151.2527333,-33.9690875],[151.2527303,-33.9690739],[151.2527252,-33.9690587],[151.2527182,-33.9690424],[151.2527082,-33.9690262],[151.2526968,-33.9690117],[151.2526859,-33.9690016],[151.2526714,-33.9689908],[151.2526556,-33.9689841],[151.2526416,-33.9689823],[151.252627,-33.9689817]]]}},{"type":"Feature","properties":{"@id":"way/739509751","golf":"tee"},"geometry":{"type":"Polygon","coordinates":[[[151.2538276,-33.9691714],[151.2538261,-33.9691637],[151.253823,-33.9691571],[151.2536494,-33.969151],[151.2536439,-33.9691534],[151.2536422,-33.9691596],[151.253641,-33.9691715],[151.2536755,-33.9692615],[151.253682,-33.9692663],[151.253696,-33.9692697],[151.2538053,-33.9692732],[151.2538109,-33.969267],[151.2538251,-33.9691924],[151.2538276,-33.9691714]]]}},{"type":"Feature","properties":{"@id":"way/739509752","golf":"hole","ref":"10","par":"3"},"geometry":{"type":"LineString","coordinates":[[151.2537512,-33.9692256],[151.2526427,-33.9690655]]}},{"type":"Feature","properties":{"@id":"way/739509753","golf":"bunker","natural":"sand"},"geometry":{"type":"Polygon","coordinates":[[[151.2528159,-33.9696628],[151.2528077,-33.9696623],[151.2528019,-33.9696651],[151.2527967,-33.9696698],[151.2527939,-33.9696766],[151.252794,-33.9696824],[151.2527944,-33.9696864],[151.2527954,-33.9696929],[151.2527994,-33.9697037],[151.252804,-33.9697109],[151.2528427,-33.9697626],[151.2528525,-33.9697748],[151.2528603,-33.9697816],[151.2528704,-33.9697842],[151.2528787,-33.9697833],[151.2528878,-33.9697813],[151.2528968,-33.9697749],[151.2529022,-33.9697662],[151.2529045,-33.969756],[151.2529052,-33.9697459],[151.2529028,-33.9697366],[151.2528985,-33.9697287],[151.252892,-33.9697199],[151.252881,-33.9697076],[151.2528713,-33.9697004],[151.2528598,-33.9696911],[151.2528482,-33.9696851],[151.2528363,-33.9696776],[151.2528272,-33.9696685],[151.2528159,-33.9696628]]]}},{"type":"Feature","properties":{"@id":"way/739509754","golf":"green"},"geometry":{"type":"Polygon","coordinates":[[[151.2529587,-33.9696843],[151.2529306,-33.9696915],[151.2529159,-33.9697122],[151.2529175,-33.9697306],[151.2529341,-33.969766],[151.252967,-33.9698189],[151.2529911,-33.9698573],[151.2530272,-33.9698724],[151.2530624,-33.96986],[151.2530822,-33.969835],[151.2530937,-33.9698084],[151.2530866,-33.9697762],[151.2530767,-33.9697516],[151.2530608,-33.9697243],[151.2530276,-33.9697059],[151.2529919,-33.9696895],[151.2529587,-33.9696843]]]}},{"type":"Feature","properties":{"@id":"way/739509755","golf":"tee"},"geometry":{"type":"Polygon","coordinates":[[[151.2523303,-33.9690778],[151.2523245,-33.9690826],[151.2523203,-33.96909],[151.2523168,-33.9690979],[151.2523161,-33.9691047],[151.2523172,-33.969113],[151.25232,-33.9691204],[151.2523232,-33.969128],[151.2523885,-33.96923],[151.2523883,-33.969235],[151.2523871,-33.9692388],[151.2523742,-33.9692451],[151.2524627,-33.9693499],[151.2524774,-33.9693503],[151.2524906,-33.9693494],[151.2525043,-33.9693487],[151.2525179,-33.9693469],[151.2525324,-33.9693426],[151.2525424,-33.9693389],[151.2525534,-33.9693341],[151.2525639,-33.9693291],[151.2525719,-33.9693223],[151.2525791,-33.9693151],[151.2525859,-33.969307],[151.2525902,-33.9693005],[151.2525962,-33.9692919],[151.2525972,-33.969287],[151.2525963,-33.9692817],[151.252521,-33.969203],[151.2525135,-33.9692021],[151.2525073,-33.9692011],[151.2525001,-33.9691986],[151.2524942,-33.9691967],[151.2524893,-33.9691946],[151.2524828,-33.9691919],[151.2524766,-33.9691889],[151.2524673,-33.9691797],[151.2524721,-33.9691763],[151.2524819,-33.9691678],[151.2524786,-33.9691535],[151.2524044,-33.9690795],[151.2523977,-33.9690729],[151.2523849,-33.9690602],[151.2523734,-33.9690487],[151.2523303,-33.9690778]]]}},{"type":"Feature","properties":{"@id":"way/739509756","golf":"hole","ref":"11","par":"3"},"geometry":{"type":"LineString","coordinates":[[151.2523949,-33.9691656],[151.2530135,-33.9697878]]}},{"type":"Feature","properties":{"@id":"way/739509757","golf":"bunker","natural":"sand"},"geometry":{"type":"Polygon","coordinates":[[[151.2534129,-33.9693921],[151.2534064,-33.9693926],[151.2534015,-33.9693937],[151.2533971,-33.9693954],[151.2533922,-33.969399],[151.2533879,-33.9694039],[151.2533857,-33.9694078],[151.2533829,-33.9694144],[151.2533818,-33.9694201],[151.2533823,-33.969427],[151.2533844,-33.969432],[151.2533871,-33.9694353],[151.2533905,-33.969439],[151.2533945,-33.9694428],[151.2534002,-33.9694454],[151.2534069,-33.9694475],[151.2534146,-33.9694484],[151.2534229,-33.9694492],[151.2534321,-33.9694483],[151.253438,-33.9694458],[151.2534426,-33.9694414],[151.2534477,-33.9694355],[151.2534488,-33.9694292],[151.2534484,-33.9694239],[151.2534479,-33.9694185],[151.2534474,-33.9694133],[151.2534451,-33.969408],[151.2534422,-33.9694037],[151.2534378,-33.9693993],[151.2534323,-33.9693961],[151.2534264,-33.9693933],[151.2534196,-33.9693921],[151.2534129,-33.9693921]]]}},{"type":"Feature","properties":{"@id":"way/739509758","golf":"green"},"geometry":{"type":"Polygon","coordinates":[[[151.253285,-33.9694068],[151.2532613,-33.9694005],[151.2532338,-33.9694017],[151.2532112,-33.9694066],[151.253193,-33.9694165],[151.2531784,-33.9694264],[151.2531716,-33.9694355],[151.2531668,-33.9694466],[151.2531656,-33.9694588],[151.2531674,-33.9694731],[151.2531728,-33.9694888],[151.2531796,-33.9695011],[151.2531882,-33.9695145],[151.2531981,-33.9695282],[151.2532126,-33.9695422],[151.253228,-33.9695525],[151.253251,-33.9695574],[151.2532706,-33.9695581],[151.2532904,-33.9695554],[151.2533045,-33.9695481],[151.2533142,-33.9695393],[151.253324,-33.9695279],[151.2533294,-33.9695168],[151.2533355,-33.9695013],[151.2533369,-33.9694825],[151.2533326,-33.9694618],[151.2533273,-33.9694457],[151.2533171,-33.96943],[151.2533022,-33.9694162],[151.253285,-33.9694068]]]}},{"type":"Feature","properties":{"@id":"way/739509759","golf":"bunker","natural":"sand"},"geometry":{"type":"Polygon","coordinates":[[[151.2536186,-33.9698837],[151.2536045,-33.9698828],[151.2535918,-33.9698875],[151.2535851,-33.9698951],[151.2535812,-33.9699036],[151.2535805,-33.969915],[151.2535812,-33.9699253],[151.2535853,-33.9699415],[151.2535921,-33.9699558],[151.2536002,-33.9699628],[151.2536101,-33.9699686],[151.2536226,-33.9699688],[151.2536341,-33.9699655],[151.2536413,-33.9699612],[151.2536504,-33.9699536],[151.2536512,-33.969944],[151.2536468,-33.9699308],[151.2536424,-33.9699202],[151.2536389,-33.9699107],[151.2536366,-33.969904],[151.2536327,-33.9698953],[151.253626,-33.9698865],[151.2536186,-33.9698837]]]}},{"type":"Feature","properties":{"@id":"way/739509760","golf":"bunker","natural":"sand"},"geometry":{"type":"Polygon","coordinates":[[[151.2533664,-33.9700572],[151.2533571,-33.9700535],[151.253347,-33.9700538],[151.2533362,-33.9700579],[151.2533264,-33.9700654],[151.2533207,-33.9700729],[151.2533209,-33.9700854],[151.2533245,-33.970097],[151.2533272,-33.9701075],[151.2533359,-33.9701209],[151.2533561,-33.9701313],[151.2533822,-33.9701309],[151.2533888,-33.9701332],[151.2533919,-33.9701393],[151.2533924,-33.9701491],[151.2533927,-33.9701582],[151.2533953,-33.9701705],[151.2534015,-33.9701787],[151.253412,-33.9701863],[151.2534289,-33.9701896],[151.2534443,-33.9701904],[151.2534571,-33.9701869],[151.2534677,-33.9701812],[151.2534748,-33.9701732],[151.2534805,-33.9701623],[151.2534834,-33.9701515],[151.2534841,-33.9701384],[151.2534837,-33.970129],[151.2534778,-33.9701212],[151.2534714,-33.9701199],[151.2534521,-33.9701215],[151.2534405,-33.9701194],[151.2534293,-33.9701064],[151.2534109,-33.9700915],[151.2533911,-33.9700789],[151.2533813,-33.9700693],[151.2533664,-33.9700572]]]}},{"type":"Feature","properties":{"@id":"way/739509761","golf":"green"},"geometry":{"type":"Polygon","coordinates":[[[151.2533965,-33.9698182],[151.2533745,-33.9698216],[151.2533572,-33.9698283],[151.2533415,-33.9698424],[151.2533314,-33.9698606],[151.253324,-33.9698831],[151.253322,-33.9699061],[151.2533242,-33.9699301],[151.253333,-33.9699604],[151.2533456,-33.9699831],[151.2533606,-33.970006],[151.2533805,-33.9700232],[151.2534079,-33.9700413],[151.2534393,-33.9700461],[151.2534709,-33.9700437],[151.2534987,-33.9700333],[151.2535205,-33.9700197],[151.2535414,-33.9700055],[151.2535521,-33.9699867],[151.2535558,-33.9699613],[151.2535483,-33.9699359],[151.2535335,-33.9699003],[151.2535112,-33.9698651],[151.253488,-33.969845],[151.2534576,-33.9698269],[151.2534243,-33.9698156],[151.2533965,-33.9698182]]]}},{"type":"Feature","properties":{"@id":"way/739509762","golf":"green"},"geometry":{"type":"Polygon","coordinates":[[[151.2569511,-33.9735626],[151.2569467,-33.9735859],[151.2569554,-33.9736309],[151.2569713,-33.973667],[151.256997,-33.9737028],[151.2570279,-33.9737235],[151.2570643,-33.973738],[151.257115,-33.9737367],[151.2571413,-33.9737221],[151.2571586,-33.9737091],[151.2571711,-33.9736888],[151.2571815,-33.9736641],[151.2571902,-33.9736178],[151.2571795,-33.9735817],[151.2571609,-33.9735501],[151.2571245,-33.9735281],[151.2570956,-33.9735157],[151.2570548,-33.9735075],[151.257001,-33.9735209],[151.2569665,-33.97354],[151.2569511,-33.9735626]]]}},{"type":"Feature","properties":{"@id":"way/739509763","golf":"tee"},"geometry":{"type":"Polygon","coordinates":[[[151.2574707,-33.9759833],[151.2574653,-33.9760764],[151.2579088,-33.9760665],[151.2579034,-33.9759674],[151.2574707,-33.9759833]]]}},{"type":"Feature","properties":{"@id":"way/739509764","golf":"hole","ref":"6","par":"3"},"geometry":{"type":"LineString","coordinates":[[151.2577501,-33.976019],[151.2553712,-33.9759953]]}},{"type":"Feature","properties":{"@id":"way/739509765","golf":"tee"},"geometry":{"type":"Polygon","coordinates":[[[151.2549163,-33.9760599],[151.2549331,-33.9761106],[151.2549697,-33.9761188],[151.2551285,-33.9759693],[151.2550644,-33.9759256],[151.2549163,-33.9760599]]]}},{"type":"Feature","properties":{"@id":"way/739509766","golf":"hole","ref":"7","par":"4"},"geometry":{"type":"LineString","coordinates":[[151.2549741,-33.9760609],[151.2558956,-33.9751482],[151.2556149,-33.9739336]]}},{"type":"Feature","properties":{"@id":"way/739509767","golf":"tee"},"geometry":{"type":"Polygon","coordinates":[[[151.2558001,-33.9700121],[151.2556043,-33.9701039],[151.2556234,-33.9701319],[151.2557198,-33.9702733],[151.2557942,-33.97023],[151.2557989,-33.970223],[151.2558048,-33.9702159],[151.255811,-33.9702146],[151.2558204,-33.9702157],[151.2558289,-33.9702175],[151.2558348,-33.9702202],[151.255838,-33.9702244],[151.25584,-33.9702297],[151.2558416,-33.9702363],[151.2559512,-33.9701885],[151.2559275,-33.9701548],[151.2559051,-33.970134],[151.2558001,-33.9700121]]]}},{"type":"Feature","properties":{"@id":"way/739509768","golf":"hole","ref":"2","par":"4"},"geometry":{"type":"LineString","coordinates":[[151.2558112,-33.9701291],[151.2566106,-33.9715336],[151.2568652,-33.9728153]]}},{"type":"Feature","properties":{"@id":"way/739509769","golf":"tee"},"geometry":{"type":"Polygon","coordinates":[[[151.2572869,-33.9724038],[151.2572613,-33.9724939],[151.2572504,-33.9725301],[151.2572441,-33.9726169],[151.2572327,-33.9726484],[151.2572936,-33.9728075],[151.2573796,-33.9728055],[151.2573565,-33.9724028],[151.2572869,-33.9724038]]]}},{"type":"Feature","properties":{"@id":"way/739509770","golf":"hole","ref":"3","par":"3"},"geometry":{"type":"LineString","coordinates":[[151.2573199,-33.9725214],[151.2570648,-33.9736115]]}},{"type":"Feature","properties":{"@id":"way/739509771","golf":"tee"},"geometry":{"type":"Polygon","coordinates":[[[151.2558754,-33.9755822],[151.2558651,-33.9757055],[151.2562544,-33.9757043],[151.2562603,-33.9755834],[151.2558754,-33.9755822]]]}},{"type":"Feature","properties":{"@id":"way/739509772","golf":"hole","ref":"15","par":"3"},"geometry":{"type":"LineString","coordinates":[[151.2559691,-33.9756426],[151.2576795,-33.9757051]]}},{"type":"Feature","properties":{"@id":"way/739509773","golf":"tee"},"geometry":{"type":"Polygon","coordinates":[[[151.2555489,-33.9726819],[151.2556296,-33.972832],[151.2556553,-33.9729071],[151.2556999,-33.9730395],[151.2557821,-33.9730205],[151.2556629,-33.9727368],[151.2556301,-33.9726587],[151.2555489,-33.9726819]]]}},{"type":"Feature","properties":{"@id":"way/739509774","golf":"hole","ref":"14","par":"4"},"geometry":{"type":"LineString","coordinates":[[151.2556366,-33.9727494],[151.2566282,-33.9751901]]}},{"type":"Feature","properties":{"@id":"way/739509775","golf":"green"},"geometry":{"type":"Polygon","coordinates":[[[151.2566525,-33.9750963],[151.2566204,-33.9750996],[151.2565877,-33.9751124],[151.2565603,-33.97513],[151.2565433,-33.9751434],[151.2565287,-33.9751644],[151.25652,-33.9751928],[151.2565203,-33.9752222],[151.2565245,-33.9752484],[151.2565396,-33.9752687],[151.256569,-33.9752823],[151.2566013,-33.9752849],[151.2566298,-33.9752828],[151.2566638,-33.9752755],[151.2566895,-33.9752611],[151.256706,-33.9752403],[151.2567226,-33.9752178],[151.2567355,-33.9751963],[151.2567416,-33.975174],[151.256747,-33.9751564],[151.2567449,-33.9751402],[151.2567389,-33.9751276],[151.2567171,-33.9751072],[151.2566878,-33.9750981],[151.2566525,-33.9750963]]]}},{"type":"Feature","properties":{"@id":"way/740052927","natural":"scrub"},"geometry":{"type":"Polygon","coordinates":[[[151.2529757,-33.9694194],[151.2529606,-33.969407],[151.252933,-33.9694081],[151.2529129,-33.9694265],[151.2529052,-33.9694469],[151.2529035,-33.969468],[151.2529137,-33.9694812],[151.2529419,-33.969491],[151.2529745,-33.9694942],[151.2530182,-33.9694953],[151.2530525,-33.9694863],[151.2530716,-33.9694727],[151.2530795,-33.9694559],[151.2530857,-33.969431],[151.2530688,-33.9694178],[151.2530491,-33.9694103],[151.2530157,-33.9694216],[151.2529757,-33.9694194]]]}},{"type":"Feature","properties":{"@id":"way/740052929","golf":"path"},"geometry":{"type":"LineString","coordinates":[[151.2537645,-33.9699976],[151.2537002,-33.9699442],[151.2536653,-33.9699019],[151.2536224,-33.9698218],[151.2536143,-33.9697773],[151.2536251,-33.9697328],[151.2537136,-33.9695682],[151.2537377,-33.9694904],[151.253668,-33.9693769],[151.2535685,-33.9692573],[151.2533658,-33.9690433],[151.2532847,-33.9689378]]}},{"type":"Feature","properties":{"@id":"way/740052930","golf":"path"},"geometry":{"type":"LineString","coordinates":[[151.2537377,-33.9694904],[151.2538376,-33.9693302],[151.2538469,-33.9693004],[151.2538497,-33.9692913],[151.2539169,-33.9690657],[151.2539824,-33.9690356],[151.2539454,-33.9689871],[151.2539265,-33.9689615]]}},{"type":"Feature","properties":{"@id":"way/740052931","golf":"path"},"geometry":{"type":"LineString","coordinates":[[151.2539454,-33.9689871],[151.2539691,-33.9689857],[151.2540489,-33.969004],[151.2541641,-33.9690253],[151.2542598,-33.9691098]]}},{"type":"Feature","properties":{"@id":"way/740052934","golf":"path"},"geometry":{"type":"LineString","coordinates":[[151.2540335,-33.9689092],[151.254054,-33.9688986],[151.2541075,-33.9688708],[151.254069,-33.9688125]]}},{"type":"Feature","properties":{"@id":"way/740052935","golf":"path"},"geometry":{"type":"LineString","coordinates":[[151.2532583,-33.9692363],[151.2535685,-33.9692573],[151.2536865,-33.9692958],[151.2537411,-33.9693027],[151.2538229,-33.9693105],[151.2538469,-33.9693004]]}},{"type":"Feature","properties":{"@id":"way/740052936","golf":"path"},"geometry":{"type":"LineString","coordinates":[[151.2536865,-33.9692958],[151.2536657,-33.9692747],[151.2536326,-33.9691748],[151.2536285,-33.9691244]]}},{"type":"Feature","properties":{"@id":"way/740052948","golf":"tee"},"geometry":{"type":"Polygon","coordinates":[[[151.2554078,-33.9726642],[151.2554589,-33.9727552],[151.2554948,-33.9728138],[151.2555416,-33.9728672],[151.255569,-33.972918],[151.2556553,-33.9729071],[151.2556296,-33.972832],[151.2555489,-33.9726819],[151.2555186,-33.9726256],[151.2554078,-33.9726642]]]}},{"type":"Feature","properties":{"@id":"way/740052949","golf":"hole","ref":"8","par":"3"},"geometry":{"type":"LineString","coordinates":[[151.2555073,-33.972744],[151.2551398,-33.9716363]]}},{"type":"Feature","properties":{"@id":"way/740052950","golf":"hole","ref":"13","par":"3"},"geometry":{"type":"LineString","coordinates":[[151.254775,-33.9718631],[151.2561054,-33.9725638]]}},{"type":"Feature","properties":{"@id":"way/740052951","golf":"tee"},"geometry":{"type":"Polygon","coordinates":[[[151.2535825,-33.9705063],[151.2536361,-33.9704328],[151.2536187,-33.9703945],[151.2534242,-33.9702938],[151.2533525,-33.9703272],[151.2534088,-33.9704056],[151.2534758,-33.9704746],[151.2535825,-33.9705063]]]}},{"type":"Feature","properties":{"@id":"way/740052952","golf":"hole","ref":"12","par":"3"},"geometry":{"type":"LineString","coordinates":[[151.253499,-33.9704067],[151.2548723,-33.9711096]]}},{"type":"Feature","properties":{"@id":"way/740052953","golf":"tee"},"geometry":{"type":"Polygon","coordinates":[[[151.2556769,-33.9704067],[151.2555599,-33.9703398],[151.2555287,-33.9703254],[151.2553566,-33.9702454],[151.2552947,-33.9703116],[151.255661,-33.9705184],[151.2556744,-33.9705208],[151.2556874,-33.9705185],[151.2556986,-33.9705122],[151.2557064,-33.9705004],[151.2557092,-33.9704882],[151.2557116,-33.9704714],[151.2557132,-33.9704596],[151.2557116,-33.9704419],[151.255706,-33.9704282],[151.2557022,-33.9704251],[151.2556932,-33.9704176],[151.2556769,-33.9704067]]]}},{"type":"Feature","properties":{"@id":"way/740052954","golf":"hole","ref":"9","par":"4"},"geometry":{"type":"LineString","coordinates":[[151.2555753,-33.9704073],[151.2539633,-33.9697244],[151.2533294,-33.9695168],[151.2532499,-33.9694908]]}},{"type":"Feature","properties":{"@id":"way/740052956","golf":"tee"},"geometry":{"type":"Polygon","coordinates":[[[151.2549754,-33.9706161],[151.2549366,-33.9706593],[151.2549366,-33.9706676],[151.254943,-33.9706784],[151.2549529,-33.9706889],[151.2549636,-33.9706984],[151.2549763,-33.9707071],[151.2549959,-33.9707179],[151.255022,-33.9707272],[151.2550524,-33.9707385],[151.2550768,-33.9707444],[151.2550959,-33.9707458],[151.2551104,-33.9707411],[151.2551205,-33.9707329],[151.2551274,-33.9707211],[151.2551294,-33.9707071],[151.2551288,-33.970696],[151.2551278,-33.9706851],[151.2551209,-33.9706753],[151.2549754,-33.9706161]]]}},{"type":"Feature","properties":{"@id":"way/740052957","golf":"hole","ref":"18","par":"3"},"geometry":{"type":"LineString","coordinates":[[151.2550288,-33.9707009],[151.2534436,-33.9699468]]}},{"type":"Feature","properties":{"@id":"way/740052960","golf":"tee"},"geometry":{"type":"Polygon","coordinates":[[[151.2573493,-33.9735332],[151.2575192,-33.9737934],[151.2576023,-33.973756],[151.2574324,-33.9734959],[151.2573493,-33.9735332]]]}},{"type":"Feature","properties":{"@id":"way/740052961","golf":"hole","ref":"4","par":"3"},"geometry":{"type":"LineString","coordinates":[[151.2574566,-33.9736226],[151.2582398,-33.975193]]}},{"type":"Feature","properties":{"@id":"way/740052962","golf":"tee"},"geometry":{"type":"Polygon","coordinates":[[[151.2585327,-33.9753439],[151.2584368,-33.9755516],[151.2584408,-33.9755628],[151.2584451,-33.9755712],[151.2584532,-33.9755802],[151.2584763,-33.9755882],[151.2585572,-33.975607],[151.2585696,-33.9756079],[151.2585772,-33.9756033],[151.258579,-33.9755994],[151.2586301,-33.9753722],[151.2586053,-33.9753434],[151.2585492,-33.9753352],[151.2585432,-33.9753366],[151.2585366,-33.9753393],[151.2585327,-33.9753439]]]}},{"type":"Feature","properties":{"@id":"way/740052963","golf":"hole","ref":"5","par":"3"},"geometry":{"type":"LineString","coordinates":[[151.2585701,-33.9754077],[151.2583153,-33.9761261],[151.2579076,-33.9763374]]}},{"type":"Feature","properties":{"@id":"way/740052967","golf":"tee"},"geometry":{"type":"Polygon","coordinates":[[[151.2581106,-33.9758117],[151.2581562,-33.9757871],[151.2581649,-33.9757736],[151.2581665,-33.9757648],[151.2581612,-33.9757557],[151.2580563,-33.9755792],[151.2579537,-33.9756176],[151.2580784,-33.9758058],[151.2580859,-33.975812],[151.2580944,-33.9758142],[151.2581106,-33.9758117]]]}},{"type":"Feature","properties":{"@id":"way/740052968","golf":"hole","ref":"16","par":"4"},"geometry":{"type":"LineString","coordinates":[[151.2580687,-33.9757313],[151.2563521,-33.9730176]]}},{"type":"Feature","properties":{"@id":"way/740052969","golf":"tee"},"geometry":{"type":"Polygon","coordinates":[[[151.2560555,-33.9722163],[151.2560666,-33.972227],[151.2560812,-33.9722301],[151.2560966,-33.9722297],[151.2561118,-33.972226],[151.2561216,-33.9722194],[151.2561294,-33.9722115],[151.2561315,-33.9722003],[151.2561134,-33.9721657],[151.2560515,-33.9720479],[151.2559827,-33.9719167],[151.2558924,-33.9719446],[151.2559914,-33.9721133],[151.2560426,-33.9722019],[151.2560555,-33.9722163]]]}},{"type":"Feature","properties":{"@id":"way/740052970","golf":"hole","ref":"17","par":"3"},"geometry":{"type":"LineString","coordinates":[[151.2560443,-33.972114],[151.2554113,-33.970895]]}},{"type":"Feature","properties":{"@id":"way/740052980","natural":"scrub"},"geometry":{"type":"Polygon","coordinates":[[[151.2528585,-33.9688746],[151.2528294,-33.9688903],[151.2528066,-33.9688589],[151.252803,-33.9688471],[151.2528021,-33.9688335],[151.2527948,-33.9688171],[151.252784,-33.9688056],[151.252772,-33.9687966],[151.2527624,-33.9687985],[151.2526298,-33.9688772],[151.2527278,-33.9689008],[151.2527447,-33.9689154],[151.252776,-33.9689397],[151.2527897,-33.9689543],[151.2528043,-33.9689742],[151.2528143,-33.96899],[151.2528293,-33.9690065],[151.2528442,-33.9690162],[151.2528604,-33.9690249],[151.2528882,-33.9690349],[151.2529206,-33.9690445],[151.2529423,-33.9690443],[151.2529639,-33.9690453],[151.2529833,-33.9690483],[151.2529978,-33.9690474],[151.2530091,-33.9690417],[151.2530103,-33.9690336],[151.2529879,-33.9690098],[151.2529323,-33.968951],[151.2529004,-33.9689175],[151.2528959,-33.96892],[151.2528585,-33.9688746]]]}},{"type":"Feature","properties":{"@id":"way/975336765","golf":"fairway"},"geometry":{"type":"Polygon","coordinates":[[[151.2516755,-33.9765789],[151.2516697,-33.9765818],[151.2516648,-33.9765866],[151.2516612,-33.9765913],[151.2516563,-33.9766006],[151.2516544,-33.9766051],[151.2516318,-33.976675],[151.2516165,-33.9767186],[151.2516146,-33.9767264],[151.2516148,-33.9767332],[151.2516153,-33.97674],[151.2516167,-33.9767457],[151.2516195,-33.976753],[151.2516222,-33.9767583],[151.2516283,-33.9767649],[151.2516359,-33.9767714],[151.2516439,-33.9767774],[151.2516556,-33.9767849],[151.251668,-33.9767908],[151.2516805,-33.9767954],[151.2516929,-33.9767982],[151.2517061,-33.9767997],[151.2517556,-33.9768032],[151.2519187,-33.9768151],[151.2520661,-33.9768271],[151.2520899,-33.9768303],[151.25212,-33.9768355],[151.2522102,-33.9768567],[151.2522833,-33.9768747],[151.252387,-33.9769029],[151.2524711,-33.9769261],[151.252545,-33.9769478],[151.2526214,-33.9769725],[151.2527103,-33.977],[151.2528272,-33.9770274],[151.2528385,-33.9770287],[151.2529513,-33.9770346],[151.2529712,-33.9770346],[151.2529869,-33.9770334],[151.2530025,-33.977031],[151.2530182,-33.9770266],[151.2530385,-33.9770203],[151.2530539,-33.9770143],[151.2530693,-33.9770068],[151.2530819,-33.9769992],[151.2530969,-33.976989],[151.2531106,-33.9769781],[151.2531245,-33.9769639],[151.2531355,-33.9769483],[151.2531441,-33.9769338],[151.2531497,-33.9769201],[151.2531522,-33.9769054],[151.2531505,-33.9768883],[151.2531468,-33.9768732],[151.2531427,-33.9768633],[151.2531388,-33.9768542],[151.2531341,-33.9768454],[151.2531245,-33.9768344],[151.2531107,-33.9768196],[151.2530977,-33.9768117],[151.2530879,-33.9768067],[151.2530478,-33.9767917],[151.2530156,-33.9767817],[151.2529733,-33.9767703],[151.2529404,-33.9767619],[151.2528988,-33.9767529],[151.252847,-33.9767416],[151.2528107,-33.9767348],[151.2527759,-33.976729],[151.2525692,-33.9767052],[151.2522607,-33.9766763],[151.2520777,-33.9766589],[151.2519662,-33.976643],[151.2518947,-33.9766315],[151.2518039,-33.9766185],[151.2517979,-33.9766171],[151.2517932,-33.976615],[151.2517709,-33.9766028],[151.2517668,-33.9765996],[151.2517612,-33.9765943],[151.2517524,-33.9765877],[151.2517429,-33.9765813],[151.2517346,-33.976577],[151.2517261,-33.9765742],[151.2517195,-33.9765721],[151.2517129,-33.976571],[151.2517057,-33.9765709],[151.251699,-33.9765716],[151.2516923,-33.9765734],[151.2516845,-33.9765759],[151.2516755,-33.9765789]]]}}]}
