{"type":"FeatureCollection","note":"Extract of OpenStreetMap data for The Coast Golf Club. © OpenStreetMap contributors, ODbL 1.0.","features":[{"type":"Feature","properties":{"@id":"node/10888607339","natural":"tree"},"geometry":{"type":"Point","coordinates":[151.2505333,-33.9807392]}},{"type":"Feature","properties":{"@id":"node/12483907985","natural":"tree"},"geometry":{"type":"Point","coordinates":[151.2467765,-33.9842021]}},{"type":"Feature","properties":{"@id":"node/12483907986","natural":"tree"},"geometry":{"type":"Point","coordinates":[151.2468022,-33.9840973]}},{"type":"Feature","properties":{"@id":"node/12483907987","natural":"tree"},"geometry":{"type":"Point","coordinates":[151.2468049,-33.9840623]}},{"type":"Feature","properties":{"@id":"node/12483907988","natural":"tree"},"geometry":{"type":"Point","coordinates":[151.2470018,-33.9839485]}},{"type":"Feature","properties":{"@id":"node/12483907989","natural":"tree"},"geometry":{"type":"Point","coordinates":[151.2469254,-33.9840294]}},{"type":"Feature","properties":{"@id":"node/12483907990","natural":"tree"},"geometry":{"type":"Point","coordinates":[151.2468874,-33.9839294]}},{"type":"Feature","properties":{"@id":"node/12483907991","natural":"tree"},"geometry":{"type":"Point","coordinates":[151.2467242,-33.984365]}},{"type":"Feature","properties":{"@id":"node/12483907992","natural":"tree"},"geometry":{"type":"Point","coordinates":[151.2466801,-33.9843588]}},{"type":"Feature","properties":{"@id":"node/12483907993","natural":"tree"},"geometry":{"type":"Point","coordinates":[151.2468138,-33.9843778]}},{"type":"Feature","properties":{"@id":"node/12483907994","natural":"tree"},"geometry":{"type":"Point","coordinates":[151.247142,-33.9837853]}},{"type":"Feature","properties":{"@id":"node/12483907995","natural":"tree"},"geometry":{"type":"Point","coordinates":[151.247189,-33.9837913]}},{"type":"Feature","properties":{"@id":"node/12483907996","natural":"tree"},"geometry":{"type":"Point","coordinates":[151.2473182,-33.9837412]}},{"type":"Feature","properties":{"@id":"node/12483908147","natural":"tree"},"geometry":{"type":"Point","coordinates":[151.2490515,-33.9840141]}},{"type":"Feature","properties":{"@id":"node/12483908148","natural":"tree"},"geometry":{"type":"Point","coordinates":[151.2490175,-33.9840376]}},{"type":"Feature","properties":{"@id":"node/12483908149","natural":"tree"},"geometry":{"type":"Point","coordinates":[151.2489856,-33.9839708]}},{"type":"Feature","properties":{"@id":"node/12483908150","natural":"tree"},"geometry":{"type":"Point","coordinates":[151.2489347,-33.9839708]}},{"type":"Feature","properties":{"@id":"node/12483908151","natural":"tree"},"geometry":{"type":"Point","coordinates":[151.2489646,-33.9840043]}},{"type":"Feature","properties":{"@id":"node/12483908152","natural":"tree"},"geometry":{"type":"Point","coordinates":[151.2488959,-33.9840056]}},{"type":"Feature","properties":{"@id":"node/12483908153","natural":"tree"},"geometry":{"type":"Point","coordinates":[151.2488596,-33.984029]}},{"type":"Feature","properties":{"@id":"node/12483908154","natural":"tree"},"geometry":{"type":"Point","coordinates":[151.2487946,-33.9839981]}},{"type":"Feature","properties":{"@id":"node/12483908155","natural":"tree"},"geometry":{"type":"Point","coordinates":[151.2488412,-33.9839571]}},{"type":"Feature","properties":{"@id":"node/12483908156","natural":"tree"},"geometry":{"type":"Point","coordinates":[151.2488082,-33.9839412]}},{"type":"Feature","properties":{"@id":"node/12483908157","natural":"tree"},"geometry":{"type":"Point","coordinates":[151.2489236,-33.9839312]}},{"type":"Feature","properties":{"@id":"node/12483908158","natural":"tree"},"geometry":{"type":"Point","coordinates":[151.2488961,-33.9839309]}},{"type":"Feature","properties":{"@id":"node/12483908159","natural":"tree"},"geometry":{"type":"Point","coordinates":[151.2489572,-33.9839073]}},{"type":"Feature","properties":{"@id":"node/12483908160","natural":"tree"},"geometry":{"type":"Point","coordinates":[151.2489865,-33.9839241]}},{"type":"Feature","properties":{"@id":"node/12483908161","natural":"tree"},"geometry":{"type":"Point","coordinates":[151.2490316,-33.9839056]}},{"type":"Feature","properties":{"@id":"node/12483908162","natural":"tree"},"geometry":{"type":"Point","coordinates":[151.249032,-33.983941]}},{"type":"Feature","properties":{"@id":"node/12483908163","natural":"tree"},"geometry":{"type":"Point","coordinates":[151.2490851,-33.983942]}},{"type":"Feature","properties":{"@id":"node/12483908164","natural":"tree"},"geometry":{"type":"Point","coordinates":[151.2490639,-33.9839715]}},{"type":"Feature","properties":{"@id":"node/12483908165","natural":"tree"},"geometry":{"type":"Point","coordinates":[151.2491506,-33.9839225]}},{"type":"Feature","properties":{"@id":"node/12483908166","natural":"tree"},"geometry":{"type":"Point","coordinates":[151.2491777,-33.9839484]}},{"type":"Feature","properties":{"@id":"node/12483908167","natural":"tree"},"geometry":{"type":"Point","coordinates":[151.2491476,-33.9839949]}},{"type":"Feature","properties":{"@id":"node/12483908168","natural":"tree"},"geometry":{"type":"Point","coordinates":[151.2490422,-33.9840786]}},{"type":"Feature","properties":{"@id":"node/12483908169","natural":"tree"},"geometry":{"type":"Point","coordinates":[151.2492604,-33.9839154]}},{"type":"Feature","properties":{"@id":"node/12483908170","natural":"tree"},"geometry":{"type":"Point","coordinates":[151.2492618,-33.9841718]}},{"type":"Feature","properties":{"@id":"node/12483908171","natural":"tree"},"geometry":{"type":"Point","coordinates":[151.2492156,-33.9841325]}},{"type":"Feature","properties":{"@id":"node/12483908172","natural":"tree"},"geometry":{"type":"Point","coordinates":[151.2493256,-33.9841796]}},{"type":"Feature","properties":{"@id":"node/12483908173","natural":"tree"},"geometry":{"type":"Point","coordinates":[151.2494117,-33.9841455]}},{"type":"Feature","properties":{"@id":"node/12483908174","natural":"tree"},"geometry":{"type":"Point","coordinates":[151.2495699,-33.9840908]}},{"type":"Feature","properties":{"@id":"node/12483908175","natural":"tree"},"geometry":{"type":"Point","coordinates":[151.2496252,-33.9840451]}},{"type":"Feature","properties":{"@id":"node/12483908176","natural":"tree"},"geometry":{"type":"Point","coordinates":[151.2496181,-33.9840004]}},{"type":"Feature","properties":{"@id":"node/12483908177","natural":"tree"},"geometry":{"type":"Point","coordinates":[151.2495896,-33.9841229]}},{"type":"Feature","properties":{"@id":"node/12483908178","natural":"tree"},"geometry":{"type":"Point","coordinates":[151.2496367,-33.9841382]}},{"type":"Feature","properties":{"@id":"node/12483908179","natural":"tree"},"geometry":{"type":"Point","coordinates":[151.2497084,-33.9841441]}},{"type":"Feature","properties":{"@id":"node/12483908180","natural":"tree"},"geometry":{"type":"Point","coordinates":[151.2498375,-33.9841791]}},{"type":"Feature","properties":{"@id":"node/12483908181","natural":"tree"},"geometry":{"type":"Point","coordinates":[151.2497724,-33.9834203]}},{"type":"Feature","properties":{"@id":"node/12483908182","natural":"tree"},"geometry":{"type":"Point","coordinates":[151.2497872,-33.9834549]}},{"type":"Feature","properties":{"@id":"node/12483908183","natural":"tree"},"geometry":{"type":"Point","coordinates":[151.2497285,-33.9834558]}},{"type":"Feature","properties":{"@id":"node/12483908184","natural":"tree"},"geometry":{"type":"Point","coordinates":[151.2497596,-33.9835176]}},{"type":"Feature","properties":{"@id":"node/12483908185","natural":"tree"},"geometry":{"type":"Point","coordinates":[151.2497544,-33.9835567]}},{"type":"Feature","properties":{"@id":"node/12483908186","natural":"tree"},"geometry":{"type":"Point","coordinates":[151.2498019,-33.9835892]}},{"type":"Feature","properties":{"@id":"node/12483908187","natural":"tree"},"geometry":{"type":"Point","coordinates":[151.2498485,-33.9836174]}},{"type":"Feature","properties":{"@id":"node/12483908188","natural":"tree"},"geometry":{"type":"Point","coordinates":[151.2499227,-33.9834957]}},{"type":"Feature","properties":{"@id":"node/12483908189","natural":"tree"},"geometry":{"type":"Point","coordinates":[151.2498731,-33.9834861]}},{"type":"Feature","properties":{"@id":"node/12483908190","natural":"tree"},"geometry":{"type":"Point","coordinates":[151.2499271,-33.9834354]}},{"type":"Feature","properties":{"@id":"node/12483908191","natural":"tree"},"geometry":{"type":"Point","coordinates":[151.2498836,-33.9834354]}},{"type":"Feature","properties":{"@id":"node/12483908192","natural":"tree"},"geometry":{"type":"Point","coordinates":[151.2498832,-33.983395]}},{"type":"Feature","properties":{"@id":"node/12483908193","natural":"tree"},"geometry":{"type":"Point","coordinates":[151.2497255,-33.9833445]}},{"type":"Feature","properties":{"@id":"node/12483908194","natural":"tree"},"geometry":{"type":"Point","coordinates":[151.2497014,-33.983393]}},{"type":"Feature","properties":{"@id":"node/12483908195","natural":"tree"},"geometry":{"type":"Point","coordinates":[151.2496384,-33.9833864]}},{"type":"Feature","properties":{"@id":"node/12483908196","natural":"tree"},"geometry":{"type":"Point","coordinates":[151.2495783,-33.9833774]}},{"type":"Feature","properties":{"@id":"node/12483908197","natural":"tree"},"geometry":{"type":"Point","coordinates":[151.2496364,-33.9834353]}},{"type":"Feature","properties":{"@id":"node/12483908198","natural":"tree"},"geometry":{"type":"Point","coordinates":[151.2496152,-33.9834622]}},{"type":"Feature","properties":{"@id":"node/12483908199","natural":"tree"},"geometry":{"type":"Point","coordinates":[151.2494953,-33.9834218]}},{"type":"Feature","properties":{"@id":"node/12483908200","natural":"tree"},"geometry":{"type":"Point","coordinates":[151.2494255,-33.9834145]}},{"type":"Feature","properties":{"@id":"node/12483908201","natural":"tree"},"geometry":{"type":"Point","coordinates":[151.2495976,-33.9833009]}},{"type":"Feature","properties":{"@id":"node/12483908202","natural":"tree"},"geometry":{"type":"Point","coordinates":[151.2493538,-33.9833799]}},{"type":"Feature","properties":{"@id":"node/12483908203","natural":"tree"},"geometry":{"type":"Point","coordinates":[151.2493229,-33.9834278]}},{"type":"Feature","properties":{"@id":"node/12483908204","natural":"tree"},"geometry":{"type":"Point","coordinates":[151.2492453,-33.9833729]}},{"type":"Feature","properties":{"@id":"node/12483908205","natural":"tree"},"geometry":{"type":"Point","coordinates":[151.2492453,-33.9833165]}},{"type":"Feature","properties":{"@id":"node/12483908206","natural":"tree"},"geometry":{"type":"Point","coordinates":[151.2503549,-33.9838319]}},{"type":"Feature","properties":{"@id":"node/12483908207","natural":"tree"},"geometry":{"type":"Point","coordinates":[151.2507646,-33.9839067]}},{"type":"Feature","properties":{"@id":"node/12483908208","natural":"tree"},"geometry":{"type":"Point","coordinates":[151.2506434,-33.9838544]}},{"type":"Feature","properties":{"@id":"node/12483908209","natural":"tree"},"geometry":{"type":"Point","coordinates":[151.2509421,-33.983955]}},{"type":"Feature","properties":{"@id":"node/12483908250","natural":"tree"},"geometry":{"type":"Point","coordinates":[151.2516703,-33.9837469]}},{"type":"Feature","properties":{"@id":"node/12483908251","natural":"tree"},"geometry":{"type":"Point","coordinates":[151.2517905,-33.9837205]}},{"type":"Feature","properties":{"@id":"node/12483908252","natural":"tree"},"geometry":{"type":"Point","coordinates":[151.2516646,-33.9836627]}},{"type":"Feature","properties":{"@id":"node/12483908253","natural":"tree"},"geometry":{"type":"Point","coordinates":[151.2518305,-33.9836274]}},{"type":"Feature","properties":{"@id":"node/13429592233","natural":"tree"},"geometry":{"type":"Point","coordinates":[151.2550957,-33.9756292]}},{"type":"Feature","properties":{"@id":"node/13429612934","natural":"tree"},"geometry":{"type":"Point","coordinates":[151.2582105,-33.9757393]}},{"type":"Feature","properties":{"@id":"node/13429612935","natural":"tree"},"geometry":{"type":"Point","coordinates":[151.2581337,-33.9758201]}},{"type":"Feature","properties":{"@id":"node/13432105247","natural":"tree"},"geometry":{"type":"Point","coordinates":[151.2515147,-33.976021]}},{"type":"Feature","properties":{"@id":"node/13433783289","natural":"tree"},"geometry":{"type":"Point","coordinates":[151.250913,-33.9759581]}},{"type":"Feature","properties":{"@id":"node/13433783290","natural":"tree"},"geometry":{"type":"Point","coordinates":[151.2508811,-33.9760079]}},{"type":"Feature","properties":{"@id":"node/13433783291","natural":"tree"},"geometry":{"type":"Point","coordinates":[151.2508654,-33.9760357]}},{"type":"Feature","properties":{"@id":"node/13433824605","natural":"tree"},"geometry":{"type":"Point","coordinates":[151.2502914,-33.975531]}},{"type":"Feature","properties":{"@id":"node/13433999008","natural":"tree"},"geometry":{"type":"Point","coordinates":[151.2490704,-33.9774182]}},{"type":"Feature","properties":{"@id":"node/13433999009","natural":"tree"},"geometry":{"type":"Point","coordinates":[151.2491988,-33.9777489]}},{"type":"Feature","properties":{"@id":"node/13433999010","natural":"tree"},"geometry":{"type":"Point","coordinates":[151.2492512,-33.9778018]}},{"type":"Feature","properties":{"@id":"node/13433999011","natural":"tree"},"geometry":{"type":"Point","coordinates":[151.2496706,-33.9778453]}},{"type":"Feature","properties":{"@id":"node/13433999053","natural":"tree"},"geometry":{"type":"Point","coordinates":[151.2493112,-33.9779885]}},{"type":"Feature","properties":{"@id":"node/13455422484","natural":"tree"},"geometry":{"type":"Point","coordinates":[151.2514649,-33.9834498]}},{"type":"Feature","properties":{"@id":"node/13455422485","natural":"tree"},"geometry":{"type":"Point","coordinates":[151.251366,-33.9833397]}},{"type":"Feature","properties":{"@id":"node/13455422486","natural":"tree"},"geometry":{"type":"Point","coordinates":[151.2507187,-33.9828478]}},{"type":"Feature","properties":{"@id":"node/13455422487","natural":"tree"},"geometry":{"type":"Point","coordinates":[151.2503557,-33.982826]}},{"type":"Feature","properties":{"@id":"node/13455422488","natural":"tree"},"geometry":{"type":"Point","coordinates":[151.2503542,-33.9827684]}},{"type":"Feature","properties":{"@id":"node/13455422489","natural":"tree"},"geometry":{"type":"Point","coordinates":[151.2521554,-33.9823341]}},{"type":"Feature","properties":{"@id":"node/13455422490","natural":"tree"},"geometry":{"type":"Point","coordinates":[151.2523223,-33.9822585]}},{"type":"Feature","properties":{"@id":"node/13455422492","natural":"tree"},"geometry":{"type":"Point","coordinates":[151.2523143,-33.9849053]}},{"type":"Feature","properties":{"@id":"node/13455422493","natural":"tree"},"geometry":{"type":"Point","coordinates":[151.2522155,-33.9849335]}},{"type":"Feature","properties":{"@id":"node/13455422494","natural":"tree"},"geometry":{"type":"Point","coordinates":[151.2520187,-33.9853691]}},{"type":"Feature","properties":{"@id":"node/13455422495","natural":"tree"},"geometry":{"type":"Point","coordinates":[151.2519538,-33.9854126]}},{"type":"Feature","properties":{"@id":"node/13455422496","natural":"tree"},"geometry":{"type":"Point","coordinates":[151.2519538,-33.9855228]}},{"type":"Feature","properties":{"@id":"node/13455422497","natural":"tree"},"geometry":{"type":"Point","coordinates":[151.2521731,-33.9853191]}},{"type":"Feature","properties":{"@id":"node/13455422498","natural":"tree"},"geometry":{"type":"Point","coordinates":[151.251892,-33.9856214]}},{"type":"Feature","properties":{"@id":"node/13455470224","natural":"tree"},"geometry":{"type":"Point","coordinates":[151.250945,-33.9806946]}},{"type":"Feature","properties":{"@id":"node/13455470225","natural":"tree"},"geometry":{"type":"Point","coordinates":[151.2511256,-33.9811662]}},{"type":"Feature","properties":{"@id":"node/13455470226","natural":"tree"},"geometry":{"type":"Point","coordinates":[151.2511077,-33.9811382]}},{"type":"Feature","properties":{"@id":"node/13455470227","natural":"tree"},"geometry":{"type":"Point","coordinates":[151.2510647,-33.9810949]}},{"type":"Feature","properties":{"@id":"node/13455470228","natural":"tree"},"geometry":{"type":"Point","coordinates":[151.2510502,-33.9810253]}},{"type":"Feature","properties":{"@id":"node/13455470229","natural":"tree"},"geometry":{"type":"Point","coordinates":[151.2508439,-33.9812337]}},{"type":"Feature","properties":{"@id":"node/13455470230","natural":"tree"},"geometry":{"type":"Point","coordinates":[151.2505132,-33.9812978]}},{"type":"Feature","properties":{"@id":"node/13455470231","natural":"tree"},"geometry":{"type":"Point","coordinates":[151.2507817,-33.9813543]}},{"type":"Feature","properties":{"@id":"node/13455470232","natural":"tree"},"geometry":{"type":"Point","coordinates":[151.2504358,-33.9812205]}},{"type":"Feature","properties":{"@id":"node/13455470233","natural":"tree"},"geometry":{"type":"Point","coordinates":[151.2504021,-33.9811903]}},{"type":"Feature","properties":{"@id":"node/13455470235","natural":"tree"},"geometry":{"type":"Point","coordinates":[151.249471,-33.9812309]}},{"type":"Feature","properties":{"@id":"node/13455470236","natural":"tree"},"geometry":{"type":"Point","coordinates":[151.2509917,-33.98006]}},{"type":"Feature","properties":{"@id":"node/13455470237","natural":"tree"},"geometry":{"type":"Point","coordinates":[151.251095,-33.9795507]}},{"type":"Feature","properties":{"@id":"node/13455470238","natural":"tree"},"geometry":{"type":"Point","coordinates":[151.2519224,-33.98126]}},{"type":"Feature","properties":{"@id":"node/13455470239","natural":"tree"},"geometry":{"type":"Point","coordinates":[151.2520874,-33.9811254]}},{"type":"Feature","properties":{"@id":"node/13455470240","natural":"tree"},"geometry":{"type":"Point","coordinates":[151.25241,-33.9814267]}},{"type":"Feature","properties":{"@id":"node/13455470241","natural":"tree"},"geometry":{"type":"Point","coordinates":[151.2524633,-33.9814728]}},{"type":"Feature","properties":{"@id":"node/13455470242","natural":"tree"},"geometry":{"type":"Point","coordinates":[151.2523605,-33.9815379]}},{"type":"Feature","properties":{"@id":"node/13455470243","natural":"tree"},"geometry":{"type":"Point","coordinates":[151.2523856,-33.9816484]}},{"type":"Feature","properties":{"@id":"node/13455470244","natural":"tree"},"geometry":{"type":"Point","coordinates":[151.2523528,-33.9817305]}},{"type":"Feature","properties":{"@id":"node/13455470245","natural":"tree"},"geometry":{"type":"Point","coordinates":[151.2522644,-33.9819551]}},{"type":"Feature","properties":{"@id":"node/13455470246","natural":"tree"},"geometry":{"type":"Point","coordinates":[151.2523797,-33.9818431]}},{"type":"Feature","properties":{"@id":"node/13455470247","natural":"tree"},"geometry":{"type":"Point","coordinates":[151.2523867,-33.9819001]}},{"type":"Feature","properties":{"@id":"node/13455470248","natural":"tree"},"geometry":{"type":"Point","coordinates":[151.252722,-33.9820265]}},{"type":"Feature","properties":{"@id":"node/13455470249","natural":"tree"},"geometry":{"type":"Point","coordinates":[151.2527546,-33.9821704]}},{"type":"Feature","properties":{"@id":"node/13455470250","natural":"tree"},"geometry":{"type":"Point","coordinates":[151.2522656,-33.9824407]}},{"type":"Feature","properties":{"@id":"node/13455470251","natural":"tree"},"geometry":{"type":"Point","coordinates":[151.2522726,-33.9825295]}},{"type":"Feature","properties":{"@id":"node/13455470252","natural":"tree"},"geometry":{"type":"Point","coordinates":[151.2522318,-33.9826656]}},{"type":"Feature","properties":{"@id":"node/13455470253","natural":"tree"},"geometry":{"type":"Point","coordinates":[151.2523052,-33.9827438]}},{"type":"Feature","properties":{"@id":"node/13455470254","natural":"tree"},"geometry":{"type":"Point","coordinates":[151.2528338,-33.9824745]}},{"type":"Feature","properties":{"@id":"node/13455470255","natural":"tree"},"geometry":{"type":"Point","coordinates":[151.2528151,-33.9825691]}},{"type":"Feature","properties":{"@id":"node/13455470256","natural":"tree"},"geometry":{"type":"Point","coordinates":[151.2529479,-33.9826898]}},{"type":"Feature","properties":{"@id":"node/13455470257","natural":"tree"},"geometry":{"type":"Point","coordinates":[151.2523261,-33.9828336]}},{"type":"Feature","properties":{"@id":"node/13455470258","natural":"tree"},"geometry":{"type":"Point","coordinates":[151.2522307,-33.9828751]}},{"type":"Feature","properties":{"@id":"node/13455470259","natural":"tree"},"geometry":{"type":"Point","coordinates":[151.2529304,-33.9828539]}},{"type":"Feature","properties":{"@id":"node/13455470260","natural":"tree"},"geometry":{"type":"Point","coordinates":[151.2529956,-33.9828954]}},{"type":"Feature","properties":{"@id":"node/13455470261","natural":"tree"},"geometry":{"type":"Point","coordinates":[151.2530608,-33.982936]}},{"type":"Feature","properties":{"@id":"node/13455470262","natural":"tree"},"geometry":{"type":"Point","coordinates":[151.2530829,-33.982992]}},{"type":"Feature","properties":{"@id":"node/13455470263","natural":"tree"},"geometry":{"type":"Point","coordinates":[151.2530317,-33.9830943]}},{"type":"Feature","properties":{"@id":"node/13455470264","natural":"tree"},"geometry":{"type":"Point","coordinates":[151.2531167,-33.9831107]}},{"type":"Feature","properties":{"@id":"node/13455470265","natural":"tree"},"geometry":{"type":"Point","coordinates":[151.2531085,-33.9831657]}},{"type":"Feature","properties":{"@id":"node/13455470266","natural":"tree"},"geometry":{"type":"Point","coordinates":[151.2530852,-33.9832642]}},{"type":"Feature","properties":{"@id":"node/13455470267","natural":"tree"},"geometry":{"type":"Point","coordinates":[151.2520502,-33.9831088]}},{"type":"Feature","properties":{"@id":"node/13455470268","natural":"tree"},"geometry":{"type":"Point","coordinates":[151.2520979,-33.9832159]}},{"type":"Feature","properties":{"@id":"node/13455470269","natural":"tree"},"geometry":{"type":"Point","coordinates":[151.252325,-33.9833163]}},{"type":"Feature","properties":{"@id":"node/13455470270","natural":"tree"},"geometry":{"type":"Point","coordinates":[151.2521934,-33.9834158]}},{"type":"Feature","properties":{"@id":"node/13455470271","natural":"tree"},"geometry":{"type":"Point","coordinates":[151.252254,-33.9834901]}},{"type":"Feature","properties":{"@id":"node/13455470272","natural":"tree"},"geometry":{"type":"Point","coordinates":[151.2522889,-33.9836562]}},{"type":"Feature","properties":{"@id":"node/13455470273","natural":"tree"},"geometry":{"type":"Point","coordinates":[151.2530864,-33.9836002]}},{"type":"Feature","properties":{"@id":"node/13455470274","natural":"tree"},"geometry":{"type":"Point","coordinates":[151.2530573,-33.9837382]}},{"type":"Feature","properties":{"@id":"node/13455470275","natural":"tree"},"geometry":{"type":"Point","coordinates":[151.252956,-33.9838473]}},{"type":"Feature","properties":{"@id":"node/13455499910","natural":"tree"},"geometry":{"type":"Point","coordinates":[151.2461001,-33.9850317]}},{"type":"Feature","properties":{"@id":"node/13455499915","natural":"tree"},"geometry":{"type":"Point","coordinates":[151.2457648,-33.9854843]}},{"type":"Feature","properties":{"@id":"node/13455499916","natural":"tree"},"geometry":{"type":"Point","coordinates":[151.245738,-33.9855087]}},{"type":"Feature","properties":{"@id":"node/13455499917","natural":"tree"},"geometry":{"type":"Point","coordinates":[151.2457447,-33.9855432]}},{"type":"Feature","properties":{"@id":"node/13455499918","natural":"tree"},"geometry":{"type":"Point","coordinates":[151.2457219,-33.9855688]}},{"type":"Feature","properties":{"@id":"node/13455499920","natural":"tree"},"geometry":{"type":"Point","coordinates":[151.2470027,-33.9844501]}},{"type":"Feature","properties":{"@id":"node/13455499921","natural":"tree"},"geometry":{"type":"Point","coordinates":[151.2473835,-33.9838763]}},{"type":"Feature","properties":{"@id":"node/13455499922","natural":"tree"},"geometry":{"type":"Point","coordinates":[151.2493429,-33.9817467]}},{"type":"Feature","properties":{"@id":"node/13457289817","natural":"tree"},"geometry":{"type":"Point","coordinates":[151.2508966,-33.9814798]}},{"type":"Feature","properties":{"@id":"node/13457289818","natural":"tree"},"geometry":{"type":"Point","coordinates":[151.2509489,-33.981455]}},{"type":"Feature","properties":{"@id":"node/13457304264","natural":"tree"},"geometry":{"type":"Point","coordinates":[151.2509355,-33.9799629]}},{"type":"Feature","properties":{"@id":"node/13457304265","natural":"tree"},"geometry":{"type":"Point","coordinates":[151.2509769,-33.9799501]}},{"type":"Feature","properties":{"@id":"node/13457304266","natural":"tree"},"geometry":{"type":"Point","coordinates":[151.2509855,-33.9798679]}},{"type":"Feature","properties":{"@id":"node/13457304267","natural":"tree"},"geometry":{"type":"Point","coordinates":[151.2510462,-33.9798711]}},{"type":"Feature","properties":{"@id":"node/13457304268","natural":"tree"},"geometry":{"type":"Point","coordinates":[151.2507294,-33.9797758]}},{"type":"Feature","properties":{"@id":"node/13457367570","natural":"tree"},"geometry":{"type":"Point","coordinates":[151.2519955,-33.981141]}},{"type":"Feature","properties":{"@id":"node/13457367571","natural":"tree"},"geometry":{"type":"Point","coordinates":[151.250968,-33.9808611]}},{"type":"Feature","properties":{"@id":"node/13457367572","natural":"tree"},"geometry":{"type":"Point","coordinates":[151.2510379,-33.9809254]}},{"type":"Feature","properties":{"@id":"node/13457434128","natural":"tree"},"geometry":{"type":"Point","coordinates":[151.2518049,-33.9814139]}},{"type":"Feature","properties":{"@id":"node/13457434780","natural":"tree"},"geometry":{"type":"Point","coordinates":[151.2509713,-33.9811649]}},{"type":"Feature","properties":{"@id":"node/13457434888","natural":"tree"},"geometry":{"type":"Point","coordinates":[151.249993,-33.9817872]}},{"type":"Feature","properties":{"@id":"node/13457434889","natural":"tree"},"geometry":{"type":"Point","coordinates":[151.2500308,-33.9818141]}},{"type":"Feature","properties":{"@id":"node/13457434908","natural":"tree"},"geometry":{"type":"Point","coordinates":[151.2507088,-33.9820924]}},{"type":"Feature","properties":{"@id":"node/13457434909","natural":"tree"},"geometry":{"type":"Point","coordinates":[151.2507137,-33.9821154]}},{"type":"Feature","properties":{"@id":"node/13457434910","natural":"tree"},"geometry":{"type":"Point","coordinates":[151.2507202,-33.9821392]}},{"type":"Feature","properties":{"@id":"node/13457434933","natural":"tree"},"geometry":{"type":"Point","coordinates":[151.2499085,-33.9823281]}},{"type":"Feature","properties":{"@id":"node/13457434934","natural":"tree"},"geometry":{"type":"Point","coordinates":[151.2500099,-33.9823434]}},{"type":"Feature","properties":{"@id":"node/13457434935","natural":"tree"},"geometry":{"type":"Point","coordinates":[151.2500515,-33.9823494]}},{"type":"Feature","properties":{"@id":"node/13457434936","natural":"tree"},"geometry":{"type":"Point","coordinates":[151.2501039,-33.9823569]}},{"type":"Feature","properties":{"@id":"node/13457434937","natural":"tree"},"geometry":{"type":"Point","coordinates":[151.2501529,-33.9823583]}},{"type":"Feature","properties":{"@id":"node/13457434938","natural":"tree"},"geometry":{"type":"Point","coordinates":[151.2502092,-33.9823583]}},{"type":"Feature","properties":{"@id":"node/13457434939","natural":"tree"},"geometry":{"type":"Point","coordinates":[151.2502766,-33.9823544]}},{"type":"Feature","properties":{"@id":"node/13457434940","natural":"tree"},"geometry":{"type":"Point","coordinates":[151.2503294,-33.9823598]}},{"type":"Feature","properties":{"@id":"node/13457434941","natural":"tree"},"geometry":{"type":"Point","coordinates":[151.2503848,-33.9823651]}},{"type":"Feature","properties":{"@id":"node/13457434942","natural":"tree"},"geometry":{"type":"Point","coordinates":[151.2504316,-33.9823655]}},{"type":"Feature","properties":{"@id":"node/13457434943","natural":"tree"},"geometry":{"type":"Point","coordinates":[151.2504853,-33.9823623]}},{"type":"Feature","properties":{"@id":"node/13457434944","natural":"tree"},"geometry":{"type":"Point","coordinates":[151.250536,-33.9823363]}},{"type":"Feature","properties":{"@id":"node/13457526515","natural":"tree"},"geometry":{"type":"Point","coordinates":[151.2491802,-33.9826221]}},{"type":"Feature","properties":{"@id":"node/13457526516","natural":"tree"},"geometry":{"type":"Point","coordinates":[151.2494577,-33.982686]}},{"type":"Feature","properties":{"@id":"node/13457526517","natural":"tree"},"geometry":{"type":"Point","coordinates":[151.2495204,-33.9827149]}},{"type":"Feature","properties":{"@id":"node/13457526518","natural":"tree"},"geometry":{"type":"Point","coordinates":[151.2498735,-33.9828158]}},{"type":"Feature","properties":{"@id":"node/13457526519","natural":"tree"},"geometry":{"type":"Point","coordinates":[151.2499242,-33.9824735]}},{"type":"Feature","properties":{"@id":"node/13457526520","natural":"tree"},"geometry":{"type":"Point","coordinates":[151.2487734,-33.9825782]}},{"type":"Feature","properties":{"@id":"node/13457526521","natural":"tree"},"geometry":{"type":"Point","coordinates":[151.2481965,-33.9825843]}},{"type":"Feature","properties":{"@id":"node/13457526522","natural":"tree"},"geometry":{"type":"Point","coordinates":[151.2481076,-33.9827203]}},{"type":"Feature","properties":{"@id":"node/13459379026","natural":"tree"},"geometry":{"type":"Point","coordinates":[151.2526412,-33.9840742]}},{"type":"Feature","properties":{"@id":"node/13459379027","natural":"tree"},"geometry":{"type":"Point","coordinates":[151.2526232,-33.9841272]}},{"type":"Feature","properties":{"@id":"node/13459379028","natural":"tree"},"geometry":{"type":"Point","coordinates":[151.2526338,-33.9841007]}},{"type":"Feature","properties":{"@id":"node/13459379075","natural":"tree"},"geometry":{"type":"Point","coordinates":[151.2506097,-33.9828804]}},{"type":"Feature","properties":{"@id":"node/13459495562","natural":"tree"},"geometry":{"type":"Point","coordinates":[151.2508811,-33.9839132]}},{"type":"Feature","properties":{"@id":"node/13459607928","natural":"tree"},"geometry":{"type":"Point","coordinates":[151.246882,-33.9842154]}},{"type":"Feature","properties":{"@id":"node/13459607929","natural":"tree"},"geometry":{"type":"Point","coordinates":[151.2468717,-33.9841821]}},{"type":"Feature","properties":{"@id":"node/13459607930","natural":"tree"},"geometry":{"type":"Point","coordinates":[151.2468654,-33.9841516]}},{"type":"Feature","properties":{"@id":"node/13459607931","natural":"tree"},"geometry":{"type":"Point","coordinates":[151.2467804,-33.9841569]}},{"type":"Feature","properties":{"@id":"node/13459607932","natural":"tree"},"geometry":{"type":"Point","coordinates":[151.2468809,-33.9840774]}},{"type":"Feature","properties":{"@id":"node/13459607933","natural":"tree"},"geometry":{"type":"Point","coordinates":[151.2469021,-33.9840588]}},{"type":"Feature","properties":{"@id":"node/13459607934","natural":"tree"},"geometry":{"type":"Point","coordinates":[151.2468545,-33.9840436]}},{"type":"Feature","properties":{"@id":"node/13459607982","natural":"tree"},"geometry":{"type":"Point","coordinates":[151.2471021,-33.9836613]}},{"type":"Feature","properties":{"@id":"node/13459607983","natural":"tree"},"geometry":{"type":"Point","coordinates":[151.2474097,-33.9837185]}},{"type":"Feature","properties":{"@id":"node/13459607984","natural":"tree"},"geometry":{"type":"Point","coordinates":[151.2474045,-33.9838068]}},{"type":"Feature","properties":{"@id":"node/13459607985","natural":"tree"},"geometry":{"type":"Point","coordinates":[151.2473681,-33.9837865]}},{"type":"Feature","properties":{"@id":"node/13459612351","natural":"tree"},"geometry":{"type":"Point","coordinates":[151.2478131,-33.9834294]}},{"type":"Feature","properties":{"@id":"node/13459612352","natural":"tree"},"geometry":{"type":"Point","coordinates":[151.248295,-33.9836562]}},{"type":"Feature","properties":{"@id":"node/13459612353","natural":"tree"},"geometry":{"type":"Point","coordinates":[151.2483136,-33.9837016]}},{"type":"Feature","properties":{"@id":"node/13459612378","natural":"tree"},"geometry":{"type":"Point","coordinates":[151.2482092,-33.9834418]}},{"type":"Feature","properties":{"@id":"node/13459637653","natural":"tree"},"geometry":{"type":"Point","coordinates":[151.2488854,-33.9826912]}},{"type":"Feature","properties":{"@id":"node/13459637654","natural":"tree"},"geometry":{"type":"Point","coordinates":[151.2489327,-33.9826397]}},{"type":"Feature","properties":{"@id":"node/13459637655","natural":"tree"},"geometry":{"type":"Point","coordinates":[151.2489143,-33.9825882]}},{"type":"Feature","properties":{"@id":"node/13459637656","natural":"tree"},"geometry":{"type":"Point","coordinates":[151.2489733,-33.9825892]}},{"type":"Feature","properties":{"@id":"node/13459637657","natural":"tree"},"geometry":{"type":"Point","coordinates":[151.2490133,-33.9825973]}},{"type":"Feature","properties":{"@id":"node/13459637658","natural":"tree"},"geometry":{"type":"Point","coordinates":[151.2489937,-33.9825565]}},{"type":"Feature","properties":{"@id":"node/13459637659","natural":"tree"},"geometry":{"type":"Point","coordinates":[151.248889,-33.9825586]}},{"type":"Feature","properties":{"@id":"node/13459637660","natural":"tree"},"geometry":{"type":"Point","coordinates":[151.2493481,-33.98268]}},{"type":"Feature","properties":{"@id":"node/13459637661","natural":"tree"},"geometry":{"type":"Point","coordinates":[151.2494121,-33.982679]}},{"type":"Feature","properties":{"@id":"node/13459670001","natural":"tree"},"geometry":{"type":"Point","coordinates":[151.248372,-33.9832699]}},{"type":"Feature","properties":{"@id":"node/13459670008","natural":"tree"},"geometry":{"type":"Point","coordinates":[151.2476803,-33.9834162]}},{"type":"Feature","properties":{"@id":"node/13459670062","natural":"tree"},"geometry":{"type":"Point","coordinates":[151.2472369,-33.9835307]}},{"type":"Feature","properties":{"@id":"node/13459670063","natural":"tree"},"geometry":{"type":"Point","coordinates":[151.2479209,-33.9829855]}},{"type":"Feature","properties":{"@id":"node/13459670064","natural":"tree"},"geometry":{"type":"Point","coordinates":[151.2477537,-33.9829995]}},{"type":"Feature","properties":{"@id":"node/13461717695","natural":"tree"},"geometry":{"type":"Point","coordinates":[151.2498283,-33.9823013]}},{"type":"Feature","properties":{"@id":"node/13461717696","natural":"tree"},"geometry":{"type":"Point","coordinates":[151.2497895,-33.9822816]}},{"type":"Feature","properties":{"@id":"node/13461803890","natural":"tree"},"geometry":{"type":"Point","coordinates":[151.2510154,-33.9810076]}},{"type":"Feature","properties":{"@id":"node/13461803891","natural":"tree"},"geometry":{"type":"Point","coordinates":[151.2495656,-33.9818833]}},{"type":"Feature","properties":{"@id":"node/13461803892","natural":"tree"},"geometry":{"type":"Point","coordinates":[151.2496156,-33.9819179]}},{"type":"Feature","properties":{"@id":"node/13461803893","natural":"tree"},"geometry":{"type":"Point","coordinates":[151.2497925,-33.9819171]}},{"type":"Feature","properties":{"@id":"node/13461850431","natural":"tree"},"geometry":{"type":"Point","coordinates":[151.2499352,-33.9819953]}},{"type":"Feature","properties":{"@id":"node/13461850432","natural":"tree"},"geometry":{"type":"Point","coordinates":[151.249836,-33.9821969]}},{"type":"Feature","properties":{"@id":"node/13461850433","natural":"tree"},"geometry":{"type":"Point","coordinates":[151.2499459,-33.9815443]}},{"type":"Feature","properties":{"@id":"node/13472986333","natural":"tree"},"geometry":{"type":"Point","coordinates":[151.2522919,-33.9860909]}},{"type":"Feature","properties":{"@id":"node/13475141387","natural":"tree"},"geometry":{"type":"Point","coordinates":[151.2471664,-33.9856038]}},{"type":"Feature","properties":{"@id":"node/13475141388","natural":"tree"},"geometry":{"type":"Point","coordinates":[151.2471798,-33.9856429]}},{"type":"Feature","properties":{"@id":"node/13475141389","natural":"tree"},"geometry":{"type":"Point","coordinates":[151.2473278,-33.9856102]}},{"type":"Feature","properties":{"@id":"node/13475214641","natural":"tree"},"geometry":{"type":"Point","coordinates":[151.247271,-33.985094]}},{"type":"Feature","properties":{"@id":"node/13475214642","natural":"tree"},"geometry":{"type":"Point","coordinates":[151.2472333,-33.9851107]}},{"type":"Feature","properties":{"@id":"node/13475219420","natural":"tree"},"geometry":{"type":"Point","coordinates":[151.2477003,-33.985421]}},{"type":"Feature","properties":{"@id":"node/13475219421","natural":"tree"},"geometry":{"type":"Point","coordinates":[151.2478465,-33.9854522]}},{"type":"Feature","properties":{"@id":"node/13475219567","natural":"tree"},"geometry":{"type":"Point","coordinates":[151.2464736,-33.9859665]}},{"type":"Feature","properties":{"@id":"node/13475219599","natural":"tree"},"geometry":{"type":"Point","coordinates":[151.2461576,-33.9860908]}},{"type":"Feature","properties":{"@id":"node/13475219600","natural":"tree"},"geometry":{"type":"Point","coordinates":[151.2462691,-33.9860418]}},{"type":"Feature","properties":{"@id":"node/13475219601","natural":"tree"},"geometry":{"type":"Point","coordinates":[151.2463171,-33.9860141]}},{"type":"Feature","properties":{"@id":"node/13475219602","natural":"tree"},"geometry":{"type":"Point","coordinates":[151.2472421,-33.9859609]}},{"type":"Feature","properties":{"@id":"node/13475219603","natural":"tree"},"geometry":{"type":"Point","coordinates":[151.2471955,-33.9860116]}},{"type":"Feature","properties":{"@id":"node/13475219604","natural":"tree"},"geometry":{"type":"Point","coordinates":[151.2472494,-33.9860461]}},{"type":"Feature","properties":{"@id":"node/13475543554","natural":"tree"},"geometry":{"type":"Point","coordinates":[151.2475951,-33.9859801]}},{"type":"Feature","properties":{"@id":"node/13475543562","natural":"tree"},"geometry":{"type":"Point","coordinates":[151.2485694,-33.9857004]}},{"type":"Feature","properties":{"@id":"node/13478429960","natural":"tree"},"geometry":{"type":"Point","coordinates":[151.2493716,-33.9871551]}},{"type":"Feature","properties":{"@id":"node/13478429961","natural":"tree"},"geometry":{"type":"Point","coordinates":[151.2494511,-33.9871284]}},{"type":"Feature","properties":{"@id":"node/13482846337","natural":"tree"},"geometry":{"type":"Point","coordinates":[151.2464751,-33.9872668]}},{"type":"Feature","properties":{"@id":"node/13482997703","natural":"tree"},"geometry":{"type":"Point","coordinates":[151.2500418,-33.9858672]}},{"type":"Feature","properties":{"@id":"node/13482997753","natural":"tree"},"geometry":{"type":"Point","coordinates":[151.249825,-33.9854638]}},{"type":"Feature","properties":{"@id":"node/13482997797","natural":"tree"},"geometry":{"type":"Point","coordinates":[151.2477377,-33.9859617]}},{"type":"Feature","properties":{"@id":"node/13482997798","natural":"tree"},"geometry":{"type":"Point","coordinates":[151.2478082,-33.9859781]}},{"type":"Feature","properties":{"@id":"node/13482997799","natural":"tree"},"geometry":{"type":"Point","coordinates":[151.2479047,-33.9859155]}},{"type":"Feature","properties":{"@id":"node/13485263848","natural":"tree"},"geometry":{"type":"Point","coordinates":[151.2462336,-33.9868652]}},{"type":"Feature","properties":{"@id":"node/13485315553","natural":"tree"},"geometry":{"type":"Point","coordinates":[151.2465759,-33.9872082]}},{"type":"Feature","properties":{"@id":"node/13485315554","natural":"tree"},"geometry":{"type":"Point","coordinates":[151.2465987,-33.9872403]}},{"type":"Feature","properties":{"@id":"node/13485315555","natural":"tree"},"geometry":{"type":"Point","coordinates":[151.2465706,-33.9872614]}},{"type":"Feature","properties":{"@id":"node/13518381976","natural":"tree"},"geometry":{"type":"Point","coordinates":[151.2489075,-33.9856288]}},{"type":"Feature","properties":{"@id":"node/3976396795","golf":"pin"},"geometry":{"type":"Point","coordinates":[151.2525767,-33.9806574]}},{"type":"Feature","properties":{"@id":"node/3976396963","golf":"pin"},"geometry":{"type":"Point","coordinates":[151.253383,-33.9827772]}},{"type":"Feature","properties":{"@id":"node/3976397101","golf":"pin"},"geometry":{"type":"Point","coordinates":[151.2471115,-33.9841635]}},{"type":"Feature","properties":{"@id":"node/3976397312","golf":"pin"},"geometry":{"type":"Point","coordinates":[151.2514641,-33.9859464]}},{"type":"Feature","properties":{"@id":"node/3976397317","golf":"pin"},"geometry":{"type":"Point","coordinates":[151.2521216,-33.9859602]}},{"type":"Feature","properties":{"@id":"node/3977662334","golf":"pin"},"geometry":{"type":"Point","coordinates":[151.2501575,-33.9758931]}},{"type":"Feature","properties":{"@id":"node/3977662639","golf":"pin"},"geometry":{"type":"Point","coordinates":[151.252498,-33.9762303]}},{"type":"Feature","properties":{"@id":"node/3977662742","natural":"tree"},"geometry":{"type":"Point","coordinates":[151.2511934,-33.97634]}},{"type":"Feature","properties":{"@id":"node/3977662749","natural":"tree"},"geometry":{"type":"Point","coordinates":[151.2511431,-33.9763503]}},{"type":"Feature","properties":{"@id":"node/3977662777","natural":"tree"},"geometry":{"type":"Point","coordinates":[151.2511395,-33.9763876]}},{"type":"Feature","properties":{"@id":"node/3977662778","natural":"tree"},"geometry":{"type":"Point","coordinates":[151.2512117,-33.9763876]}},{"type":"Feature","properties":{"@id":"node/3977662802","natural":"tree"},"geometry":{"type":"Point","coordinates":[151.2511508,-33.9764571]}},{"type":"Feature","properties":{"@id":"node/3977662815","natural":"tree"},"geometry":{"type":"Point","coordinates":[151.2511135,-33.9764758]}},{"type":"Feature","properties":{"@id":"node/3977662824","natural":"tree"},"geometry":{"type":"Point","coordinates":[151.2511261,-33.9765011]}},{"type":"Feature","properties":{"@id":"node/3977662827","golf":"pin"},"geometry":{"type":"Point","coordinates":[151.2513316,-33.9765039]}},{"type":"Feature","properties":{"@id":"node/3977662849","natural":"tree"},"geometry":{"type":"Point","coordinates":[151.2508981,-33.9764803]}},{"type":"Feature","properties":{"@id":"node/3977662863","natural":"tree"},"geometry":{"type":"Point","coordinates":[151.2510894,-33.9765686]}},{"type":"Feature","properties":{"@id":"node/3977662866","golf":"pin"},"geometry":{"type":"Point","coordinates":[151.2572314,-33.9765737]}},{"type":"Feature","properties":{"@id":"node/3977662869","natural":"tree"},"geometry":{"type":"Point","coordinates":[151.2508956,-33.9765762]}},{"type":"Feature","properties":{"@id":"node/3977663218","golf":"pin"},"geometry":{"type":"Point","coordinates":[151.2542624,-33.9771578]}},{"type":"Feature","properties":{"@id":"node/3977663351","golf":"pin"},"geometry":{"type":"Point","coordinates":[151.2484674,-33.9775388]}},{"type":"Feature","properties":{"@id":"node/3977663566","golf":"pin"},"geometry":{"type":"Point","coordinates":[151.2529879,-33.9782411]}},{"type":"Feature","properties":{"@id":"node/3977663802","golf":"pin"},"geometry":{"type":"Point","coordinates":[151.2508308,-33.9793601]}},{"type":"Feature","properties":{"@id":"node/3977663928","golf":"pin"},"geometry":{"type":"Point","coordinates":[151.2505993,-33.9808975]}},{"type":"Feature","properties":{"@id":"node/3977664005","golf":"pin"},"geometry":{"type":"Point","coordinates":[151.2489187,-33.9813207]}},{"type":"Feature","properties":{"@id":"node/3977664344","golf":"pin"},"geometry":{"type":"Point","coordinates":[151.2511221,-33.9821844]}},{"type":"Feature","properties":{"@id":"node/3977664350","golf":"pin"},"geometry":{"type":"Point","coordinates":[151.2505094,-33.9821935]}},{"type":"Feature","properties":{"@id":"node/3977664360","natural":"tree"},"geometry":{"type":"Point","coordinates":[151.2506788,-33.9822116]}},{"type":"Feature","properties":{"@id":"node/3977664372","natural":"tree"},"geometry":{"type":"Point","coordinates":[151.2506913,-33.9822275]}},{"type":"Feature","properties":{"@id":"node/3977664397","natural":"tree"},"geometry":{"type":"Point","coordinates":[151.2506777,-33.9822528]}},{"type":"Feature","properties":{"@id":"node/3977664402","natural":"tree"},"geometry":{"type":"Point","coordinates":[151.2506765,-33.982271]}},{"type":"Feature","properties":{"@id":"node/3977664409","natural":"tree"},"geometry":{"type":"Point","coordinates":[151.2506643,-33.9822867]}},{"type":"Feature","properties":{"@id":"node/3977664521","golf":"pin"},"geometry":{"type":"Point","coordinates":[151.2483977,-33.9827464]}},{"type":"Feature","properties":{"@id":"node/3977664550","natural":"tree"},"geometry":{"type":"Point","coordinates":[151.2477015,-33.9828854]}},{"type":"Feature","properties":{"@id":"node/3977664556","natural":"tree"},"geometry":{"type":"Point","coordinates":[151.2476399,-33.9829188]}},{"type":"Feature","properties":{"@id":"node/3977665459","golf":"pin"},"geometry":{"type":"Point","coordinates":[151.2520502,-33.984496]}},{"type":"Feature","properties":{"@id":"node/6924204695","golf":"pin"},"geometry":{"type":"Point","coordinates":[151.2553712,-33.9759953]}},{"type":"Feature","properties":{"@id":"node/6924204731","golf":"pin"},"geometry":{"type":"Point","coordinates":[151.2576795,-33.9757051]}},{"type":"Feature","properties":{"@id":"node/6924204741","golf":"pin"},"geometry":{"type":"Point","coordinates":[151.2566282,-33.9751901]}},{"type":"Feature","properties":{"@id":"node/6929033836","golf":"pin"},"geometry":{"type":"Point","coordinates":[151.2582398,-33.975193]}},{"type":"Feature","properties":{"@id":"node/6929033848","golf":"pin"},"geometry":{"type":"Point","coordinates":[151.2579076,-33.9763374]}},{"type":"Feature","properties":{"@id":"node/7706947477","golf":"pin"},"geometry":{"type":"Point","coordinates":[151.2464256,-33.9869755]}},{"type":"Feature","properties":{"@id":"node/7707021486","golf":"pin"},"geometry":{"type":"Point","coordinates":[151.2462401,-33.9864847]}},{"type":"Feature","properties":{"@id":"node/7707021489","golf":"pin"},"geometry":{"type":"Point","coordinates":[151.2503484,-33.9851897]}},{"type":"Feature","properties":{"@id":"node/7707021492","golf":"pin"},"geometry":{"type":"Point","coordinates":[151.2465632,-33.9854066]}},{"type":"Feature","properties":{"@id":"node/7707094616","golf":"pin"},"geometry":{"type":"Point","coordinates":[151.2458401,-33.9850313]}},{"type":"Feature","properties":{"@id":"node/7707180689","golf":"pin"},"geometry":{"type":"Point","coordinates":[151.2511776,-33.9868429]}},{"type":"Feature","properties":{"@id":"node/7707230603","golf":"pin"},"geometry":{"type":"Point","coordinates":[151.2504429,-33.9871044]}},{"type":"Feature","properties":{"@id":"relation/4237853","leisure":"golf_course","name":"The Coast Golf Club"},"geometry":{"type":"Polygon","coordinates":[[[151.2504947,-33.9804751],[151.2505074,-33.9805272],[151.2505153,-33.9806168],[151.2505053,-33.9807084],[151.2504902,-33.9807892],[151.2504816,-33.9808022],[151.2504713,-33.9808176],[151.2504574,-33.9808386],[151.2503515,-33.980998],[151.2503171,-33.9810409],[151.2501456,-33.9812544],[151.2501324,-33.9812647],[151.2500455,-33.981241],[151.2500368,-33.981254],[151.2500429,-33.9812608],[151.2500485,-33.9812675],[151.2500577,-33.9812814],[151.2499779,-33.9813986],[151.2498529,-33.9814205],[151.2498295,-33.9814205],[151.2497644,-33.9814175],[151.2494859,-33.9814003],[151.2494879,-33.9811788],[151.2494473,-33.9811643],[151.2494611,-33.9811454],[151.2494559,-33.9811464],[151.2494517,-33.9811472],[151.2494355,-33.981152],[151.2494187,-33.981156],[151.2494001,-33.9811574],[151.2493864,-33.9811574],[151.2493752,-33.9811564],[151.2493643,-33.9811546],[151.2493503,-33.9811501],[151.2493405,-33.9811468],[151.2493295,-33.9811413],[151.2493157,-33.9811323],[151.2493082,-33.9811266],[151.2493014,-33.9811188],[151.249294,-33.9811096],[151.2492883,-33.9810989],[151.2492846,-33.9810896],[151.2492814,-33.9810787],[151.2492799,-33.9810669],[151.2492802,-33.9810567],[151.2492809,-33.9810478],[151.2492838,-33.9810379],[151.2492875,-33.9810275],[151.2492936,-33.9810157],[151.2492981,-33.981007],[151.2493027,-33.9809984],[151.2493076,-33.9809865],[151.2493107,-33.9809782],[151.2493136,-33.9809681],[151.2493161,-33.9809557],[151.2493168,-33.9809486],[151.2493174,-33.9809388],[151.2493179,-33.9809301],[151.2493183,-33.9809196],[151.2490658,-33.9809425],[151.2484641,-33.9812724],[151.247923,-33.9818189],[151.2477279,-33.9820312],[151.2472679,-33.9825317],[151.2472632,-33.9825391],[151.247207,-33.9826287],[151.2470459,-33.9832552],[151.2468116,-33.9836677],[151.246535,-33.9840934],[151.2464817,-33.9842921],[151.2464713,-33.9843183],[151.2464653,-33.984338],[151.2466008,-33.9843627],[151.2466758,-33.9843764],[151.2470662,-33.9844356],[151.2482192,-33.9845914],[151.2490564,-33.9846809],[151.2498042,-33.9848252],[151.2500084,-33.9848987],[151.2510985,-33.9851418],[151.2515379,-33.9851879],[151.2518458,-33.9852411],[151.2518443,-33.9852629],[151.2518385,-33.9853028],[151.2518385,-33.9853439],[151.2518472,-33.9854104],[151.2518312,-33.985668],[151.2518443,-33.9856959],[151.251856,-33.9857829],[151.2518297,-33.9858978],[151.251721,-33.9861082],[151.2516146,-33.9862324],[151.2515105,-33.9863537],[151.2515,-33.986366],[151.251609,-33.986392],[151.25171,-33.986416],[151.251944,-33.986471],[151.252027,-33.986183],[151.252166,-33.986204],[151.252552,-33.98593],[151.252694,-33.985569],[151.2528315,-33.9851389],[151.2529384,-33.9850554],[151.2530927,-33.9850017],[151.2532043,-33.9850163],[151.2532862,-33.9849791],[151.253344,-33.9849165],[151.253476,-33.9845099],[151.2537577,-33.9839812],[151.2538542,-33.9834062],[151.2537817,-33.9832016],[151.2537257,-33.9829771],[151.2537205,-33.9829563],[151.2537154,-33.9829355],[151.2537142,-33.9829309],[151.2537014,-33.9828795],[151.253696,-33.9828604],[151.2536659,-33.9826766],[151.2536709,-33.9826737],[151.2536794,-33.98267],[151.2536855,-33.9826678],[151.2536914,-33.9826659],[151.2536981,-33.982663],[151.253706,-33.9826589],[151.2537127,-33.9826543],[151.25372,-33.9826492],[151.2537285,-33.9826446],[151.2537346,-33.9826402],[151.2537425,-33.9826376],[151.2537466,-33.9826325],[151.2537463,-33.9826247],[151.2537393,-33.9826203],[151.2537332,-33.9826172],[151.2537258,-33.9826126],[151.2537159,-33.9826114],[151.2537048,-33.982609],[151.253696,-33.9826065],[151.2536893,-33.9826048],[151.2536823,-33.9826039],[151.2536759,-33.9826046],[151.253668,-33.9826063],[151.2536607,-33.9826085],[151.2536548,-33.9826104],[151.2536478,-33.982614],[151.2536417,-33.9826182],[151.2536367,-33.9826198],[151.2536336,-33.9826075],[151.2536199,-33.9825756],[151.2536179,-33.9825629],[151.253612,-33.9825505],[151.2536015,-33.9825442],[151.253588,-33.9825405],[151.253573,-33.9825409],[151.2535654,-33.9825416],[151.2535574,-33.9825471],[151.2535527,-33.9825501],[151.2535444,-33.9825509],[151.2535381,-33.982547],[151.2535321,-33.9825411],[151.2535262,-33.9825328],[151.2535185,-33.9825257],[151.2534297,-33.9824626],[151.2533853,-33.9824355],[151.2533724,-33.9824272],[151.2533569,-33.9824125],[151.2533407,-33.9823967],[151.2533253,-33.9823825],[151.2533052,-33.9823709],[151.2532854,-33.9823542],[151.2532678,-33.9823498],[151.2532478,-33.9823484],[151.2532339,-33.9823477],[151.2532134,-33.982345],[151.2531969,-33.9823434],[151.2531729,-33.9823423],[151.2531622,-33.9823441],[151.2531479,-33.9823483],[151.2531368,-33.9823509],[151.2531226,-33.9823534],[151.2531105,-33.9823567],[151.2531005,-33.9823588],[151.2530836,-33.9823623],[151.2530737,-33.982375],[151.2530699,-33.9823849],[151.2530703,-33.9823924],[151.2530653,-33.9823989],[151.2530599,-33.982405],[151.2530526,-33.9824091],[151.2530457,-33.9824084],[151.2530427,-33.9824009],[151.2530417,-33.9823929],[151.2530393,-33.9823821],[151.2530381,-33.9823715],[151.2530198,-33.9823424],[151.2529908,-33.9823108],[151.2529854,-33.9822986],[151.2529838,-33.9822871],[151.2529857,-33.9822759],[151.2529928,-33.9822635],[151.2529985,-33.9822414],[151.2529998,-33.9822263],[151.2529965,-33.9822085],[151.2529974,-33.9821967],[151.2529866,-33.9821505],[151.2529822,-33.9821388],[151.2529795,-33.9821323],[151.2529821,-33.9821236],[151.2529908,-33.9821216],[151.2529959,-33.9821169],[151.2529915,-33.9820294],[151.253006,-33.982011],[151.2530096,-33.9820027],[151.2530158,-33.9819953],[151.2530274,-33.9819873],[151.2530429,-33.9819786],[151.2531541,-33.9818687],[151.25319,-33.9818027],[151.2532303,-33.9817286],[151.2532852,-33.9816278],[151.253227,-33.981203],[151.2531763,-33.9810262],[151.2531619,-33.9809758],[151.2531576,-33.9809609],[151.2531179,-33.9808226],[151.2530787,-33.9806857],[151.2530188,-33.9806225],[151.2528962,-33.9805186],[151.2527803,-33.9804119],[151.2524175,-33.9803514],[151.252234,-33.980535],[151.2522196,-33.980546],[151.252034,-33.980688],[151.2518985,-33.9807917],[151.2518732,-33.9807974],[151.2518593,-33.9807989],[151.2518492,-33.9808001],[151.251825,-33.9808036],[151.2518064,-33.9808083],[151.2517887,-33.9808118],[151.2517857,-33.9808171],[151.2517484,-33.9808256],[151.2517287,-33.98083],[151.2517175,-33.9808257],[151.2517051,-33.980821],[151.2514887,-33.9807389],[151.2513781,-33.9805649],[151.2511954,-33.9802795],[151.2511117,-33.9800575],[151.2509937,-33.9796931],[151.251121,-33.979561],[151.2511252,-33.9794409],[151.2510683,-33.9793527],[151.2510767,-33.9792928],[151.25109,-33.9791972],[151.2510683,-33.9790614],[151.2510615,-33.9790419],[151.2510615,-33.979026],[151.2510683,-33.9790017],[151.2510774,-33.9789878],[151.2510749,-33.9789792],[151.2510394,-33.9788559],[151.2510409,-33.9788467],[151.2510451,-33.9788339],[151.2510568,-33.9788174],[151.2510852,-33.978798],[151.2511374,-33.9787583],[151.2511613,-33.9787544],[151.251179,-33.9787353],[151.2511856,-33.9787145],[151.2511881,-33.9787017],[151.2513127,-33.978629],[151.2513608,-33.9785624],[151.2513727,-33.978546],[151.2513799,-33.9785361],[151.2514018,-33.9785058],[151.2514165,-33.978493],[151.2515373,-33.9783874],[151.2519356,-33.9782758],[151.2520277,-33.9782788],[151.2522649,-33.9782864],[151.2526435,-33.9784229],[151.2531403,-33.9783673],[151.2532852,-33.9783362],[151.253784,-33.9781805],[151.2541542,-33.9780693],[151.2545351,-33.9779536],[151.254696,-33.9778558],[151.2552593,-33.9776823],[151.2553655,-33.9776047],[151.2553923,-33.9774623],[151.255211,-33.9772997],[151.2551144,-33.9771084],[151.2551252,-33.9769839],[151.2552593,-33.9768326],[151.255388,-33.976797],[151.2558708,-33.9768638],[151.2559688,-33.9768911],[151.2564709,-33.976843],[151.2566459,-33.9767878],[151.2566791,-33.976858],[151.2567098,-33.9768545],[151.256869,-33.9767901],[151.2572709,-33.9768148],[151.2575016,-33.9768237],[151.2575338,-33.9766992],[151.257523,-33.9764678],[151.2548776,-33.976115],[151.2547846,-33.9761016],[151.2546694,-33.9760851],[151.253043,-33.9758511],[151.2521897,-33.9757323],[151.2519572,-33.9757],[151.2518509,-33.9756852],[151.2516365,-33.975657],[151.2514339,-33.9756283],[151.2509999,-33.9755669],[151.2503368,-33.975473],[151.250268,-33.9754636],[151.2502183,-33.9754568],[151.2501031,-33.9754411],[151.2498735,-33.9754098],[151.2497149,-33.9756343],[151.2497131,-33.9756423],[151.2497348,-33.9758107],[151.2497472,-33.9758357],[151.2497923,-33.9759318],[151.2498361,-33.9760408],[151.2498458,-33.9760602],[151.2498702,-33.9760954],[151.2498865,-33.9761758],[151.2499078,-33.9762547],[151.24991,-33.9762664],[151.249914,-33.9762774],[151.2499184,-33.9762873],[151.2499215,-33.9762976],[151.2499272,-33.9763112],[151.249933,-33.9763262],[151.2499863,-33.9765968],[151.2499798,-33.9766182],[151.2499613,-33.9766792],[151.2498857,-33.9769429],[151.2498702,-33.976951],[151.24986,-33.9769598],[151.2498476,-33.9769711],[151.249841,-33.9769785],[151.2498308,-33.9769822],[151.2498162,-33.9769796],[151.2498065,-33.9769796],[151.2497919,-33.9769873],[151.2497799,-33.9769935],[151.2497693,-33.9770027],[151.2497547,-33.9770042],[151.249737,-33.9770071],[151.2497149,-33.9770104],[151.2496937,-33.977008],[151.2496893,-33.9770231],[151.2496738,-33.9770758],[151.2496923,-33.9771292],[151.249704,-33.9772202],[151.2496714,-33.9772287],[151.2495754,-33.9772379],[151.2495225,-33.9772603],[151.2495144,-33.9773357],[151.2492994,-33.9774385],[151.2492509,-33.9774308],[151.2487313,-33.9773479],[151.2487166,-33.977343],[151.2487054,-33.9773358],[151.2486912,-33.9773249],[151.2486769,-33.9773181],[151.2486586,-33.9773156],[151.2486378,-33.9773118],[151.2486093,-33.9773072],[151.2485865,-33.9773021],[151.24856,-33.9772966],[151.2485224,-33.9772907],[151.248497,-33.9772848],[151.2484747,-33.9772794],[151.2484488,-33.9772827],[151.2484213,-33.9772861],[151.2483984,-33.9772949],[151.248371,-33.9773025],[151.2483507,-33.9773042],[151.2483268,-33.9773013],[151.2483085,-33.9772966],[151.2482917,-33.9772916],[151.248277,-33.9772937],[151.2482673,-33.9773025],[151.2482521,-33.9773067],[151.2482353,-33.9773076],[151.2482241,-33.9773093],[151.2482181,-33.9773084],[151.248217,-33.9773128],[151.2482672,-33.9773198],[151.2482598,-33.9773565],[151.2482096,-33.9773495],[151.248201,-33.9774179],[151.2481913,-33.9774341],[151.2481629,-33.9774403],[151.2481456,-33.9774427],[151.2481286,-33.977443],[151.2481603,-33.9775073],[151.2481643,-33.9775154],[151.248166,-33.9775309],[151.248158,-33.9775471],[151.2481439,-33.9775679],[151.2481342,-33.9775996],[151.2481325,-33.9776243],[151.2481372,-33.9776371],[151.2481407,-33.9776442],[151.2481419,-33.9776466],[151.2480499,-33.9776514],[151.2481365,-33.9780256],[151.2482505,-33.9782489],[151.2484188,-33.9784304],[151.2483434,-33.9785173],[151.2486878,-33.9785416],[151.2489078,-33.9786145],[151.2493965,-33.9787763],[151.2496364,-33.9788558],[151.2498177,-33.9789826],[151.2499559,-33.9790792],[151.250149,-33.9792286],[151.2502369,-33.9792925],[151.2504841,-33.9794723],[151.2505378,-33.979628],[151.2505725,-33.9797285],[151.2506721,-33.9797113],[151.2506762,-33.9797262],[151.2506815,-33.979755],[151.2506666,-33.9797561],[151.2506585,-33.9797567],[151.2505576,-33.9798737],[151.2505662,-33.9800301],[151.2505372,-33.9800748],[151.2504287,-33.9802137],[151.2504381,-33.9802561],[151.2504619,-33.9803629],[151.2504947,-33.9804751]]]}},{"type":"Feature","properties":{"@id":"way/1168929104","golf":"clubhouse","name":"The Coast Golf and Recreation Club House"},"geometry":{"type":"Polygon","coordinates":[[[151.2512002,-33.9824892],[151.2511758,-33.9826206],[151.2511463,-33.9826169],[151.2511427,-33.9826365],[151.2511678,-33.9826397],[151.2511637,-33.9826618],[151.2512335,-33.9826707],[151.2512237,-33.9827239],[151.2512474,-33.9827269],[151.2512424,-33.9827538],[151.2513407,-33.9827663],[151.2513309,-33.9828195],[151.2513382,-33.9828204],[151.2515073,-33.9828419],[151.2515215,-33.9828575],[151.2515703,-33.9828626],[151.2515891,-33.9828516],[151.2515973,-33.9828076],[151.2515293,-33.9827989],[151.2515322,-33.9827831],[151.2515356,-33.9827651],[151.2515902,-33.9827721],[151.2515998,-33.9827205],[151.2515429,-33.9827132],[151.251546,-33.9826968],[151.2515721,-33.9827001],[151.2515707,-33.9827074],[151.2516031,-33.9827115],[151.2516107,-33.9826708],[151.2516118,-33.9826648],[151.2516129,-33.9826591],[151.2516216,-33.9826121],[151.2515969,-33.9826089],[151.2516012,-33.9825855],[151.2515814,-33.982583],[151.2515864,-33.982556],[151.251592,-33.9825261],[151.2513808,-33.9824992],[151.2513785,-33.982512],[151.2512002,-33.9824892]]]}},{"type":"Feature","properties":{"@id":"way/1349497424","natural":"scrub"},"geometry":{"type":"Polygon","coordinates":[[[151.2482076,-33.9835479],[151.2481603,-33.9835544],[151.248132,-33.9835673],[151.2480937,-33.9835812],[151.2480665,-33.9835908],[151.2480472,-33.9835958],[151.2480303,-33.9836064],[151.2480018,-33.9836139],[151.2479688,-33.9836267],[151.2479373,-33.9836323],[151.2479191,-33.9836426],[151.2479127,-33.9836611],[151.2479056,-33.983682],[151.2478771,-33.9836832],[151.2478405,-33.9836774],[151.2478243,-33.9836561],[151.2478334,-33.9836413],[151.2478546,-33.9836409],[151.2478762,-33.9836387],[151.2478934,-33.9836303],[151.2479052,-33.9836123],[151.2479277,-33.9836116],[151.2479641,-33.9835983],[151.2479835,-33.9835956],[151.2480122,-33.9835889],[151.2480418,-33.9835769],[151.2480655,-33.9835715],[151.2480979,-33.9835641],[151.2481195,-33.9835529],[151.2481475,-33.9835372],[151.2481629,-33.9835249],[151.2481819,-33.9835035],[151.2481778,-33.9834982],[151.2481665,-33.9834927],[151.248144,-33.9834986],[151.2481265,-33.9835102],[151.2481099,-33.9835203],[151.2480857,-33.9835285],[151.2480527,-33.9835369],[151.2480284,-33.9835473],[151.2480015,-33.9835501],[151.2479732,-33.9835515],[151.2479472,-33.9835549],[151.2479245,-33.9835598],[151.2478943,-33.9835691],[151.2478658,-33.9835753],[151.2478425,-33.9835807],[151.2478093,-33.9835824],[151.2477629,-33.9835779],[151.2477432,-33.9835775],[151.2477176,-33.9835749],[151.2476971,-33.9835726],[151.247673,-33.9835726],[151.2476494,-33.9835718],[151.2476183,-33.9835722],[151.2475959,-33.9835792],[151.2475781,-33.983591],[151.2475714,-33.9836099],[151.2475721,-33.9836367],[151.2475657,-33.9836659],[151.247541,-33.9836697],[151.2475209,-33.9836601],[151.2474932,-33.9836558],[151.2474666,-33.9836636],[151.2474623,-33.9836942],[151.2474745,-33.9837065],[151.2474856,-33.9837237],[151.2474628,-33.9837309],[151.2474582,-33.983749],[151.2474687,-33.9837645],[151.2474866,-33.9837701],[151.2474923,-33.9837916],[151.2474486,-33.9838021],[151.2474399,-33.9838364],[151.2474545,-33.9838492],[151.2474839,-33.9838605],[151.2475206,-33.9838694],[151.2475451,-33.9838694],[151.247573,-33.9838723],[151.2475687,-33.9838878],[151.2475732,-33.9839116],[151.2475898,-33.9839242],[151.2476421,-33.9839277],[151.2476792,-33.9839175],[151.2477076,-33.9839015],[151.2477301,-33.9838924],[151.2477624,-33.9838804],[151.2477948,-33.983876],[151.2478286,-33.9838724],[151.2478599,-33.9838704],[151.2478961,-33.9838892],[151.247931,-33.9839161],[151.2479491,-33.9839376],[151.2479648,-33.9839515],[151.2479861,-33.9839568],[151.2480184,-33.9839526],[151.2480375,-33.9839443],[151.2480589,-33.9839399],[151.2480905,-33.983938],[151.2481327,-33.9839423],[151.2481549,-33.9839512],[151.2481726,-33.9839624],[151.2481837,-33.9839795],[151.248205,-33.983993],[151.2482348,-33.9839953],[151.2482667,-33.9839816],[151.2482711,-33.9839662],[151.2483005,-33.9839515],[151.2483195,-33.9839498],[151.2483422,-33.9839498],[151.2483715,-33.9839517],[151.2484133,-33.9839583],[151.2484393,-33.983963],[151.2484783,-33.9839572],[151.2485148,-33.9839526],[151.2485584,-33.9839515],[151.248599,-33.9839511],[151.2486515,-33.9839453],[151.2486897,-33.9839387],[151.2487123,-33.9839306],[151.2487273,-33.9839099],[151.248728,-33.9838869],[151.2487253,-33.9838554],[151.2487213,-33.9838311],[151.2487045,-33.983803],[151.2486847,-33.9837875],[151.2486689,-33.9837786],[151.2486456,-33.9837694],[151.2486204,-33.9837666],[151.2485919,-33.9837666],[151.2485613,-33.9837694],[151.2485353,-33.9837722],[151.2485131,-33.9837754],[151.2484837,-33.9837782],[151.248439,-33.9837821],[151.2483917,-33.9837789],[151.2483708,-33.9837679],[151.248347,-33.9837536],[151.2483102,-33.9837501],[151.2482891,-33.9837536],[151.2482601,-33.983763],[151.2482339,-33.9837614],[151.2482158,-33.9837541],[151.2482097,-33.9837379],[151.2482127,-33.9837124],[151.2482183,-33.9836908],[151.2482226,-33.983674],[151.2482276,-33.9836433],[151.2482329,-33.9836211],[151.2482403,-33.9835927],[151.2482076,-33.9835479]]]}},{"type":"Feature","properties":{"@id":"way/1462986567","natural":"scrub"},"geometry":{"type":"Polygon","coordinates":[[[151.2496937,-33.977008],[151.2497149,-33.9770104],[151.249737,-33.9770071],[151.2497547,-33.9770042],[151.2497693,-33.9770027],[151.2497799,-33.9769935],[151.2497919,-33.9769873],[151.2498065,-33.9769796],[151.2498162,-33.9769796],[151.2498308,-33.9769822],[151.249841,-33.9769785],[151.2498476,-33.9769711],[151.24986,-33.9769598],[151.2498702,-33.976951],[151.2498857,-33.9769429],[151.2499056,-33.9769378],[151.2499149,-33.9769319],[151.2499242,-33.9769198],[151.2499379,-33.976904],[151.2499498,-33.9768956],[151.2499569,-33.9768857],[151.2499631,-33.9768769],[151.2499702,-33.9768692],[151.2499728,-33.9768585],[151.2499697,-33.9768475],[151.2499675,-33.976835],[151.2499662,-33.9768226],[151.2499715,-33.9768149],[151.2499848,-33.9768134],[151.2499976,-33.9768079],[151.2499989,-33.9767936],[151.2499967,-33.9767822],[151.249994,-33.9767697],[151.2499834,-33.9767591],[151.2499741,-33.9767521],[151.2499662,-33.9767437],[151.2499649,-33.9767294],[151.2499679,-33.9767088],[151.2499733,-33.9766854],[151.2499773,-33.9766763],[151.2499839,-33.9766611],[151.2499914,-33.9766531],[151.2499976,-33.9766391],[151.250005,-33.9766239],[151.2500073,-33.976619],[151.2500157,-33.9766061],[151.2500241,-33.9765907],[151.2500281,-33.9765797],[151.2500348,-33.9765639],[151.2500392,-33.9765379],[151.2500423,-33.976528],[151.2500378,-33.97651],[151.2500317,-33.9764939],[151.2500175,-33.9764806],[151.2500095,-33.9764678],[151.2500038,-33.9764539],[151.2500033,-33.9764403],[151.2500016,-33.976426],[151.2499985,-33.9764102],[151.2499879,-33.9763911],[151.2499724,-33.976375],[151.2499578,-33.976361],[151.2499441,-33.9763445],[151.249933,-33.9763262],[151.2499272,-33.9763112],[151.2499215,-33.9762976],[151.2499184,-33.9762873],[151.249914,-33.9762774],[151.24991,-33.9762664],[151.2499078,-33.9762547],[151.2499069,-33.9762425],[151.2499047,-33.9762297],[151.249902,-33.9762191],[151.2498976,-33.9762095],[151.249891,-33.9761934],[151.2498865,-33.9761758],[151.2498865,-33.9761567],[151.2498857,-33.9761428],[151.2498804,-33.9761285],[151.2498755,-33.9761141],[151.2498702,-33.9760954],[151.2498613,-33.976083],[151.2498525,-33.9760701],[151.2498458,-33.9760602],[151.2498392,-33.9760496],[151.2498361,-33.9760408],[151.2498388,-33.9760228],[151.2498357,-33.9760045],[151.2498282,-33.9759879],[151.2498228,-33.9759758],[151.2498166,-33.975967],[151.2498051,-33.975952],[151.2497923,-33.9759318],[151.2498003,-33.9759212],[151.2497976,-33.9759076],[151.2497923,-33.9758962],[151.2497826,-33.9758896],[151.2497768,-33.975886],[151.2497751,-33.9758812],[151.2497751,-33.9758661],[151.2497729,-33.9758548],[151.2497698,-33.9758485],[151.2497587,-33.9758423],[151.2497472,-33.9758357],[151.2497406,-33.975824],[151.2497348,-33.9758107],[151.2497379,-33.9757964],[151.2497467,-33.9757862],[151.2497529,-33.9757763],[151.2497569,-33.9757638],[151.2497644,-33.9757418],[151.2497596,-33.9757286],[151.2497574,-33.9757154],[151.2497556,-33.9757025],[151.2497512,-33.9756889],[151.2497379,-33.9756732],[151.2497233,-33.9756633],[151.2497131,-33.9756423],[151.2497149,-33.9756343],[151.2497224,-33.9756332],[151.2497419,-33.9756398],[151.2497596,-33.9756449],[151.2497733,-33.9756523],[151.2497959,-33.975657],[151.2498127,-33.9756622],[151.2498286,-33.9756658],[151.2498436,-33.9756633],[151.2498591,-33.975657],[151.2498715,-33.9756545],[151.2498821,-33.9756497],[151.2498963,-33.975646],[151.2499149,-33.9756405],[151.2499237,-33.9756354],[151.2499348,-33.9756229],[151.2499339,-33.9756152],[151.2499312,-33.9756071],[151.2499242,-33.9755932],[151.2499149,-33.9755862],[151.2499087,-33.97558],[151.2499069,-33.9755668],[151.2499091,-33.9755569],[151.2499144,-33.9755484],[151.2499272,-33.9755422],[151.249937,-33.9755363],[151.2499542,-33.9755286],[151.2499657,-33.9755231],[151.2499706,-33.9755158],[151.249971,-33.9755062],[151.2499671,-33.9754949],[151.2499626,-33.9754842],[151.2499604,-33.9754699],[151.2499631,-33.9754552],[151.2499702,-33.9754508],[151.2499799,-33.9754494],[151.2499887,-33.9754472],[151.2499963,-33.9754409],[151.2500032,-33.9754268],[151.2491901,-33.9753165],[151.2489697,-33.9764051],[151.2490079,-33.9764111],[151.249057,-33.9764308],[151.2491806,-33.9764723],[151.2494199,-33.976531],[151.2494155,-33.9766671],[151.2494221,-33.9767405],[151.2494995,-33.9768818],[151.2495548,-33.9769496],[151.2495995,-33.9769808],[151.2496783,-33.9769959],[151.2496937,-33.977008]]]}},{"type":"Feature","properties":{"@id":"way/1463380899","natural":"scrub"},"geometry":{"type":"Polygon","coordinates":[[[151.2475869,-33.9777631],[151.247611,-33.9778737],[151.247619,-33.9779104],[151.2480915,-33.9778397],[151.2480594,-33.9776924],[151.2475869,-33.9777631]]]}},{"type":"Feature","properties":{"@id":"way/1463873496","natural":"scrub"},"geometry":{"type":"Polygon","coordinates":[[[151.2493184,-33.9808832],[151.2492844,-33.9808745],[151.2492443,-33.9808736],[151.2492266,-33.9808612],[151.2491886,-33.9808458],[151.2491231,-33.9808458],[151.249055,-33.9808509],[151.2490019,-33.9808626],[151.2489045,-33.9809015],[151.2486902,-33.9810597],[151.2484064,-33.9812053],[151.2483144,-33.981275],[151.248282,-33.9813071],[151.2481566,-33.9814337],[151.2478226,-33.9817661],[151.2474528,-33.9821364],[151.2470911,-33.9824972],[151.2470805,-33.9825108],[151.2470699,-33.9825257],[151.2470625,-33.9825473],[151.2468649,-33.9832135],[151.2468347,-33.9833117],[151.2467898,-33.9834261],[151.246727,-33.9834789],[151.2467213,-33.9835324],[151.246718,-33.9835533],[151.2467147,-33.9835696],[151.246709,-33.9835831],[151.246691,-33.9836082],[151.2466641,-33.9836312],[151.2466421,-33.9836414],[151.2466127,-33.9836596],[151.2465874,-33.9836705],[151.2465694,-33.9836827],[151.2465449,-33.983728],[151.2465294,-33.9837585],[151.2465163,-33.9837856],[151.2465016,-33.9838032],[151.2464706,-33.9838248],[151.2464388,-33.9838404],[151.24626,-33.9841315],[151.2462314,-33.9841579],[151.2462044,-33.9841748],[151.2461693,-33.9841823],[151.246144,-33.9841775],[151.2461122,-33.9841748],[151.2460746,-33.9841823],[151.2460428,-33.9841857],[151.2460199,-33.9842066],[151.2460111,-33.984236],[151.2464713,-33.9843183],[151.2464653,-33.984338],[151.2466008,-33.9843627],[151.2466094,-33.9843571],[151.2466082,-33.9843469],[151.2466011,-33.9843433],[151.246576,-33.9843401],[151.2465443,-33.9843349],[151.24653,-33.9843315],[151.2465055,-33.9843232],[151.2464887,-33.9843126],[151.2464801,-33.9843035],[151.2465041,-33.9842432],[151.2465155,-33.9842087],[151.2465212,-33.9841863],[151.2465253,-33.9841613],[151.2465327,-33.9841288],[151.2465645,-33.9840916],[151.2465947,-33.9840313],[151.2466159,-33.98399],[151.2466494,-33.9839528],[151.2466755,-33.9839135],[151.2466935,-33.9838878],[151.2467139,-33.9838499],[151.2467262,-33.9838262],[151.2467719,-33.9837409],[151.2468078,-33.9836867],[151.2468241,-33.9836617],[151.2468396,-33.9836373],[151.2468649,-33.9835892],[151.2469074,-33.9835195],[151.2469384,-33.9834782],[151.2469597,-33.9834572],[151.2469686,-33.9834362],[151.2469686,-33.9834213],[151.2469752,-33.9833983],[151.2470037,-33.9833624],[151.2470193,-33.9833503],[151.2470307,-33.983334],[151.2470527,-33.9832738],[151.247074,-33.9832365],[151.2471025,-33.9832304],[151.2471319,-33.9832169],[151.2471515,-33.9831878],[151.2471646,-33.9831796],[151.2471727,-33.9831648],[151.2471744,-33.9831431],[151.2471801,-33.9831275],[151.2471883,-33.9831113],[151.2471956,-33.9830855],[151.2471948,-33.9830679],[151.2471956,-33.9830449],[151.2471948,-33.9830226],[151.2471981,-33.9829901],[151.2471989,-33.982961],[151.2471989,-33.9829319],[151.2472095,-33.9829028],[151.2472201,-33.9828804],[151.2472307,-33.9828574],[151.2472381,-33.9828398],[151.2472446,-33.9828202],[151.2472552,-33.9827883],[151.2472675,-33.9827579],[151.2472821,-33.9827389],[151.2473034,-33.98272],[151.2473279,-33.9826956],[151.2473466,-33.9826672],[151.2473556,-33.9826421],[151.2473809,-33.9826211],[151.2473956,-33.9825968],[151.2474185,-33.9825717],[151.2474234,-33.982548],[151.2474414,-33.9825257],[151.2474707,-33.9825263],[151.247501,-33.9825074],[151.2475238,-33.9824871],[151.247554,-33.9824613],[151.2475871,-33.9824563],[151.2476109,-33.982451],[151.2476306,-33.9824449],[151.2476515,-33.9824403],[151.2476648,-33.9824356],[151.2476701,-33.9824266],[151.2476962,-33.9824032],[151.247716,-33.9823902],[151.2477252,-33.9823812],[151.2477365,-33.9823678],[151.2477478,-33.9823555],[151.2477671,-33.9823334],[151.2477784,-33.9823194],[151.2477872,-33.9823037],[151.2477969,-33.982289],[151.247813,-33.9822593],[151.2478206,-33.9822446],[151.2478247,-33.9822306],[151.2478057,-33.9822139],[151.2477921,-33.9822073],[151.2477727,-33.9822076],[151.2477385,-33.9822099],[151.2477333,-33.9822043],[151.2477337,-33.9821929],[151.2477297,-33.9821819],[151.2477232,-33.9821752],[151.2477071,-33.9821655],[151.2476866,-33.9821629],[151.2476729,-33.9821639],[151.2476624,-33.9821732],[151.247656,-33.9821906],[151.2476427,-33.9821859],[151.2476399,-33.9821772],[151.2476455,-33.9821625],[151.2476499,-33.9821505],[151.2476507,-33.9821408],[151.2476636,-33.9821158],[151.2476801,-33.9820968],[151.2476974,-33.9820757],[151.2477083,-33.982064],[151.2477252,-33.9820557],[151.2477462,-33.982052],[151.2477487,-33.9820445],[151.2477279,-33.9820312],[151.2477431,-33.9819978],[151.2477654,-33.9819735],[151.2477819,-33.9819468],[151.2477989,-33.981919],[151.2478322,-33.9818835],[151.2478614,-33.9818542],[151.2478934,-33.9818142],[151.2479242,-33.9817855],[151.247953,-33.981761],[151.2479931,-33.9817203],[151.2480399,-33.9816788],[151.2480734,-33.9816494],[151.248109,-33.9816188],[151.2481476,-33.9816043],[151.2481745,-33.9816001],[151.2481995,-33.9815902],[151.2482193,-33.9815829],[151.2482436,-33.9815791],[151.2482607,-33.9815848],[151.2482823,-33.981591],[151.2482939,-33.9816017],[151.2483055,-33.981617],[151.2483059,-33.9816291],[151.2482825,-33.9816549],[151.248282,-33.9816704],[151.2482797,-33.9816927],[151.248272,-33.981712],[151.2482657,-33.9817272],[151.2482642,-33.9817308],[151.2482479,-33.98176],[151.248272,-33.9817486],[151.2482864,-33.9817385],[151.248313,-33.9817212],[151.2483279,-33.9817058],[151.2483412,-33.9816878],[151.2483513,-33.9816714],[151.2483581,-33.9816557],[151.2483633,-33.9816421],[151.2483698,-33.9816287],[151.248375,-33.9816],[151.2483746,-33.9815836],[151.2483742,-33.9815596],[151.2483726,-33.9815399],[151.2483674,-33.9815222],[151.248373,-33.9815022],[151.2483863,-33.9814808],[151.2484012,-33.9814635],[151.2484117,-33.9814398],[151.2484104,-33.9814181],[151.2484193,-33.9814004],[151.2484346,-33.9813757],[151.2484447,-33.981357],[151.24846,-33.9813376],[151.2484765,-33.9813169],[151.2484938,-33.9812915],[151.2485155,-33.9812712],[151.2485389,-33.9812535],[151.2485659,-33.9812448],[151.2485856,-33.9812461],[151.2486089,-33.9812438],[151.2486266,-33.9812354],[151.248648,-33.9812368],[151.2486633,-33.9812318],[151.2486641,-33.9812207],[151.2486733,-33.9812111],[151.248683,-33.9811977],[151.2486963,-33.9811904],[151.2487088,-33.9811834],[151.2487305,-33.9811787],[151.2487506,-33.98117],[151.2487708,-33.9811556],[151.2487869,-33.9811403],[151.2488022,-33.9811226],[151.2488227,-33.9811079],[151.2488368,-33.9810892],[151.2488598,-33.9810735],[151.2488827,-33.9810558],[151.2489109,-33.9810418],[151.2489326,-33.9810311],[151.2489536,-33.9810261],[151.2489741,-33.9810275],[151.2489878,-33.9810114],[151.2490015,-33.9809954],[151.249016,-33.9809891],[151.2490321,-33.9809804],[151.2490598,-33.9809637],[151.2490772,-33.9809547],[151.2490957,-33.9809543],[151.2491142,-33.980957],[151.2491363,-33.9809637],[151.2491528,-33.9809717],[151.2491673,-33.9809847],[151.2491826,-33.9809931],[151.2491947,-33.9810014],[151.249214,-33.9810037],[151.2492309,-33.9809984],[151.2492483,-33.9809884],[151.2492624,-33.9809727],[151.2492764,-33.9809614],[151.2492821,-33.9809543],[151.2492929,-33.9809427],[151.2493034,-33.9809343],[151.2493111,-33.980929],[151.2493183,-33.9809196],[151.2493185,-33.9809131],[151.2493187,-33.980904],[151.2493184,-33.9808832]]]}},{"type":"Feature","properties":{"@id":"way/1464036836","natural":"scrub"},"geometry":{"type":"Polygon","coordinates":[[[151.2550552,-33.9753126],[151.2550362,-33.975383],[151.2550292,-33.9754177],[151.2550159,-33.9754592],[151.2550064,-33.9754834],[151.2549956,-33.9755118],[151.254988,-33.9755365],[151.2549766,-33.9755706],[151.2549639,-33.9755985],[151.2549424,-33.975629],[151.254917,-33.9756584],[151.2548879,-33.9756768],[151.2548581,-33.9756873],[151.2548372,-33.9757041],[151.2548283,-33.975722],[151.2548251,-33.9757451],[151.2548188,-33.9757656],[151.2548163,-33.9757798],[151.2548144,-33.975804],[151.254815,-33.9758403],[151.2548099,-33.9758807],[151.2548061,-33.9759159],[151.2548074,-33.9759554],[151.2548036,-33.9759869],[151.2548017,-33.9760106],[151.2547877,-33.9760263],[151.2547782,-33.9760473],[151.2547776,-33.9760784],[151.2547833,-33.9760967],[151.2547909,-33.9761104],[151.2548011,-33.9761246],[151.2548106,-33.9761346],[151.2548258,-33.9761425],[151.2548467,-33.9761419],[151.2548625,-33.9761393],[151.2548815,-33.9761367],[151.2548942,-33.9761356],[151.2549113,-33.9761351],[151.2549221,-33.9761314],[151.2549284,-33.9761267],[151.254931,-33.9761151],[151.2549202,-33.9761046],[151.2549113,-33.9760978],[151.254898,-33.9760805],[151.2548904,-33.9760573],[151.2549421,-33.9758279],[151.2549538,-33.9758156],[151.2549779,-33.9758082],[151.2549994,-33.9758066],[151.2550184,-33.9758014],[151.2550324,-33.9757945],[151.2550584,-33.9757893],[151.2550907,-33.9757819],[151.2550989,-33.9757683],[151.2551002,-33.9757483],[151.2550964,-33.9757252],[151.2550926,-33.9757131],[151.2550888,-33.9756905],[151.2550837,-33.9756637],[151.2550787,-33.9756547],[151.2550546,-33.9756447],[151.2550305,-33.9756437],[151.2550222,-33.9756395],[151.2550165,-33.9756348],[151.2550083,-33.9756253],[151.2550223,-33.9755902],[151.2550574,-33.9754659],[151.2550654,-33.975435],[151.2550703,-33.9754117],[151.2550782,-33.9753641],[151.2550826,-33.9753331],[151.2550854,-33.9753163],[151.2550825,-33.9753084],[151.2550755,-33.9753047],[151.2550672,-33.9753042],[151.255059,-33.9753073],[151.2550552,-33.9753126]]]}},{"type":"Feature","properties":{"@id":"way/1464061069","golf":"green"},"geometry":{"type":"Polygon","coordinates":[[[151.2570884,-33.97513],[151.257087,-33.9751426],[151.2570917,-33.9751585],[151.2570983,-33.9751678],[151.2571069,-33.9751799],[151.2571194,-33.9751886],[151.25713,-33.9751952],[151.2571425,-33.9752012],[151.2571544,-33.9752062],[151.257171,-33.9752089],[151.2571875,-33.9752078],[151.2572007,-33.9752056],[151.2572165,-33.9752018],[151.2572337,-33.9751903],[151.2572456,-33.9751826],[151.2572542,-33.9751744],[151.2572608,-33.9751645],[151.2572648,-33.9751497],[151.2572641,-33.9751355],[151.2572601,-33.9751201],[151.2572568,-33.9751108],[151.2572476,-33.9750982],[151.2572364,-33.9750884],[151.2572258,-33.9750807],[151.2572126,-33.9750736],[151.2572013,-33.9750686],[151.2571855,-33.9750659],[151.2571703,-33.9750637],[151.2571558,-33.9750648],[151.2571406,-33.9750703],[151.257126,-33.9750769],[151.2571161,-33.9750845],[151.2571069,-33.9750938],[151.2571003,-33.9751026],[151.2570917,-33.9751163],[151.2570884,-33.97513]]]}},{"type":"Feature","properties":{"@id":"way/1464061071","golf":"tee"},"geometry":{"type":"Polygon","coordinates":[[[151.2554973,-33.9766608],[151.2554865,-33.9766615],[151.2554742,-33.9766629],[151.2554596,-33.9766657],[151.2554497,-33.9766695],[151.2554424,-33.9766739],[151.2554353,-33.9766782],[151.2554279,-33.9766854],[151.2554206,-33.9766947],[151.2554187,-33.9767035],[151.2554173,-33.9767123],[151.255418,-33.9767221],[151.2554211,-33.976731],[151.2554272,-33.976738],[151.2554326,-33.9767429],[151.2554418,-33.9767501],[151.2554511,-33.9767543],[151.2554662,-33.9767588],[151.2554777,-33.9767607],[151.2554946,-33.9767632],[151.2555039,-33.9767638],[151.2555112,-33.9767643],[151.2555184,-33.9767643],[151.255531,-33.9767627],[151.2555402,-33.9767588],[151.2555481,-33.9767523],[151.2555567,-33.9767391],[151.2555607,-33.9767254],[151.2555607,-33.9767117],[151.2555594,-33.9766991],[151.2555554,-33.9766881],[151.2555481,-33.9766788],[151.2555382,-33.9766712],[151.2555244,-33.9766657],[151.2555131,-33.9766629],[151.2554973,-33.9766608]]]}},{"type":"Feature","properties":{"@id":"way/1464257990","natural":"scrub"},"geometry":{"type":"Polygon","coordinates":[[[151.2526926,-33.9759075],[151.2526972,-33.9758948],[151.2527013,-33.9758786],[151.2527013,-33.9758646],[151.2526875,-33.9758595],[151.2526762,-33.975857],[151.2526593,-33.9758578],[151.2526465,-33.9758625],[151.2526332,-33.9758659],[151.2526194,-33.9758693],[151.2526076,-33.9758748],[151.2525932,-33.9758829],[151.2525901,-33.9758909],[151.2525886,-33.9759011],[151.2525912,-33.9759105],[151.2525958,-33.9759198],[151.2526065,-33.9759275],[151.2526127,-33.9759326],[151.2526322,-33.9759356],[151.2526532,-33.9759309],[151.2526711,-33.9759271],[151.2526834,-33.9759215],[151.2526921,-33.9759122],[151.2526926,-33.9759075]]]}},{"type":"Feature","properties":{"@id":"way/1464257991","natural":"scrub"},"geometry":{"type":"Polygon","coordinates":[[[151.2525512,-33.9760078],[151.2525712,-33.9760278],[151.2525825,-33.976038],[151.2525953,-33.9760469],[151.2526065,-33.9760571],[151.252626,-33.9760698],[151.2526429,-33.9760783],[151.252666,-33.9760813],[151.2526849,-33.9760737],[151.2526972,-33.9760622],[151.252709,-33.9760473],[151.2527136,-33.9760367],[151.2527177,-33.9760269],[151.2527142,-33.976018],[151.2527024,-33.9760146],[151.252688,-33.9760159],[151.2526742,-33.9760167],[151.2526598,-33.9760176],[151.2526429,-33.9760184],[151.2526286,-33.9760167],[151.2526117,-33.976015],[151.2525948,-33.9760095],[151.2525845,-33.9760057],[151.2525727,-33.9760027],[151.252562,-33.9760014],[151.2525543,-33.9760014],[151.2525486,-33.9760031],[151.2525512,-33.9760078]]]}},{"type":"Feature","properties":{"@id":"way/1464270182","natural":"scrub"},"geometry":{"type":"Polygon","coordinates":[[[151.2534059,-33.9766606],[151.253425,-33.9766777],[151.2534337,-33.9766949],[151.2534448,-33.9767166],[151.2534599,-33.9767298],[151.2534933,-33.9767344],[151.2535266,-33.9767363],[151.2535528,-33.9767396],[151.2536044,-33.976739],[151.2536584,-33.9767396],[151.2537132,-33.9767423],[151.2537823,-33.9767429],[151.2538188,-33.976739],[151.2538514,-33.9767232],[151.2538879,-33.9766988],[151.2538983,-33.9766692],[151.2539054,-33.9766369],[151.2538927,-33.9766013],[151.253872,-33.9765836],[151.2538387,-33.9765691],[151.2537998,-33.9765539],[151.2537672,-33.9765394],[151.2537521,-33.976523],[151.2537243,-33.9765092],[151.2537005,-33.9764914],[151.2536815,-33.9764762],[151.2536489,-33.9764624],[151.2536068,-33.9764545],[151.2535758,-33.9764486],[151.253548,-33.9764413],[151.2535298,-33.9764519],[151.2535171,-33.9764611],[151.2534821,-33.9764815],[151.2534615,-33.9764914],[151.25344,-33.9765026],[151.2534258,-33.9764973],[151.2534194,-33.9764815],[151.2534099,-33.9764604],[151.253394,-33.9764426],[151.2533741,-33.9764301],[151.2533519,-33.9764262],[151.2533193,-33.9764242],[151.2532923,-33.9764242],[151.253255,-33.9764301],[151.2532399,-33.9764347],[151.253236,-33.976444],[151.2532288,-33.9764512],[151.2532153,-33.9764525],[151.253197,-33.9764446],[151.2531851,-33.9764341],[151.2531708,-33.9764249],[151.253147,-33.9764216],[151.2531256,-33.9764216],[151.2530954,-33.9764189],[151.2530668,-33.9764123],[151.2530493,-33.9764038],[151.2530517,-33.9763933],[151.2530605,-33.976388],[151.2530652,-33.9763774],[151.2530517,-33.9763649],[151.2530279,-33.9763636],[151.253008,-33.9763524],[151.2529866,-33.9763386],[151.2529564,-33.9763379],[151.2529223,-33.9763458],[151.2529024,-33.9763511],[151.2528873,-33.9763544],[151.252881,-33.9763485],[151.2528754,-33.9763379],[151.2528588,-33.976332],[151.2528413,-33.976336],[151.2528254,-33.9763452],[151.2528024,-33.9763557],[151.252792,-33.9763564],[151.2527825,-33.976357],[151.2527714,-33.9763511],[151.2527277,-33.9763452],[151.2527071,-33.9763504],[151.2526578,-33.976363],[151.252638,-33.9763695],[151.2525895,-33.9763695],[151.2525586,-33.976363],[151.2525213,-33.9763577],[151.2524839,-33.9763511],[151.2524649,-33.9763544],[151.2524538,-33.9763709],[151.2524426,-33.9763827],[151.2524268,-33.9764005],[151.2524156,-33.976417],[151.2523998,-33.9764249],[151.2523807,-33.9764249],[151.2523378,-33.9764196],[151.2523269,-33.9764182],[151.2522925,-33.9764137],[151.252256,-33.9764012],[151.2522227,-33.9763788],[151.2522028,-33.9763616],[151.252179,-33.9763524],[151.2521591,-33.9763491],[151.2521369,-33.9763393],[151.2520988,-33.97633],[151.252063,-33.9763287],[151.2520384,-33.9763274],[151.252013,-33.9763188],[151.2519955,-33.9763063],[151.251982,-33.9762905],[151.2519606,-33.9762806],[151.2519423,-33.9762806],[151.2519304,-33.9762767],[151.2519042,-33.9762648],[151.2518899,-33.9762536],[151.251878,-33.9762444],[151.2518677,-33.9762313],[151.2518486,-33.9762194],[151.251828,-33.9762168],[151.2518018,-33.9762168],[151.2517795,-33.9762201],[151.2517605,-33.976222],[151.2517255,-33.9762233],[151.2517176,-33.9762332],[151.2517128,-33.976249],[151.2517271,-33.9762681],[151.251739,-33.9762872],[151.2517557,-33.9763109],[151.2517653,-33.9763274],[151.2517732,-33.9763425],[151.2517708,-33.9763649],[151.2517732,-33.9763913],[151.2517756,-33.9764163],[151.2517716,-33.9764374],[151.2517772,-33.9764631],[151.2517843,-33.9764868],[151.2518161,-33.9765184],[151.2518296,-33.9765362],[151.2518423,-33.976552],[151.2518637,-33.9765605],[151.2518852,-33.9765763],[151.2519066,-33.9765855],[151.2519257,-33.9765908],[151.2519519,-33.9765967],[151.2519884,-33.9766007],[151.2520265,-33.9766007],[151.2520511,-33.9766007],[151.2520893,-33.9766],[151.2521139,-33.9765961],[151.2521448,-33.9765941],[151.2521726,-33.9765888],[151.2522123,-33.9765822],[151.2522584,-33.9765737],[151.2522806,-33.9765671],[151.2523013,-33.9765526],[151.2523115,-33.9765524],[151.2523299,-33.976552],[151.2523521,-33.9765599],[151.2524077,-33.9765658],[151.252453,-33.9765605],[151.2524577,-33.97655],[151.2524792,-33.9765473],[151.2524974,-33.9765493],[151.2525141,-33.9765625],[151.2525379,-33.9765763],[151.2525602,-33.9765902],[151.2525824,-33.9765974],[151.2526181,-33.9766007],[151.2526515,-33.976602],[151.2526848,-33.976606],[151.2527174,-33.9766073],[151.2527468,-33.9766145],[151.2527746,-33.9766198],[151.2528048,-33.9766277],[151.2528357,-33.9766237],[151.2528524,-33.9766172],[151.2528762,-33.9766152],[151.2529008,-33.9766283],[151.2529104,-33.9766395],[151.2529223,-33.9766461],[151.2529469,-33.9766527],[151.2529699,-33.9766593],[151.2529961,-33.9766593],[151.2530319,-33.9766659],[151.2530454,-33.9766823],[151.2530533,-33.9766968],[151.2530605,-33.976714],[151.2530724,-33.9767232],[151.2530914,-33.9767271],[151.2531256,-33.9767298],[151.2531343,-33.9767298],[151.2531565,-33.9767298],[151.253174,-33.9767264],[151.2531804,-33.9767252],[151.2531955,-33.9767205],[151.2532018,-33.976714],[151.2532217,-33.9767047],[151.2532272,-33.9766995],[151.2532439,-33.9766876],[151.2532622,-33.9766791],[151.2532773,-33.9766863],[151.2532915,-33.9766876],[151.2533066,-33.976683],[151.2533249,-33.976681],[151.2533404,-33.9766739],[151.2533551,-33.9766672],[151.2533676,-33.976664],[151.2533781,-33.9766613],[151.253394,-33.9766593],[151.2534059,-33.9766606]]]}},{"type":"Feature","properties":{"@id":"way/1464270188","natural":"wood"},"geometry":{"type":"Polygon","coordinates":[[[151.2516795,-33.9754413],[151.251639,-33.9756444],[151.2516365,-33.975657],[151.2514339,-33.9756283],[151.2514303,-33.9756356],[151.25142,-33.9756521],[151.2514152,-33.9756744],[151.2514145,-33.9757007],[151.2514186,-33.9757345],[151.2514214,-33.9757722],[151.2514324,-33.9758139],[151.2514407,-33.9758477],[151.2514703,-33.9758774],[151.2514945,-33.9758928],[151.2515282,-33.9758894],[151.2515627,-33.9758711],[151.2515979,-33.9758477],[151.2516213,-33.9758282],[151.2516461,-33.9758048],[151.2516758,-33.9757728],[151.251693,-33.9757556],[151.2517082,-33.9757328],[151.2517054,-33.9757139],[151.2516999,-33.9756939],[151.2517033,-33.9756744],[151.2517161,-33.9756623],[151.251727,-33.9756575],[151.251739,-33.9756489],[151.2517478,-33.9756347],[151.2517462,-33.975617],[151.2517369,-33.9755994],[151.2517405,-33.9755817],[151.2517436,-33.9755684],[151.2517488,-33.9755554],[151.2517592,-33.9755403],[151.2517733,-33.9755279],[151.2517847,-33.9755188],[151.2517899,-33.9755098],[151.2517847,-33.9755011],[151.2517758,-33.9754938],[151.2517603,-33.97548],[151.2517499,-33.9754688],[151.2517327,-33.9754533],[151.2517208,-33.975446],[151.2517125,-33.975443],[151.2516943,-33.9754417],[151.2516795,-33.9754413]]]}},{"type":"Feature","properties":{"@id":"way/1464270189","natural":"scrub"},"geometry":{"type":"Polygon","coordinates":[[[151.2517468,-33.9758751],[151.2517654,-33.9758911],[151.2517778,-33.9759094],[151.2517737,-33.9759306],[151.2517613,-33.9759574],[151.2517488,-33.9759894],[151.2517433,-33.976018],[151.2517502,-33.9760346],[151.2517654,-33.9760432],[151.2517971,-33.9760403],[151.2518074,-33.9760255],[151.2518109,-33.97601],[151.251824,-33.9759986],[151.2518633,-33.9759935],[151.2518957,-33.97599],[151.251926,-33.9759746],[151.251955,-33.9759614],[151.2520012,-33.9759546],[151.2520322,-33.9759374],[151.2520674,-33.9759226],[151.2521046,-33.9759197],[151.2521342,-33.9759266],[151.2521652,-33.9759237],[151.2521928,-33.9759157],[151.2522121,-33.9759111],[151.2522466,-33.9759163],[151.2522804,-33.9759186],[151.2523086,-33.9759168],[151.2523548,-33.9759106],[151.2523686,-33.975894],[151.2523734,-33.975878],[151.2523748,-33.9758602],[151.2523776,-33.9758425],[151.2523755,-33.9758231],[151.2523686,-33.9758059],[151.2523583,-33.9757899],[151.2523404,-33.9757819],[151.2523011,-33.9757819],[151.2522631,-33.9757808],[151.2522176,-33.9757796],[151.2521963,-33.9757699],[151.2521894,-33.9757539],[151.2521894,-33.9757436],[151.2521897,-33.9757323],[151.2519572,-33.9757],[151.2519164,-33.9757248],[151.2518998,-33.9757396],[151.2518709,-33.9757579],[151.2518447,-33.9757528],[151.2518199,-33.9757631],[151.2517957,-33.9757813],[151.2517819,-33.9758031],[151.2517695,-33.9758185],[151.2517488,-33.9758625],[151.2517468,-33.9758751]]]}},{"type":"Feature","properties":{"@id":"way/1464517103","natural":"scrub"},"geometry":{"type":"Polygon","coordinates":[[[151.2507314,-33.9756581],[151.2507408,-33.9756481],[151.2507474,-33.975638],[151.2507507,-33.9756257],[151.2507507,-33.9756098],[151.2507419,-33.9755948],[151.2507325,-33.9755847],[151.2507221,-33.9755806],[151.2504958,-33.9755223],[151.2504739,-33.9755183],[151.2504629,-33.9755187],[151.2504486,-33.9755205],[151.2504294,-33.9755233],[151.2504189,-33.9755283],[151.250408,-33.9755351],[151.2504008,-33.9755447],[151.2503959,-33.9755547],[151.2503909,-33.9755647],[151.2503871,-33.9755729],[151.2503821,-33.9755811],[151.2503701,-33.9755879],[151.2503563,-33.975598],[151.2503459,-33.9756034],[151.250336,-33.9756121],[151.2503201,-33.9756235],[151.2503107,-33.9756317],[151.2503113,-33.9756453],[151.2503157,-33.9756585],[151.2503212,-33.9756695],[151.2503327,-33.9756836],[151.2503492,-33.9756959],[151.2503591,-33.9757095],[151.2503717,-33.9757282],[151.2503788,-33.975741],[151.2503799,-33.9757546],[151.2503772,-33.9757687],[151.2503767,-33.9757833],[151.2503723,-33.9757993],[151.2503717,-33.9758102],[151.2503701,-33.9758275],[151.2503679,-33.9758475],[151.2503717,-33.9758644],[151.2503756,-33.9758785],[151.2503821,-33.9758876],[151.2503931,-33.9758922],[151.2504118,-33.975894],[151.2504261,-33.9758972],[151.250442,-33.9759063],[151.2504574,-33.9759104],[151.2504607,-33.9759209],[151.2504678,-33.9759281],[151.2504667,-33.9759418],[151.2504673,-33.9759573],[151.2504678,-33.9759723],[151.250464,-33.9759833],[151.2504557,-33.9759942],[151.2504475,-33.9760051],[151.2504382,-33.9760179],[151.2504277,-33.9760265],[151.2504096,-33.976032],[151.2503882,-33.9760311],[151.2503849,-33.9760393],[151.2503854,-33.9760525],[151.2503937,-33.9760657],[151.2503997,-33.9760794],[151.250408,-33.9760939],[151.2504167,-33.9761117],[151.2504272,-33.9761222],[151.2504376,-33.9761295],[151.2504486,-33.976134],[151.2504623,-33.9761404],[151.2504722,-33.9761481],[151.2504783,-33.9761632],[151.2504848,-33.9761736],[151.250492,-33.9761878],[151.2505002,-33.9761937],[151.250509,-33.9761996],[151.2505167,-33.9762092],[151.2505189,-33.9762196],[151.2505151,-33.9762278],[151.2505172,-33.9762415],[151.2505205,-33.9762624],[151.2505277,-33.9762825],[151.2505398,-33.9762957],[151.2505486,-33.9763121],[151.2505513,-33.9763262],[151.2505518,-33.9763399],[151.2505469,-33.9763535],[151.2505337,-33.9763681],[151.25052,-33.9763795],[151.2504997,-33.9763895],[151.2504783,-33.9763977],[151.2504601,-33.9764123],[151.2504486,-33.9764205],[151.2504316,-33.9764296],[151.2504047,-33.9764419],[151.2503838,-33.976451],[151.2503668,-33.9764596],[151.2503569,-33.9764665],[151.2503432,-33.9764747],[151.2503322,-33.9764861],[151.2503272,-33.9765052],[151.25033,-33.9765284],[151.2503366,-33.9765444],[151.2503541,-33.9765526],[151.250375,-33.9765585],[151.2503838,-33.9765639],[151.250397,-33.9765703],[151.2504222,-33.9765717],[151.250442,-33.9765658],[151.2504557,-33.9765585],[151.250475,-33.9765485],[151.2504909,-33.9765398],[151.2505046,-33.9765325],[151.2505194,-33.9765293],[151.2505403,-33.9765316],[151.2505634,-33.9765362],[151.2505815,-33.9765394],[151.2505963,-33.9765353],[151.2506134,-33.9765243],[151.2506271,-33.9765111],[151.2506381,-33.976497],[151.250654,-33.9764829],[151.2506705,-33.9764701],[151.2506815,-33.9764619],[151.2506952,-33.9764515],[151.2507029,-33.9764351],[151.2507122,-33.9764196],[151.2507216,-33.9764055],[151.2507391,-33.97639],[151.2507529,-33.976379],[151.2507682,-33.9763695],[151.2507792,-33.9763572],[151.2507847,-33.9763431],[151.2507919,-33.9763267],[151.2507951,-33.9763075],[151.2508034,-33.976287],[151.2508111,-33.976272],[151.250816,-33.9762565],[151.25081,-33.976241],[151.2508039,-33.9762319],[151.2508078,-33.9762174],[151.2508127,-33.9762078],[151.2508171,-33.9761969],[151.2508193,-33.9761809],[151.2508204,-33.9761632],[151.2508226,-33.9761436],[151.2508226,-33.9761167],[151.2508243,-33.9760894],[151.2508254,-33.976068],[151.2508276,-33.9760529],[151.2508281,-33.9760361],[151.2508314,-33.9760224],[151.250838,-33.9760056],[151.2508495,-33.9759782],[151.2508616,-33.9759619],[151.2508715,-33.9759455],[151.2508792,-33.9759332],[151.2508885,-33.9759204],[151.2509,-33.975909],[151.2509077,-33.9759026],[151.2509198,-33.975894],[151.250933,-33.9758835],[151.2509473,-33.9758708],[151.2509577,-33.9758571],[151.2509627,-33.9758393],[151.2509627,-33.9758229],[151.2509616,-33.9757965],[151.2509577,-33.975771],[151.2509533,-33.9757492],[151.2509489,-33.97573],[151.2509456,-33.9757182],[151.2509418,-33.9757073],[151.2509357,-33.9756922],[151.2509275,-33.9756786],[151.2509171,-33.9756644],[151.2509077,-33.9756526],[151.2508935,-33.9756385],[151.2508797,-33.9756317],[151.2508638,-33.9756262],[151.2508484,-33.9756207],[151.2508292,-33.9756162],[151.2508105,-33.9756121],[151.2507924,-33.9756121],[151.2507842,-33.9756148],[151.2507787,-33.9756235],[151.250782,-33.975638],[151.2507886,-33.9756553],[151.2507897,-33.9756649],[151.2507897,-33.9756767],[151.2507853,-33.9756931],[151.2507803,-33.9757104],[151.2507754,-33.9757227],[151.2507682,-33.9757373],[151.2507589,-33.9757469],[151.2507446,-33.9757523],[151.2507276,-33.9757542],[151.25071,-33.9757533],[151.2506979,-33.9757446],[151.2506886,-33.9757341],[151.2506859,-33.9757173],[151.2506881,-33.9756959],[151.2507012,-33.9756818],[151.2507122,-33.9756708],[151.250727,-33.9756635],[151.2507314,-33.9756581]]]}},{"type":"Feature","properties":{"@id":"way/1464530493","natural":"scrub"},"geometry":{"type":"Polygon","coordinates":[[[151.2511501,-33.9762698],[151.2511453,-33.9762727],[151.2511467,-33.9762763],[151.251154,-33.9762795],[151.2511612,-33.9762827],[151.2511748,-33.9762875],[151.2511854,-33.9762927],[151.2511951,-33.9762971],[151.2512091,-33.9762995],[151.2512381,-33.9762991],[151.2512627,-33.9762959],[151.2512855,-33.9762923],[151.2513053,-33.9762863],[151.2513203,-33.9762791],[151.2513362,-33.9762743],[151.2513469,-33.9762646],[151.2513502,-33.976257],[151.2513473,-33.9762422],[151.251344,-33.9762265],[151.2513343,-33.9762185],[151.2513174,-33.9762125],[151.2512927,-33.9762105],[151.2512743,-33.9762169],[151.2512574,-33.9762269],[151.251239,-33.9762394],[151.2512265,-33.9762498],[151.2512009,-33.9762566],[151.2511767,-33.9762614],[151.2511501,-33.9762698]]]}},{"type":"Feature","properties":{"@id":"way/1466629972","natural":"scrub"},"geometry":{"type":"Polygon","coordinates":[[[151.2480499,-33.9776514],[151.2480594,-33.9776924],[151.2481365,-33.9780256],[151.2482505,-33.9782489],[151.2484188,-33.9784304],[151.2483434,-33.9785173],[151.2482233,-33.9785512],[151.2482253,-33.9785707],[151.2482375,-33.9785741],[151.2482598,-33.9785736],[151.248268,-33.9785698],[151.2482812,-33.9785665],[151.2482903,-33.9785606],[151.2483112,-33.9785551],[151.2483447,-33.9785475],[151.2483589,-33.9785475],[151.2483671,-33.9785509],[151.2483793,-33.9785564],[151.2483884,-33.9785656],[151.2483889,-33.9785741],[151.2483894,-33.9785795],[151.2483949,-33.9785958],[151.2486878,-33.9785416],[151.2489078,-33.9786145],[151.2493965,-33.9787763],[151.2496364,-33.9788558],[151.2498177,-33.9789826],[151.2499559,-33.9790792],[151.250149,-33.9792286],[151.2502369,-33.9792925],[151.2504841,-33.9794723],[151.2505378,-33.979628],[151.2505543,-33.9796759],[151.2505633,-33.9796805],[151.250572,-33.9796853],[151.2505767,-33.9796935],[151.2505808,-33.9797022],[151.2505878,-33.9797051],[151.2505959,-33.979707],[151.250607,-33.9797066],[151.2506204,-33.9797066],[151.2506291,-33.9797003],[151.2506297,-33.9796863],[151.2506355,-33.9796786],[151.2506372,-33.9796699],[151.2506337,-33.9796539],[151.2506297,-33.9796448],[151.2506227,-33.9796327],[151.2506198,-33.9796211],[151.2506204,-33.9796076],[151.2506227,-33.979597],[151.2506198,-33.9795854],[151.2506122,-33.9795719],[151.2506006,-33.979554],[151.2505854,-33.9795381],[151.2505522,-33.9795082],[151.2505278,-33.9794903],[151.2505243,-33.9794758],[151.2505295,-33.9794575],[151.2505406,-33.9794454],[151.2505476,-33.9794386],[151.2505476,-33.9794299],[151.2505458,-33.9794155],[151.2505406,-33.9793971],[151.2505313,-33.9793817],[151.250522,-33.9793633],[151.2505185,-33.9793513],[151.2505132,-33.9793377],[151.2505051,-33.9793252],[151.2504923,-33.9793088],[151.250483,-33.9792943],[151.2504731,-33.9792789],[151.2504539,-33.97926],[151.2504317,-33.9792455],[151.2504079,-33.9792378],[151.2503782,-33.9792325],[151.2503619,-33.9792233],[151.2503392,-33.9792156],[151.2503211,-33.9792084],[151.2503043,-33.9791953],[151.2502746,-33.9791727],[151.2502682,-33.979164],[151.2502332,-33.979135],[151.2502006,-33.9791089],[151.2501849,-33.9791002],[151.250157,-33.9790911],[151.2501459,-33.9790756],[151.2501383,-33.9790611],[151.2501343,-33.9790481],[151.2501343,-33.9790331],[151.2501273,-33.9790167],[151.2501279,-33.9789989],[151.250129,-33.9789796],[151.2501308,-33.9789549],[151.2501459,-33.9789216],[151.250159,-33.9789202],[151.2501552,-33.9787667],[151.2501127,-33.9787681],[151.2500871,-33.9787773],[151.2500679,-33.9787754],[151.250051,-33.9787691],[151.250033,-33.9787604],[151.2500167,-33.9787585],[151.2499934,-33.9787575],[151.2499794,-33.9787575],[151.2499526,-33.978759],[151.2499358,-33.9787633],[151.2499177,-33.9787657],[151.2498979,-33.9787701],[151.2498857,-33.9787691],[151.2498636,-33.9787643],[151.2498391,-33.9787599],[151.2498106,-33.9787536],[151.2497902,-33.9787454],[151.2497588,-33.9787396],[151.2497373,-33.9787343],[151.2497064,-33.9787261],[151.2496942,-33.9787174],[151.2496895,-33.978702],[151.249679,-33.9786904],[151.2496575,-33.9786822],[151.2496365,-33.9786735],[151.2496115,-33.9786605],[151.2495894,-33.9786494],[151.2495632,-33.9786402],[151.2495411,-33.9786359],[151.2495155,-33.978633],[151.2494997,-33.978632],[151.2494858,-33.9786248],[151.2494637,-33.9786146],[151.2494386,-33.9786045],[151.2494118,-33.9785929],[151.2493734,-33.9785828],[151.2493519,-33.978575],[151.2493315,-33.9785663],[151.2493065,-33.9785562],[151.2492844,-33.978547],[151.2492646,-33.9785388],[151.2492465,-33.9785321],[151.2492232,-33.9785253],[151.2492098,-33.9785215],[151.2491883,-33.9785113],[151.2491563,-33.9784968],[151.2491243,-33.9784819],[151.2490975,-33.9784684],[151.2490777,-33.9784572],[151.2490556,-33.9784471],[151.249034,-33.9784379],[151.2490154,-33.9784331],[151.2489945,-33.9784254],[151.2489706,-33.9784162],[151.2489508,-33.9784075],[151.2489357,-33.9783988],[151.2489205,-33.9783901],[151.2488856,-33.978365],[151.2488646,-33.9783424],[151.2488367,-33.978323],[151.2488198,-33.9783066],[151.2488,-33.9782912],[151.2487831,-33.9782796],[151.2487575,-33.9782671],[151.2487337,-33.9782603],[151.2487104,-33.9782598],[151.2486947,-33.9782598],[151.2486625,-33.9782589],[151.2486184,-33.9782603],[151.2485986,-33.9782642],[151.2485608,-33.9782593],[151.2485311,-33.9782617],[151.2485113,-33.9782738],[151.2485043,-33.9782854],[151.2484996,-33.9783028],[151.2484921,-33.9783153],[151.2484781,-33.9783192],[151.2484647,-33.9783134],[151.2484537,-33.9783062],[151.2484286,-33.9782811],[151.2484094,-33.9782559],[151.2483972,-33.9782376],[151.2483861,-33.9782212],[151.2483698,-33.9782014],[151.2483529,-33.9781748],[151.248339,-33.9781613],[151.2483256,-33.9781415],[151.248307,-33.9781198],[151.2482877,-33.9780986],[151.2482697,-33.9780783],[151.248261,-33.9780604],[151.2482528,-33.9780392],[151.248254,-33.9780238],[151.2482592,-33.9780083],[151.2482615,-33.9779909],[151.2482569,-33.9779764],[151.2482394,-33.9779504],[151.2482284,-33.9779287],[151.248222,-33.9779098],[151.2482161,-33.9778953],[151.2482127,-33.9778756],[151.2482092,-33.9778582],[151.2482086,-33.9778422],[151.2482062,-33.9778278],[151.248194,-33.9777925],[151.2481853,-33.9777718],[151.2481801,-33.9777486],[151.2481801,-33.9777293],[151.2481766,-33.9777085],[151.2481713,-33.9777003],[151.2481748,-33.9776786],[151.2481672,-33.9776675],[151.2481556,-33.9776569],[151.2481419,-33.9776466],[151.2480499,-33.9776514]]]}},{"type":"Feature","properties":{"@id":"way/1466629973","golf":"bunker"},"geometry":{"type":"Polygon","coordinates":[[[151.2507456,-33.9809213],[151.2507503,-33.9809223],[151.2507547,-33.9809236],[151.2507619,-33.9809239],[151.2507666,-33.9809228],[151.250771,-33.9809187],[151.2507741,-33.9809161],[151.2507744,-33.9809117],[151.2507725,-33.9809075],[151.2507713,-33.9809036],[151.25077,-33.9809],[151.2507706,-33.9808958],[151.2507728,-33.9808927],[151.2507753,-33.9808894],[151.2507775,-33.9808863],[151.2507775,-33.9808829],[151.2507744,-33.9808811],[151.2507694,-33.9808792],[151.2507647,-33.9808787],[151.2507606,-33.9808774],[151.2507578,-33.9808754],[151.2507559,-33.9808722],[151.2507528,-33.9808686],[151.25075,-33.980866],[151.2507459,-33.9808663],[151.2507419,-33.9808673],[151.2507394,-33.9808697],[151.2507362,-33.9808715],[151.2507306,-33.9808715],[151.2507253,-33.9808715],[151.2507197,-33.980873],[151.2507172,-33.9808756],[151.2507165,-33.9808811],[151.2507193,-33.9808865],[151.2507222,-33.9808886],[151.2507237,-33.9808912],[151.2507237,-33.9808948],[151.2507225,-33.9809003],[151.2507231,-33.9809044],[151.2507243,-33.9809096],[151.2507278,-33.9809137],[151.2507322,-33.9809171],[151.2507365,-33.9809205],[151.2507456,-33.9809213]]]}},{"type":"Feature","properties":{"@id":"way/1466629974","golf":"bunker"},"geometry":{"type":"Polygon","coordinates":[[[151.2506824,-33.9810403],[151.250725,-33.9810172],[151.2507297,-33.9810141],[151.2507319,-33.9810113],[151.2507334,-33.9810066],[151.2507325,-33.981003],[151.2507315,-33.9809999],[151.2507294,-33.9809957],[151.2507269,-33.9809926],[151.2507237,-33.9809913],[151.2507206,-33.9809903],[151.2507162,-33.9809903],[151.2507096,-33.9809903],[151.250705,-33.980991],[151.2507012,-33.9809921],[151.250699,-33.9809942],[151.2506981,-33.9809975],[151.2506956,-33.9809999],[151.2506903,-33.9809999],[151.2506784,-33.9809988],[151.2506762,-33.980996],[151.2506746,-33.9809923],[151.250673,-33.9809892],[151.2506702,-33.9809856],[151.2506671,-33.9809838],[151.2506618,-33.9809825],[151.2506555,-33.9809825],[151.2506511,-33.9809825],[151.2506477,-33.980982],[151.2506458,-33.9809789],[151.2506465,-33.9809757],[151.250648,-33.9809732],[151.2506468,-33.980968],[151.250644,-33.9809661],[151.2506399,-33.9809654],[151.2506355,-33.9809649],[151.2506308,-33.9809659],[151.2506274,-33.980968],[151.2506252,-33.9809724],[151.2506246,-33.9809763],[151.2506255,-33.9809796],[151.2506261,-33.9809827],[151.2506261,-33.9809872],[151.2506242,-33.98099],[151.2506211,-33.9809926],[151.2506196,-33.9809949],[151.250618,-33.980997],[151.2506183,-33.9810014],[151.2506205,-33.9810077],[151.2506246,-33.9810134],[151.2506286,-33.981017],[151.250633,-33.9810198],[151.2506383,-33.9810219],[151.2506436,-33.981023],[151.2506452,-33.9810209],[151.2506452,-33.9810154],[151.2506468,-33.9810118],[151.2506502,-33.9810108],[151.2506546,-33.9810121],[151.2506662,-33.9810188],[151.250668,-33.9810211],[151.2506671,-33.9810243],[151.2506655,-33.9810279],[151.2506646,-33.981032],[151.2506662,-33.9810357],[151.250669,-33.9810375],[151.2506727,-33.9810396],[151.2506774,-33.9810403],[151.2506824,-33.9810403]]]}},{"type":"Feature","properties":{"@id":"way/1466946108","golf":"fairway"},"geometry":{"type":"Polygon","coordinates":[[[151.2515731,-33.9812789],[151.2516159,-33.9812638],[151.2516287,-33.9812556],[151.2516422,-33.9812408],[151.2516508,-33.9812267],[151.2516575,-33.9812081],[151.2516621,-33.9811908],[151.2516664,-33.9811672],[151.2516685,-33.9811418],[151.251665,-33.9811196],[151.2516536,-33.9810965],[151.2516408,-33.9810788],[151.2516174,-33.9810487],[151.2515868,-33.9810151],[151.2515705,-33.9809957],[151.2515449,-33.9809615],[151.2515164,-33.9809232],[151.2514823,-33.980886],[151.251429,-33.9808389],[151.2513871,-33.9808],[151.2513452,-33.9807623],[151.2513196,-33.9807299],[151.2512862,-33.9806886],[151.2512698,-33.9806662],[151.251257,-33.9806391],[151.251252,-33.9806049],[151.2512492,-33.9805872],[151.2512435,-33.9805743],[151.2512307,-33.9805595],[151.2512151,-33.9805477],[151.2512016,-33.9805389],[151.2511831,-33.980536],[151.2511646,-33.980536],[151.251144,-33.9805401],[151.2511255,-33.980546],[151.2511042,-33.9805542],[151.2510944,-33.9805612],[151.2510854,-33.9805754],[151.2510808,-33.9805914],[151.2510786,-33.9806179],[151.2510808,-33.9806326],[151.2510829,-33.9806609],[151.2510879,-33.9806939],[151.2510935,-33.9807216],[151.2510992,-33.9807452],[151.2511099,-33.9807652],[151.2511333,-33.9807882],[151.251166,-33.9808094],[151.2511845,-33.9808212],[151.2512428,-33.9808802],[151.2514041,-33.9810493],[151.2514219,-33.9810758],[151.2514368,-33.9810965],[151.2514503,-33.98112],[151.2514575,-33.9811424],[151.2514624,-33.981166],[151.2514624,-33.9811854],[151.2514617,-33.9812073],[151.2514646,-33.9812291],[151.2514738,-33.9812444],[151.2514916,-33.9812656],[151.2515115,-33.9812786],[151.2515307,-33.981285],[151.2515541,-33.9812833],[151.2515731,-33.9812789]]]}},{"type":"Feature","properties":{"@id":"way/1466966096","golf":"tee"},"geometry":{"type":"Polygon","coordinates":[[[151.2496393,-33.9815073],[151.2496306,-33.9815073],[151.2496232,-33.9815105],[151.2496174,-33.981517],[151.2496145,-33.9815243],[151.249614,-33.9815323],[151.2496174,-33.9815408],[151.2496242,-33.9815457],[151.249633,-33.9815506],[151.2496779,-33.9815635],[151.2496862,-33.9815651],[151.2496969,-33.9815619],[151.2497048,-33.9815578],[151.2497082,-33.981553],[151.2497106,-33.9815473],[151.2497096,-33.9815388],[151.2497072,-33.981534],[151.2497033,-33.9815291],[151.2496965,-33.9815234],[151.2496877,-33.9815202],[151.2496393,-33.9815073]]]}},{"type":"Feature","properties":{"@id":"way/1466976824","natural":"scrub"},"geometry":{"type":"Polygon","coordinates":[[[151.2477279,-33.9820312],[151.2477487,-33.9820445],[151.247782,-33.9820441],[151.2478157,-33.9820491],[151.2478573,-33.9820611],[151.2478823,-33.9820579],[151.2479028,-33.9820422],[151.2479294,-33.9820121],[151.2479581,-33.9819589],[151.2481011,-33.9818355],[151.2482479,-33.98176],[151.2482657,-33.9817272],[151.248272,-33.981712],[151.2482797,-33.9816927],[151.248282,-33.9816704],[151.2482825,-33.9816549],[151.2483059,-33.9816291],[151.2483055,-33.981617],[151.2482939,-33.9816017],[151.2482823,-33.981591],[151.2482607,-33.9815848],[151.2482436,-33.9815791],[151.2482193,-33.9815829],[151.2481995,-33.9815902],[151.2481745,-33.9816001],[151.2481476,-33.9816043],[151.248109,-33.9816188],[151.2480734,-33.9816494],[151.2480399,-33.9816788],[151.2479931,-33.9817203],[151.247953,-33.981761],[151.2479242,-33.9817855],[151.2478934,-33.9818142],[151.2478614,-33.9818542],[151.2478322,-33.9818835],[151.2477989,-33.981919],[151.2477819,-33.9819468],[151.2477654,-33.9819735],[151.2477431,-33.9819978],[151.2477279,-33.9820312]]]}},{"type":"Feature","properties":{"@id":"way/1467195517","golf":"tee"},"geometry":{"type":"Polygon","coordinates":[[[151.2530362,-33.9811592],[151.2530342,-33.9811641],[151.2530329,-33.9811751],[151.2530352,-33.9811832],[151.2530415,-33.9811904],[151.2530501,-33.9811948],[151.253058,-33.9811981],[151.2530653,-33.9811981],[151.2530739,-33.9811981],[151.2530818,-33.9811959],[151.2530896,-33.9811897],[151.2530955,-33.981182],[151.253101,-33.981174],[151.2531036,-33.9811652],[151.2531043,-33.981157],[151.253101,-33.9811504],[151.2530933,-33.9811441],[151.2530858,-33.9811416],[151.2530739,-33.9811394],[151.2530626,-33.98114],[151.2530534,-33.9811444],[151.2530448,-33.9811508],[151.2530362,-33.9811592]]]}},{"type":"Feature","properties":{"@id":"way/1467196937","natural":"scrub"},"geometry":{"type":"Polygon","coordinates":[[[151.2508508,-33.9798573],[151.2508515,-33.9798531],[151.2508146,-33.9800534],[151.2508161,-33.980067],[151.250818,-33.9800981],[151.250818,-33.9801351],[151.2508166,-33.9801646],[151.2508156,-33.9802004],[151.2508132,-33.9802275],[151.2508071,-33.9802409],[151.2507923,-33.9802535],[151.2507814,-33.9802704],[151.2507734,-33.9803015],[151.2507691,-33.9803302],[151.2507738,-33.9803535],[151.2507781,-33.9803645],[151.2507838,-33.9803783],[151.2507876,-33.9803952],[151.2507886,-33.9804101],[151.2507848,-33.9804298],[151.2507923,-33.9804503],[151.2508033,-33.9804715],[151.2508156,-33.9804943],[151.2508332,-33.9805278],[151.2508526,-33.9805726],[151.2508763,-33.9806195],[151.2508977,-33.9806628],[151.2509385,-33.9807328],[151.250957,-33.98076],[151.2509741,-33.9807808],[151.2509893,-33.9807962],[151.2510159,-33.9808225],[151.2510467,-33.9808544],[151.2510776,-33.9808875],[151.2510946,-33.9809044],[151.2511098,-33.9809241],[151.2511231,-33.9809418],[151.2511497,-33.9809787],[151.2511739,-33.9810134],[151.2511834,-33.9810173],[151.251191,-33.9810169],[151.251199,-33.9810075],[151.2512062,-33.9809882],[151.2512066,-33.9809697],[151.2512005,-33.9809465],[151.2511943,-33.9809233],[151.2511824,-33.9808981],[151.2511634,-33.9808623],[151.251153,-33.9808442],[151.2511383,-33.980819],[151.2511245,-33.9807993],[151.2511027,-33.9807769],[151.2510927,-33.9807647],[151.251088,-33.980745],[151.2510823,-33.980708],[151.2510766,-33.9806738],[151.2510719,-33.980647],[151.2510681,-33.9805235],[151.2510666,-33.980512],[151.2510325,-33.9804267],[151.2509978,-33.9803031],[151.2509969,-33.9802933],[151.2510026,-33.9802807],[151.251014,-33.9802657],[151.2510282,-33.9802476],[151.2510415,-33.9802334],[151.2510515,-33.9802201],[151.2510595,-33.9802079],[151.2510657,-33.9801933],[151.2510742,-33.9801752],[151.2510823,-33.9801575],[151.2510866,-33.9801418],[151.2510904,-33.9801252],[151.2510932,-33.9801107],[151.2510942,-33.9800977],[151.2510937,-33.9800843],[151.2510908,-33.9800666],[151.2510932,-33.9800587],[151.2511003,-33.9800583],[151.2511117,-33.9800575],[151.2511136,-33.9800469],[151.2511179,-33.9800296],[151.2511174,-33.9800154],[151.2511165,-33.9800072],[151.2511127,-33.9799938],[151.2511127,-33.9799828],[151.2511207,-33.9799741],[151.2511307,-33.9799662],[151.2511416,-33.9799619],[151.2511454,-33.979956],[151.2511511,-33.9799509],[151.2511525,-33.9799442],[151.2511041,-33.9798789],[151.2510543,-33.9799155],[151.2510092,-33.9799131],[151.2509062,-33.9798726],[151.2508811,-33.9798561],[151.2508508,-33.9798573]]]}},{"type":"Feature","properties":{"@id":"way/1467196938","natural":"scrub"},"geometry":{"type":"Polygon","coordinates":[[[151.2507726,-33.9799217],[151.2507819,-33.9799126],[151.2507824,-33.9799027],[151.2507791,-33.9798913],[151.250772,-33.9798728],[151.250766,-33.9798551],[151.2507622,-33.9798447],[151.2507611,-33.9798329],[151.2507671,-33.9798261],[151.2507687,-33.9798102],[151.2507693,-33.9797943],[151.2507644,-33.9797839],[151.2507611,-33.9797726],[151.2507584,-33.9797608],[151.2507556,-33.9797517],[151.2507496,-33.9797418],[151.2507403,-33.9797381],[151.2507256,-33.9797386],[151.2507157,-33.979744],[151.2507124,-33.9797522],[151.2507146,-33.9797676],[151.2507655,-33.9799158],[151.2507666,-33.9799194],[151.2507726,-33.9799217]]]}},{"type":"Feature","properties":{"@id":"way/1467205028","natural":"scrub"},"geometry":{"type":"Polygon","coordinates":[[[151.2511254,-33.9799867],[151.2511251,-33.9799944],[151.251127,-33.9800068],[151.2511294,-33.9800127],[151.2511297,-33.9800253],[151.2511304,-33.9800304],[151.2511248,-33.9800379],[151.2511235,-33.9800474],[151.2511235,-33.9800629],[151.2511285,-33.9800747],[151.2511356,-33.9800863],[151.2511419,-33.9800956],[151.2511447,-33.9801061],[151.2511409,-33.9801139],[151.2511335,-33.9801231],[151.2511313,-33.9801342],[151.2511353,-33.9801461],[151.2511468,-33.9801633],[151.2511555,-33.9801821],[151.2511636,-33.9802058],[151.2511741,-33.9802277],[151.2511832,-33.9802465],[151.2511891,-33.9802599],[151.2511954,-33.9802795],[151.2512024,-33.9802982],[151.2512092,-33.9803132],[151.2512158,-33.9803281],[151.2512217,-33.9803356],[151.2512279,-33.9803458],[151.2512322,-33.9803569],[151.2512387,-33.9803685],[151.2512487,-33.9803814],[151.2512555,-33.9803971],[151.2512583,-33.9804105],[151.2512614,-33.9804244],[151.2512639,-33.9804403],[151.2512676,-33.9804589],[151.251272,-33.9804756],[151.2512763,-33.9804911],[151.2512831,-33.9805042],[151.2512887,-33.9805096],[151.2512959,-33.9805243],[151.251303,-33.9805387],[151.2513145,-33.98055],[151.2513223,-33.9805565],[151.251326,-33.9805665],[151.2513313,-33.9805778],[151.2513372,-33.9805904],[151.2513462,-33.9806023],[151.2513598,-33.9806154],[151.251376,-33.9806237],[151.2513912,-33.9806293],[151.251403,-33.9806286],[151.251421,-33.980627],[151.2514396,-33.9806221],[151.2514514,-33.9806154],[151.2514589,-33.9806082],[151.2514638,-33.9805977],[151.2514657,-33.9805856],[151.2514592,-33.9805801],[151.251448,-33.9805753],[151.251439,-33.9805678],[151.2514291,-33.9805606],[151.251421,-33.9805523],[151.2514185,-33.9805408],[151.2514197,-33.9805297],[151.2514154,-33.9805135],[151.251408,-33.9805055],[151.2513974,-33.9805006],[151.2513868,-33.9804988],[151.2513781,-33.9804952],[151.2513735,-33.9804893],[151.2513726,-33.9804828],[151.2513766,-33.9804777],[151.2513788,-33.9804741],[151.2513812,-33.9804669],[151.2513797,-33.9804612],[151.2513753,-33.9804563],[151.2513694,-33.9804478],[151.2513694,-33.9804411],[151.2513698,-33.9804321],[151.2513698,-33.9804267],[151.2513713,-33.9804156],[151.2513663,-33.9804051],[151.2513604,-33.9803979],[151.2513555,-33.9803894],[151.2513549,-33.9803809],[151.2513527,-33.9803721],[151.2513493,-33.9803644],[151.2513424,-33.9803551],[151.2513375,-33.9803505],[151.2513334,-33.9803469],[151.2513297,-33.9803417],[151.2513216,-33.9803304],[151.2513129,-33.9803258],[151.2513058,-33.9803232],[151.2513055,-33.9803188],[151.2513089,-33.9803137],[151.251316,-33.9803098],[151.2513207,-33.9803044],[151.2513235,-33.9802992],[151.2513229,-33.9802884],[151.2513191,-33.9802799],[151.2513136,-33.9802686],[151.2513151,-33.9802653],[151.2513229,-33.9802611],[151.2513272,-33.9802526],[151.2513266,-33.9802449],[151.2513207,-33.9802405],[151.2513114,-33.9802369],[151.2513027,-33.9802331],[151.2512968,-33.9802261],[151.2512934,-33.9802174],[151.2512912,-33.9802096],[151.2512878,-33.9802004],[151.251285,-33.9801942],[151.2512797,-33.9801883],[151.2512766,-33.9801775],[151.2512698,-33.9801682],[151.2512608,-33.9801607],[151.2512561,-33.9801561],[151.2512543,-33.9801489],[151.2512533,-33.9801419],[151.2512533,-33.9801368],[151.2512521,-33.9801301],[151.251249,-33.9801244],[151.2512465,-33.9801211],[151.2512412,-33.9801152],[151.2512319,-33.9801041],[151.2512238,-33.9801013],[151.2512182,-33.980093],[151.2512136,-33.9800843],[151.2512089,-33.9800765],[151.2512036,-33.9800688],[151.2512015,-33.9800647],[151.2511959,-33.9800567],[151.2511884,-33.9800472],[151.2511819,-33.9800379],[151.2511794,-33.980031],[151.2511794,-33.980025],[151.2511797,-33.9800204],[151.2511794,-33.980015],[151.2511776,-33.9800104],[151.2511745,-33.9800057],[151.2511707,-33.9800011],[151.2511676,-33.9799962],[151.2511636,-33.9799905],[151.2511589,-33.9799833],[151.2511549,-33.9799784],[151.2511509,-33.9799764],[151.2511442,-33.9799751],[151.251131,-33.9799787],[151.2511254,-33.9799867]]]}},{"type":"Feature","properties":{"@id":"way/1467205034","natural":"scrub"},"geometry":{"type":"Polygon","coordinates":[[[151.2515129,-33.9807522],[151.251526,-33.980772],[151.2515446,-33.9807823],[151.2515718,-33.9807922],[151.2515895,-33.9808059],[151.2516072,-33.9808144],[151.2516228,-33.9808264],[151.2516426,-33.9808356],[151.2516731,-33.9808332],[151.2516896,-33.9808243],[151.2516908,-33.9808069],[151.2516859,-33.9807874],[151.2516826,-33.980771],[151.2516686,-33.980717],[151.2516645,-33.9807092],[151.2516583,-33.9807017],[151.2516496,-33.9806976],[151.2516418,-33.9806976],[151.2516323,-33.9806976],[151.2516196,-33.9807017],[151.2516084,-33.9807047],[151.2515994,-33.9807017],[151.2515891,-33.9806972],[151.2515751,-33.9806921],[151.2515643,-33.980689],[151.251552,-33.9806897],[151.2515425,-33.9806938],[151.2515343,-33.9807006],[151.2515277,-33.9807075],[151.2515178,-33.9807177],[151.25151,-33.9807259],[151.2515067,-33.9807338],[151.2515063,-33.9807416],[151.2515129,-33.9807522]]]}},{"type":"Feature","properties":{"@id":"way/1467205038","natural":"scrub"},"geometry":{"type":"Polygon","coordinates":[[[151.251427,-33.9816345],[151.2514316,-33.9816321],[151.2514381,-33.9816325],[151.2514448,-33.9816308],[151.2514506,-33.9816262],[151.2514537,-33.9816202],[151.2514539,-33.9816134],[151.2514578,-33.9816094],[151.2514626,-33.9816033],[151.2514665,-33.9815951],[151.2514689,-33.9815882],[151.2514695,-33.9815814],[151.2514708,-33.9815734],[151.2514711,-33.9815653],[151.2514704,-33.9815591],[151.2514733,-33.9815517],[151.2514743,-33.9815443],[151.2514776,-33.9815345],[151.2514779,-33.9815268],[151.251474,-33.9815185],[151.251465,-33.9815131],[151.2514597,-33.9815078],[151.2514518,-33.9814977],[151.2514497,-33.9814897],[151.2514414,-33.9814811],[151.2514178,-33.9814607],[151.2514085,-33.9814589],[151.2514007,-33.981461],[151.2513921,-33.9814574],[151.2513831,-33.9814523],[151.2513728,-33.9814461],[151.2513674,-33.981434],[151.2513613,-33.9814185],[151.2513484,-33.9814055],[151.2512901,-33.9813646],[151.2512719,-33.9813542],[151.2512665,-33.9813474],[151.2512633,-33.9813444],[151.2512547,-33.9813426],[151.2512462,-33.9813399],[151.2512383,-33.9813349],[151.2512343,-33.9813293],[151.251229,-33.9813222],[151.2512218,-33.9813171],[151.2512111,-33.9813124],[151.2512004,-33.9813124],[151.2511879,-33.9813136],[151.2511782,-33.9813159],[151.2511668,-33.981326],[151.2511575,-33.9813343],[151.2511517,-33.9813438],[151.2511507,-33.9813515],[151.2511719,-33.9813665],[151.2511546,-33.9813834],[151.2511334,-33.9813684],[151.2511235,-33.9813717],[151.251111,-33.9813776],[151.2510988,-33.9813859],[151.2510798,-33.9813999],[151.2510713,-33.9814061],[151.251068,-33.9814108],[151.2510655,-33.9814146],[151.2510434,-33.9814315],[151.2510269,-33.9814168],[151.2510187,-33.9814191],[151.2510105,-33.9814194],[151.2509962,-33.9814209],[151.2509847,-33.9814218],[151.250969,-33.9814245],[151.2509561,-33.9814295],[151.2509454,-33.9814295],[151.2509228,-33.9814349],[151.2509117,-33.981442],[151.2508992,-33.9814464],[151.2508849,-33.9814452],[151.2508692,-33.9814488],[151.2508484,-33.9814604],[151.2508359,-33.9814701],[151.2508266,-33.9814814],[151.2508227,-33.9814933],[151.2508195,-33.9815022],[151.2508137,-33.9815161],[151.2508087,-33.9815229],[151.2508037,-33.9815324],[151.2507973,-33.9815452],[151.2507909,-33.9815544],[151.2507808,-33.9815645],[151.2507676,-33.9815719],[151.2507465,-33.9815784],[151.2507308,-33.9815888],[151.250715,-33.9815986],[151.2506982,-33.9816069],[151.2506871,-33.9816205],[151.2506772,-33.9816273],[151.2506592,-33.9816341],[151.2506455,-33.9816418],[151.2506351,-33.9816531],[151.2506253,-33.9816649],[151.2506133,-33.9816753],[151.2506018,-33.9816862],[151.2505848,-33.981698],[151.2505684,-33.9817084],[151.2505548,-33.9817202],[151.2505384,-33.9817297],[151.2505127,-33.9817107],[151.2505056,-33.9817011],[151.2504925,-33.9817002],[151.2504832,-33.981698],[151.2504744,-33.9816921],[151.2504782,-33.9816875],[151.2504837,-33.9816798],[151.2504843,-33.9816708],[151.2504793,-33.9816599],[151.2504793,-33.9816499],[151.2504826,-33.9816345],[151.2504832,-33.9816205],[151.2504793,-33.9816137],[151.2504657,-33.9816087],[151.2504389,-33.9816055],[151.2504219,-33.9816055],[151.2504083,-33.9816109],[151.250393,-33.9816191],[151.2503902,-33.98163],[151.2503952,-33.9816413],[151.2504034,-33.9816508],[151.2504088,-33.9816594],[151.2504028,-33.9816649],[151.2503952,-33.9816753],[151.2503875,-33.9816857],[151.2503831,-33.9816948],[151.2503793,-33.9817048],[151.2503738,-33.9817143],[151.2503722,-33.9817247],[151.2503651,-33.9817342],[151.2503536,-33.9817456],[151.2503421,-33.981751],[151.2503345,-33.9817632],[151.2503285,-33.9817814],[151.2503317,-33.9817959],[151.2503383,-33.9818036],[151.2503394,-33.981814],[151.2503285,-33.9818226],[151.2502823,-33.981845],[151.2502869,-33.9818629],[151.250334,-33.9818492],[151.2503418,-33.981867],[151.2503487,-33.981883],[151.2503683,-33.9818904],[151.2503718,-33.981907],[151.2503781,-33.9819219],[151.250434,-33.9819125],[151.2504439,-33.981898],[151.2504553,-33.9818707],[151.2504624,-33.9818503],[151.2504629,-33.9818262],[151.2504635,-33.9818126],[151.2504647,-33.9817947],[151.2504931,-33.9817829],[151.2505647,-33.9817567],[151.2506392,-33.9816884],[151.2506735,-33.9816601],[151.2506863,-33.9816525],[151.2507735,-33.9816215],[151.2508883,-33.9815654],[151.2509733,-33.9815271],[151.2509863,-33.9815195],[151.2510981,-33.9814481],[151.2511072,-33.9814412],[151.2512027,-33.9813622],[151.2514285,-33.9815092],[151.2514333,-33.9815252],[151.2514356,-33.9815491],[151.2514271,-33.9815835],[151.2514204,-33.9815966],[151.2514216,-33.9816027],[151.2514274,-33.981612],[151.2514303,-33.9816205],[151.251427,-33.9816345]]]}},{"type":"Feature","properties":{"@id":"way/1467212963","natural":"scrub"},"geometry":{"type":"Polygon","coordinates":[[[151.2502569,-33.9817974],[151.2502801,-33.9817876],[151.2502949,-33.981779],[151.2503063,-33.9817671],[151.2503118,-33.9817507],[151.2503088,-33.9817347],[151.2503019,-33.9817179],[151.250293,-33.9817043],[151.250287,-33.9816937],[151.2502752,-33.9816781],[151.2502747,-33.9816662],[151.2502682,-33.98166],[151.2502588,-33.9816547],[151.2502479,-33.9816457],[151.2502395,-33.9816366],[151.2502301,-33.9816276],[151.2502202,-33.9816256],[151.250201,-33.981628],[151.2501871,-33.9816329],[151.2501708,-33.9816424],[151.2501599,-33.9816514],[151.2501544,-33.9816654],[151.2501475,-33.9816805],[151.250153,-33.9816883],[151.2501634,-33.9816916],[151.2501822,-33.9816957],[151.250199,-33.981701],[151.2502049,-33.9817072],[151.2502054,-33.9817199],[151.2502054,-33.9817339],[151.2502034,-33.9817466],[151.2501965,-33.9817572],[151.2501891,-33.9817634],[151.2501787,-33.9817601],[151.2501703,-33.9817499],[151.2501624,-33.9817396],[151.250152,-33.9817318],[151.2501416,-33.9817298],[151.2501292,-33.9817326],[151.2501119,-33.9817363],[151.2501015,-33.9817367],[151.2500872,-33.9817351],[151.2500738,-33.9817371],[151.2500535,-33.9817384],[151.2500372,-33.9817425],[151.2500278,-33.9817507],[151.2500214,-33.9817605],[151.250013,-33.9817667],[151.2500046,-33.9817794],[151.2500036,-33.9817913],[151.2500036,-33.981804],[151.250011,-33.9818139],[151.2500238,-33.9818241],[151.2500328,-33.9818311],[151.2500426,-33.9818364],[151.2500549,-33.9818424],[151.2500628,-33.9818504],[151.2500708,-33.9818534],[151.2500751,-33.9818539],[151.2500818,-33.9818555],[151.2500939,-33.981859],[151.2501065,-33.9818588],[151.2501161,-33.9818576],[151.2501304,-33.9818555],[151.2501366,-33.981852],[151.2501419,-33.9818441],[151.2501464,-33.9818411],[151.2501546,-33.981839],[151.2501627,-33.9818345],[151.2501639,-33.9818271],[151.2501658,-33.9818171],[151.2501661,-33.9818084],[151.2501714,-33.9818036],[151.2501875,-33.9818008],[151.2502018,-33.9817989],[151.2502206,-33.9817991],[151.2502383,-33.9817989],[151.2502569,-33.9817974]]]}},{"type":"Feature","properties":{"@id":"way/1467212964","natural":"scrub"},"geometry":{"type":"Polygon","coordinates":[[[151.2502461,-33.9818957],[151.2502437,-33.9818892],[151.2502406,-33.9818848],[151.2502297,-33.9818826],[151.2502179,-33.9818826],[151.250206,-33.9818875],[151.2502041,-33.9818962],[151.2502119,-33.981905],[151.250224,-33.9819114],[151.2502322,-33.9819173],[151.2502389,-33.9819272],[151.250243,-33.9819343],[151.2502505,-33.981939],[151.2502602,-33.9819365],[151.2502632,-33.9819272],[151.2502602,-33.9819176],[151.2502557,-33.9819099],[151.2502479,-33.9819031],[151.2502461,-33.9818957]]]}},{"type":"Feature","properties":{"@id":"way/1467212966","natural":"scrub"},"geometry":{"type":"Polygon","coordinates":[[[151.2509172,-33.9824064],[151.2509172,-33.982392],[151.2509117,-33.9823855],[151.2508919,-33.9823789],[151.2508741,-33.9823748],[151.2507876,-33.9823715],[151.2507742,-33.9823752],[151.2506975,-33.9823707],[151.2506965,-33.9823445],[151.2506955,-33.9823371],[151.2506926,-33.9823301],[151.2506861,-33.9823252],[151.2506772,-33.9823231],[151.2506654,-33.9823231],[151.250656,-33.9823268],[151.2506441,-33.9823363],[151.2505966,-33.9823863],[151.2509172,-33.9824064]]]}},{"type":"Feature","properties":{"@id":"way/1467467479","golf":"bunker"},"geometry":{"type":"Polygon","coordinates":[[[151.2516069,-33.9832753],[151.2515947,-33.9832659],[151.2515852,-33.9832659],[151.2515721,-33.9832659],[151.2515634,-33.9832681],[151.2515555,-33.9832703],[151.2515486,-33.9832732],[151.251546,-33.9832818],[151.2515434,-33.9832934],[151.2515407,-33.9833071],[151.2515434,-33.9833194],[151.2515503,-33.9833295],[151.2515582,-33.9833367],[151.2515643,-33.9833439],[151.251573,-33.9833504],[151.2515825,-33.9833548],[151.2515947,-33.9833562],[151.2516052,-33.9833562],[151.2516156,-33.9833526],[151.2516217,-33.9833468],[151.2516261,-33.9833367],[151.2516278,-33.9833273],[151.2516278,-33.983315],[151.2516243,-33.9833035],[151.2516191,-33.9832948],[151.2516113,-33.9832854],[151.2516069,-33.9832753]]]}},{"type":"Feature","properties":{"@id":"way/1467467480","golf":"tee"},"geometry":{"type":"Polygon","coordinates":[[[151.2517141,-33.9833974],[151.2517062,-33.9833901],[151.2516984,-33.983388],[151.2516844,-33.9833836],[151.2516723,-33.9833851],[151.2516574,-33.9833865],[151.2516435,-33.9833923],[151.2516339,-33.9834031],[151.2516226,-33.983419],[151.2516165,-33.9834385],[151.2516122,-33.9834566],[151.2516104,-33.9834696],[151.2516104,-33.9834847],[151.2516122,-33.9835014],[151.2516174,-33.9835144],[151.2516243,-33.9835252],[151.2516357,-33.9835331],[151.2516479,-33.9835404],[151.2516601,-33.9835425],[151.2516757,-33.983544],[151.2516923,-33.9835425],[151.2517071,-33.9835375],[151.2517141,-33.983531],[151.2517228,-33.9835209],[151.2517315,-33.9835079],[151.2517358,-33.9834949],[151.2517384,-33.9834833],[151.2517393,-33.9834624],[151.251735,-33.9834436],[151.2517315,-33.9834313],[151.2517271,-33.9834183],[151.2517202,-33.9834068],[151.2517141,-33.9833974]]]}},{"type":"Feature","properties":{"@id":"way/1467467481","golf":"tee"},"geometry":{"type":"Polygon","coordinates":[[[151.2513666,-33.9837086],[151.2513787,-33.9836971],[151.2513979,-33.9836783],[151.2514127,-33.9836667],[151.2514293,-33.9836573],[151.2514432,-33.983653],[151.2514658,-33.9836508],[151.2514902,-33.9836508],[151.2515155,-33.983648],[151.2515277,-33.9836429],[151.2515338,-33.9836335],[151.2515355,-33.9836212],[151.2515346,-33.9836104],[151.2515277,-33.9836025],[151.2515181,-33.9835967],[151.2515094,-33.9835931],[151.2514145,-33.9835729],[151.2513996,-33.98357],[151.2513857,-33.98357],[151.2513709,-33.9835736],[151.2513622,-33.9835786],[151.2513526,-33.9835887],[151.2513195,-33.9836862],[151.2513213,-33.9836985],[151.2513274,-33.9837079],[151.2513361,-33.9837137],[151.25135,-33.9837144],[151.2513596,-33.9837122],[151.2513666,-33.9837086]]]}},{"type":"Feature","properties":{"@id":"way/1467467484","golf":"fairway"},"geometry":{"type":"Polygon","coordinates":[[[151.2517301,-33.9836235],[151.2517649,-33.983625],[151.2517867,-33.983625],[151.2518076,-33.9836199],[151.251825,-33.9836077],[151.2518372,-33.9835947],[151.251845,-33.9835788],[151.2518511,-33.9835658],[151.2518555,-33.9835347],[151.2518537,-33.9834647],[151.2518537,-33.9834372],[151.2518494,-33.9834112],[151.2518459,-33.9833845],[151.2518381,-33.9833592],[151.2518267,-33.9833376],[151.2518119,-33.9833195],[151.2517893,-33.9833043],[151.2517754,-33.9833],[151.2517536,-33.9832957],[151.2517292,-33.9832949],[151.2517048,-33.9832964],[151.2516769,-33.9833007],[151.2516508,-33.9833058],[151.2516378,-33.9833108],[151.2516278,-33.983315],[151.2515947,-33.9833562],[151.251589,-33.9833693],[151.2515777,-33.9833896],[151.2515707,-33.9834047],[151.2515646,-33.9834199],[151.2515602,-33.9834423],[151.2515559,-33.9834661],[151.2515541,-33.9834885],[151.2515559,-33.9835102],[151.2515594,-33.983526],[151.2515663,-33.9835427],[151.2515759,-33.9835542],[151.2515925,-33.983565],[151.2517127,-33.9836185],[151.2517301,-33.9836235]]]}},{"type":"Feature","properties":{"@id":"way/1467476179","golf":"tee"},"geometry":{"type":"Polygon","coordinates":[[[151.2523484,-33.9843806],[151.2523563,-33.9843745],[151.2523603,-33.9843674],[151.2523643,-33.9843551],[151.2523672,-33.9843437],[151.2523677,-33.9843333],[151.2523677,-33.984323],[151.2523683,-33.9843121],[151.2523654,-33.9843026],[151.2523615,-33.9842941],[151.2523563,-33.9842866],[151.2523472,-33.9842818],[151.2523381,-33.98428],[151.2523301,-33.9842804],[151.2523221,-33.9842833],[151.2523164,-33.9842861],[151.2523113,-33.9842894],[151.2523045,-33.9842946],[151.2523014,-33.9842999],[151.2523016,-33.9843069],[151.2523068,-33.9843225],[151.2523119,-33.9843433],[151.2523182,-33.9843612],[151.2523221,-33.9843735],[151.2523273,-33.9843806],[151.2523324,-33.984383],[151.2523427,-33.9843844],[151.2523484,-33.9843806]]]}},{"type":"Feature","properties":{"@id":"way/1467481999","golf":"tee"},"geometry":{"type":"Polygon","coordinates":[[[151.2516778,-33.9848123],[151.2516883,-33.9848123],[151.251696,-33.9848113],[151.2517037,-33.9848072],[151.2517092,-33.9848008],[151.251713,-33.9847931],[151.2517175,-33.9847844],[151.251718,-33.9847766],[151.2517191,-33.9847684],[151.2517169,-33.9847607],[151.251713,-33.9847524],[151.2517064,-33.9847456],[151.2516976,-33.9847401],[151.2516833,-33.9847378],[151.2516701,-33.9847387],[151.2516585,-33.9847442],[151.2516492,-33.9847515],[151.2516442,-33.9847629],[151.2516403,-33.9847757],[151.2516409,-33.9847876],[151.251647,-33.9847986],[151.2516563,-33.9848059],[151.2516679,-33.9848104],[151.2516751,-33.9848118],[151.2516778,-33.9848123]]]}},{"type":"Feature","properties":{"@id":"way/1467488333","golf":"green"},"geometry":{"type":"Polygon","coordinates":[[[151.2496828,-33.9779747],[151.2496867,-33.9779811],[151.2496945,-33.977986],[151.2497071,-33.9779892],[151.2497168,-33.97799],[151.2497304,-33.977986],[151.2497391,-33.9779803],[151.2497459,-33.9779715],[151.2497507,-33.9779626],[151.249774,-33.9779112],[151.2497721,-33.9779023],[151.2497682,-33.9778943],[151.2497633,-33.9778895],[151.2497459,-33.9778846],[151.2497294,-33.9778871],[151.2497187,-33.9778927],[151.2496945,-33.9779369],[151.2496848,-33.9779578],[151.2496819,-33.9779659],[151.2496828,-33.9779747]]]}},{"type":"Feature","properties":{"@id":"way/1467488334","natural":"scrub"},"geometry":{"type":"Polygon","coordinates":[[[151.2505559,-33.981616],[151.2505726,-33.981615],[151.2505838,-33.9816076],[151.2505938,-33.9815984],[151.2505972,-33.9815863],[151.2506039,-33.9815734],[151.2505972,-33.9815604],[151.2505883,-33.9815502],[151.250567,-33.9815437],[151.2505425,-33.9815474],[151.2505268,-33.9815549],[151.2505179,-33.9815715],[151.2505157,-33.9815882],[151.2505201,-33.9816002],[151.2505346,-33.9816113],[151.2505559,-33.981616]]]}},{"type":"Feature","properties":{"@id":"way/1467488344","golf":"bunker"},"geometry":{"type":"Polygon","coordinates":[[[151.250009,-33.9842989],[151.2500163,-33.9842886],[151.2500236,-33.9842771],[151.2500302,-33.9842637],[151.2500353,-33.9842498],[151.2500361,-33.9842395],[151.2500368,-33.9842268],[151.2500331,-33.9842189],[151.2500266,-33.9842104],[151.2500149,-33.984205],[151.2500039,-33.9842032],[151.2499871,-33.9842019],[151.2499696,-33.9842044],[151.2499557,-33.9842086],[151.2499455,-33.9842135],[151.2499352,-33.9842225],[151.2499316,-33.9842322],[151.2499301,-33.9842431],[151.2499316,-33.9842565],[151.2499352,-33.984268],[151.2499396,-33.9842771],[151.2499447,-33.9842862],[151.2499528,-33.9842928],[151.2499659,-33.9842977],[151.2499761,-33.9843013],[151.2499878,-33.9843049],[151.250001,-33.9843049],[151.250009,-33.9842989]]]}},{"type":"Feature","properties":{"@id":"way/1467501839","golf":"tee"},"geometry":{"type":"Polygon","coordinates":[[[151.2467303,-33.9839191],[151.2467373,-33.9839226],[151.246744,-33.983924],[151.2467508,-33.9839251],[151.2467568,-33.9839244],[151.2467617,-33.9839237],[151.2467672,-33.9839212],[151.246771,-33.9839189],[151.2467753,-33.9839136],[151.2467792,-33.9839095],[151.2467828,-33.9839047],[151.2467864,-33.9838984],[151.2467885,-33.9838929],[151.2467922,-33.9838869],[151.2467958,-33.9838791],[151.2468001,-33.9838725],[151.2468082,-33.9838625],[151.2468151,-33.9838523],[151.2468235,-33.98384],[151.2468528,-33.9837978],[151.2468568,-33.9837922],[151.2468596,-33.9837856],[151.2468589,-33.9837749],[151.2468555,-33.9837678],[151.2468514,-33.983763],[151.2468417,-33.9837568],[151.2468285,-33.9837511],[151.2468153,-33.9837502],[151.2468032,-33.9837535],[151.2467917,-33.9837625],[151.2467849,-33.9837725],[151.2467791,-33.9837892],[151.2467711,-33.983802],[151.2467619,-33.9838149],[151.2467527,-33.9838258],[151.2467309,-33.9838525],[151.2467154,-33.983871],[151.2467079,-33.9838853],[151.2467056,-33.9838982],[151.2467108,-33.9839067],[151.2467223,-33.9839139],[151.2467303,-33.9839191]]]}},{"type":"Feature","properties":{"@id":"way/1467505814","golf":"green"},"geometry":{"type":"Polygon","coordinates":[[[151.2480365,-33.9832809],[151.2480388,-33.9832923],[151.2480472,-33.9833005],[151.2480578,-33.9833068],[151.2480708,-33.9833137],[151.2481812,-33.9833409],[151.2481949,-33.9833428],[151.2482056,-33.9833377],[151.248217,-33.9833321],[151.2482238,-33.9833238],[151.2482315,-33.9833137],[151.2482429,-33.9833011],[151.2482574,-33.9832866],[151.2482673,-33.9832746],[151.248281,-33.9832651],[151.2482992,-33.9832525],[151.2483137,-33.9832424],[151.2483335,-33.9832342],[151.2483465,-33.9832247],[151.2483579,-33.9832152],[151.2483632,-33.9832051],[151.2483587,-33.9831931],[151.2482574,-33.9831053],[151.2482315,-33.9830851],[151.2482124,-33.9830776],[151.2481926,-33.9830763],[151.248166,-33.9830776],[151.2481484,-33.9830839],[151.2481355,-33.983094],[151.248121,-33.9831123],[151.2480365,-33.9832809]]]}},{"type":"Feature","properties":{"@id":"way/1467509028","natural":"scrub"},"geometry":{"type":"Polygon","coordinates":[[[151.2490054,-33.9834216],[151.2490042,-33.9834146],[151.2489998,-33.9833881],[151.24898,-33.9833662],[151.248965,-33.9833366],[151.2489612,-33.9833038],[151.2489603,-33.9832446],[151.2489603,-33.9832142],[151.2489537,-33.9831923],[151.2489274,-33.983172],[151.2488963,-33.9831611],[151.2488568,-33.9831572],[151.2488155,-33.983158],[151.2487863,-33.983165],[151.2487637,-33.983172],[151.248743,-33.9831837],[151.2487223,-33.9831986],[151.2487073,-33.9832087],[151.2486847,-33.9832165],[151.2486608,-33.9832163],[151.2486801,-33.9832338],[151.2486871,-33.9832488],[151.2486849,-33.9832624],[151.2486713,-33.9832724],[151.2486266,-33.9832842],[151.2485912,-33.9832847],[151.2485329,-33.9832807],[151.2485059,-33.9832878],[151.2484553,-33.9832992],[151.2484289,-33.983328],[151.2484139,-33.9833491],[151.2484064,-33.9833639],[151.2483885,-33.9833927],[151.2483678,-33.9834115],[151.2483499,-33.9834411],[151.2483274,-33.983459],[151.2483198,-33.9834762],[151.2483255,-33.983491],[151.2483603,-33.9834949],[151.2483885,-33.9834964],[151.2484139,-33.9835035],[151.2484393,-33.9835113],[151.2484769,-33.9835183],[151.2485155,-33.9835198],[151.2485606,-33.9835206],[151.248602,-33.9835159],[151.2486387,-33.9835058],[151.2486584,-33.9835074],[151.2486932,-33.9835105],[151.2487393,-33.9835027],[151.2487675,-33.9834894],[151.2487966,-33.9834848],[151.2488183,-33.9834871],[151.2488653,-33.9834816],[151.2488822,-33.9834879],[151.2489039,-33.9834848],[151.2489217,-33.9834621],[151.2489481,-33.9834575],[151.2489753,-33.9834536],[151.2489932,-33.9834442],[151.2489998,-33.9834333],[151.2490054,-33.9834216]]]}},{"type":"Feature","properties":{"@id":"way/1467509032","natural":"scrub"},"geometry":{"type":"Polygon","coordinates":[[[151.2482606,-33.9834809],[151.2482559,-33.9834684],[151.2482465,-33.9834426],[151.2482446,-33.9834153],[151.248247,-33.9834102],[151.2482531,-33.9833974],[151.2482615,-33.9833756],[151.2482747,-33.9833576],[151.2482888,-33.983342],[151.248302,-33.9833265],[151.2483161,-33.9833109],[151.248333,-33.9833015],[151.2483622,-33.9832859],[151.2483979,-33.9832734],[151.2484167,-33.9832695],[151.2484412,-33.9832617],[151.2484877,-33.9832388],[151.2484666,-33.9832345],[151.2484462,-33.9832352],[151.2484124,-33.9832395],[151.2483869,-33.9832429],[151.2483753,-33.9832491],[151.2483581,-33.9832568],[151.2483266,-33.9832737],[151.2483145,-33.9832845],[151.248295,-33.9832956],[151.2482811,-33.9833087],[151.2482686,-33.983321],[151.2482538,-33.983336],[151.2482422,-33.9833541],[151.2482366,-33.9833706],[151.2482343,-33.9833925],[151.2482329,-33.9834117],[151.2482347,-33.9834275],[151.2482417,-33.9834471],[151.24825,-33.9834686],[151.2482606,-33.9834809]]]}},{"type":"Feature","properties":{"@id":"way/1467732600","natural":"scrub"},"geometry":{"type":"Polygon","coordinates":[[[151.2489698,-33.9823401],[151.2489979,-33.9823248],[151.2490433,-33.9823133],[151.2491266,-33.9822941],[151.2491905,-33.9822856],[151.2492424,-33.9822856],[151.2492674,-33.9823002],[151.2493136,-33.9823079],[151.2493877,-33.9823094],[151.249434,-33.9823171],[151.249497,-33.9823255],[151.2495488,-33.9823432],[151.2495896,-33.9823616],[151.2496238,-33.9823808],[151.2496544,-33.9824123],[151.2496645,-33.9824407],[151.2496645,-33.982466],[151.2496738,-33.9825397],[151.2496821,-33.9825643],[151.249697,-33.9825797],[151.249734,-33.9825927],[151.2499115,-33.9825778],[151.2499052,-33.9825288],[151.249901,-33.9825229],[151.2497104,-33.9825388],[151.2497021,-33.9824709],[151.2498928,-33.982455],[151.2499571,-33.9824561],[151.2499775,-33.9824584],[151.2500071,-33.9824645],[151.2500284,-33.9824706],[151.2500488,-33.9824783],[151.2500625,-33.9824822],[151.2500705,-33.9824833],[151.2500779,-33.9824832],[151.2500874,-33.9824831],[151.2500967,-33.9824792],[151.2501009,-33.9824774],[151.2501037,-33.9824749],[151.2500969,-33.9824685],[151.2500896,-33.9824627],[151.2500799,-33.9824549],[151.2500711,-33.982447],[151.2500632,-33.9824413],[151.2500524,-33.9824361],[151.2500401,-33.9824313],[151.2500281,-33.9824272],[151.2500141,-33.9824236],[151.2499966,-33.9824191],[151.2499818,-33.9824159],[151.2499659,-33.982413],[151.2499507,-33.9824113],[151.2499323,-33.9824086],[151.2499085,-33.9824051],[151.249887,-33.9824014],[151.2498702,-33.9823982],[151.2498581,-33.9823951],[151.2498429,-33.982391],[151.2498238,-33.9823856],[151.2498118,-33.9823816],[151.2497991,-33.9823771],[151.2497834,-33.9823703],[151.2497713,-33.9823655],[151.2497556,-33.9823581],[151.249744,-33.9823515],[151.249726,-33.9823406],[151.2497098,-33.9823306],[151.2496914,-33.9823188],[151.2496738,-33.9823066],[151.2496564,-33.9822931],[151.249643,-33.9822822],[151.2496315,-33.9822704],[151.2496178,-33.982256],[151.2496049,-33.9822415],[151.2495907,-33.9822251],[151.2495772,-33.9822103],[151.2495654,-33.9821954],[151.2495551,-33.9821799],[151.2495471,-33.9821636],[151.2495397,-33.9821479],[151.2495356,-33.9821374],[151.2495305,-33.9821256],[151.2495255,-33.9821133],[151.249521,-33.9821025],[151.2495158,-33.9820864],[151.2495055,-33.9820567],[151.2495,-33.9820349],[151.2494821,-33.9819385],[151.249432,-33.981626],[151.2494107,-33.9816272],[151.2493964,-33.9816242],[151.2493763,-33.9816237],[151.249369,-33.9816321],[151.2493589,-33.9816308],[151.2493451,-33.9816303],[151.249331,-33.9816355],[151.2493281,-33.981644],[151.2493331,-33.9816595],[151.2493426,-33.9816773],[151.2493572,-33.9817028],[151.2493524,-33.9817254],[151.2493407,-33.9817718],[151.2493294,-33.9818238],[151.2493171,-33.9818304],[151.2492997,-33.9818426],[151.2492881,-33.9818581],[151.2492446,-33.9819648],[151.2492344,-33.9820153],[151.249227,-33.9820643],[151.2492246,-33.9820818],[151.2492179,-33.9821084],[151.2492098,-33.9821365],[151.2491999,-33.9821588],[151.2491843,-33.9821804],[151.2491718,-33.982194],[151.2491537,-33.9822029],[151.2491302,-33.9822132],[151.2490992,-33.9822216],[151.2490651,-33.9822299],[151.2490348,-33.9822344],[151.249008,-33.9822355],[151.2489756,-33.9822289],[151.2489537,-33.9822217],[151.2489344,-33.9822093],[151.2489185,-33.9821928],[151.2489092,-33.9821778],[151.2489065,-33.9821634],[151.2489086,-33.9821453],[151.2489145,-33.9821246],[151.2489261,-33.9821085],[151.2489534,-33.9820887],[151.24906,-33.982037],[151.2490624,-33.9820296],[151.2490611,-33.9820261],[151.2489607,-33.9820477],[151.2487693,-33.9821134],[151.2487798,-33.9821329],[151.248798,-33.982152],[151.2488239,-33.9821582],[151.2488448,-33.9821609],[151.2489008,-33.9822009],[151.2489348,-33.9822345],[151.2489478,-33.9822704],[151.2489663,-33.982332],[151.2489698,-33.9823401]]]}},{"type":"Feature","properties":{"@id":"way/1467732601","natural":"scrub"},"geometry":{"type":"Polygon","coordinates":[[[151.2490572,-33.9820135],[151.2490553,-33.9820057],[151.2490453,-33.9820025],[151.2489958,-33.9820016],[151.2488866,-33.9820064],[151.2488592,-33.9820063],[151.2488431,-33.9819979],[151.2488296,-33.9819845],[151.2488229,-33.9819773],[151.2488185,-33.9819678],[151.2488146,-33.9819411],[151.2488159,-33.9819017],[151.2488177,-33.9818904],[151.2488526,-33.9817794],[151.2488986,-33.9816498],[151.2489178,-33.9816042],[151.2489285,-33.9815849],[151.2489429,-33.9815685],[151.248972,-33.981551],[151.2490068,-33.9815352],[151.2490352,-33.9815304],[151.2490652,-33.9815295],[151.2490978,-33.9815331],[151.2491259,-33.9815406],[151.2491309,-33.981542],[151.2491608,-33.9815533],[151.2491953,-33.9815765],[151.2492139,-33.9815916],[151.2492325,-33.981615],[151.2492484,-33.9816073],[151.2492679,-33.9816004],[151.2492892,-33.9815912],[151.2493086,-33.981572],[151.2493225,-33.9815543],[151.2493317,-33.9815305],[151.249329,-33.981519],[151.2493216,-33.9815098],[151.2493077,-33.9815006],[151.2493021,-33.9814914],[151.2492956,-33.9814829],[151.2492808,-33.9814737],[151.2492642,-33.9814699],[151.2492475,-33.9814691],[151.249229,-33.981466],[151.2492086,-33.9814583],[151.2491882,-33.9814514],[151.2491688,-33.9814438],[151.249154,-33.9814353],[151.2491327,-33.9814261],[151.2491169,-33.9814169],[151.2490975,-33.98141],[151.249079,-33.9814046],[151.2490586,-33.9814038],[151.2490419,-33.98141],[151.249029,-33.981413],[151.2490132,-33.9814115],[151.248991,-33.9814161],[151.2489725,-33.9814223],[151.2489531,-33.9814353],[151.248929,-33.9814476],[151.2489123,-33.9814568],[151.2489003,-33.9814653],[151.2488855,-33.981476],[151.2488781,-33.9814875],[151.2488873,-33.981499],[151.2488855,-33.9815152],[151.2488818,-33.9815282],[151.248867,-33.9815328],[151.2488484,-33.9815397],[151.2488309,-33.9815436],[151.2488105,-33.9815436],[151.2487966,-33.9815436],[151.2487799,-33.9815459],[151.2487707,-33.981552],[151.2487577,-33.9815658],[151.248754,-33.9815781],[151.2487512,-33.9815881],[151.2487438,-33.9815988],[151.2487336,-33.9816096],[151.2487244,-33.9816234],[151.2487216,-33.9816403],[151.2487207,-33.9816549],[151.2487114,-33.9816672],[151.248691,-33.9816802],[151.2486836,-33.9816917],[151.248679,-33.9817094],[151.2486716,-33.981724],[151.248666,-33.9817416],[151.2486633,-33.981757],[151.2486623,-33.9817777],[151.2486494,-33.9817969],[151.2486309,-33.9818084],[151.2486142,-33.9818169],[151.248604,-33.9818299],[151.2486059,-33.9818445],[151.2486235,-33.9818591],[151.2486596,-33.9818745],[151.2486762,-33.9818913],[151.2486753,-33.9819044],[151.2486651,-33.9819151],[151.2486494,-33.981929],[151.2486355,-33.9819443],[151.2486244,-33.9819666],[151.2486161,-33.9819796],[151.248604,-33.9819919],[151.2485893,-33.9819996],[151.2486156,-33.9820092],[151.2486465,-33.9820296],[151.2486906,-33.9820494],[151.2487294,-33.9820687],[151.2487579,-33.9820885],[151.2487628,-33.9821007],[151.2489575,-33.9820348],[151.2490572,-33.9820135]]]}},{"type":"Feature","properties":{"@id":"way/1467744993","natural":"scrub"},"geometry":{"type":"Polygon","coordinates":[[[151.2518118,-33.9814498],[151.2518429,-33.9814032],[151.2518592,-33.9813744],[151.2518739,-33.9813578],[151.2519018,-33.9813317],[151.2519275,-33.9813064],[151.2519538,-33.9812824],[151.2519875,-33.9812519],[151.2520096,-33.9812235],[151.2520148,-33.9812131],[151.2520524,-33.9811707],[151.252076,-33.9811352],[151.2521016,-33.9811114],[151.2521148,-33.9810909],[151.2521216,-33.9810731],[151.252119,-33.9810534],[151.2521121,-33.9810382],[151.2520974,-33.9810212],[151.2520864,-33.9810103],[151.2520716,-33.9810033],[151.2520596,-33.9809922],[151.2520512,-33.9809613],[151.252048,-33.9809366],[151.2520469,-33.98092],[151.2520427,-33.9809074],[151.252039,-33.9808855],[151.2520374,-33.9808703],[151.2520406,-33.980838],[151.2520543,-33.9808171],[151.2520701,-33.9807979],[151.2520869,-33.9807783],[151.2521021,-33.9807586],[151.2521174,-33.9807347],[151.2521237,-33.9807172],[151.2521363,-33.9806919],[151.2521489,-33.980657],[151.2521595,-33.9806291],[151.25217,-33.9806073],[151.2521831,-33.9805916],[151.2521963,-33.9805755],[151.2522141,-33.980555],[151.2522196,-33.980546],[151.252234,-33.980535],[151.2522536,-33.980524],[151.2522704,-33.9805088],[151.2522841,-33.9804992],[151.2523036,-33.9804826],[151.2523209,-33.9804704],[151.252333,-33.9804599],[151.2523414,-33.9804604],[151.2523493,-33.9804643],[151.2523614,-33.9804682],[151.2523761,-33.9804652],[151.2523872,-33.9804556],[151.2524014,-33.9804473],[151.2524208,-33.9804342],[151.2524466,-33.980429],[151.2524713,-33.9804294],[151.2524997,-33.9804303],[151.2525281,-33.9804364],[151.2525518,-33.9804399],[151.2525728,-33.9804429],[151.252587,-33.9804438],[151.2525949,-33.9804499],[151.2526112,-33.9804582],[151.2526254,-33.9804604],[151.2526475,-33.9804625],[151.2526696,-33.9804665],[151.2526864,-33.9804695],[151.2527011,-33.9804739],[151.2527269,-33.9804813],[151.252749,-33.9804861],[151.2527779,-33.9804909],[151.2528005,-33.9804926],[151.2528063,-33.9805027],[151.2528121,-33.9805127],[151.2528268,-33.980528],[151.2528458,-33.9805341],[151.2528699,-33.9805432],[151.2528868,-33.9805559],[151.2529015,-33.9805711],[151.2529089,-33.9805829],[151.2529057,-33.9805986],[151.2529057,-33.9806139],[151.2529173,-33.9806239],[151.2529399,-33.9806535],[151.2529736,-33.9806706],[151.2529993,-33.9806762],[151.253023,-33.980681],[151.2530398,-33.9806758],[151.2530456,-33.9806658],[151.2530435,-33.9806466],[151.2530346,-33.9806287],[151.2530188,-33.9806225],[151.253001,-33.9805926],[151.2529813,-33.9805567],[151.2529466,-33.9805164],[151.2529013,-33.9804884],[151.2528361,-33.9804342],[151.2527803,-33.9804119],[151.2527271,-33.9803774],[151.2526786,-33.9803592],[151.2526243,-33.9803314],[151.252585,-33.9803018],[151.2525663,-33.9802915],[151.2525426,-33.9802881],[151.2525145,-33.9802887],[151.2524809,-33.9802838],[151.2524475,-33.9802855],[151.25241,-33.9802923],[151.2523856,-33.9803026],[151.2523695,-33.9803145],[151.2523444,-33.9803252],[151.2523182,-33.9803454],[151.2522857,-33.9803792],[151.2522642,-33.9804187],[151.2522372,-33.9804636],[151.2521889,-33.9804931],[151.2521616,-33.9805],[151.2521463,-33.9805118],[151.2521311,-33.9805236],[151.2521042,-33.9805223],[151.2520953,-33.9805118],[151.2520858,-33.9805009],[151.2520706,-33.9805],[151.2520553,-33.9805127],[151.2520369,-33.9805327],[151.2520243,-33.980555],[151.2519948,-33.980572],[151.2519586,-33.980589],[151.2519302,-33.9806021],[151.2519007,-33.9806156],[151.2518728,-33.9806274],[151.2518634,-33.9806339],[151.2518539,-33.9806474],[151.2518502,-33.9806549],[151.2518402,-33.9806553],[151.2518176,-33.9806509],[151.251806,-33.9806553],[151.2517892,-33.9806627],[151.2517729,-33.9806701],[151.2517619,-33.9806745],[151.251745,-33.9806771],[151.2517293,-33.9806823],[151.251714,-33.9806854],[151.2517014,-33.9806863],[151.2516914,-33.9806928],[151.2516867,-33.9807046],[151.2516877,-33.9807159],[151.251713,-33.980821],[151.2517175,-33.9808257],[151.2517287,-33.98083],[151.2517484,-33.9808256],[151.2517857,-33.9808171],[151.2517887,-33.9808118],[151.2518064,-33.9808083],[151.2518082,-33.9808079],[151.251825,-33.9808036],[151.2518492,-33.9808001],[151.2518593,-33.9807989],[151.2518732,-33.9807974],[151.251896,-33.9808014],[151.2519112,-33.9808031],[151.2519281,-33.9808097],[151.2519312,-33.9808219],[151.2519417,-33.9808393],[151.2519423,-33.9808594],[151.2519491,-33.9808803],[151.2519512,-33.9808964],[151.2519565,-33.9809121],[151.2519628,-33.9809222],[151.251967,-33.9809278],[151.2519717,-33.9809462],[151.2519775,-33.9809606],[151.2519854,-33.9809854],[151.2519843,-33.9810015],[151.2519912,-33.9810312],[151.2519964,-33.9810543],[151.2519996,-33.9810748],[151.2519985,-33.9810927],[151.2519849,-33.9811106],[151.2519722,-33.981128],[151.2519612,-33.9811507],[151.251948,-33.981176],[151.2519454,-33.9811891],[151.2519359,-33.9812152],[151.2519328,-33.9812248],[151.2519228,-33.9812388],[151.2519128,-33.9812497],[151.2519028,-33.9812663],[151.2518955,-33.9812785],[151.251887,-33.9812915],[151.2518755,-33.9812985],[151.2518571,-33.9813072],[151.2518455,-33.9813112],[151.251835,-33.9813151],[151.2518171,-33.9813186],[151.2518045,-33.9813304],[151.2518008,-33.9813439],[151.251795,-33.9813657],[151.2517924,-33.9813844],[151.2517913,-33.981398],[151.2517897,-33.9814132],[151.251794,-33.9814285],[151.2517966,-33.9814407],[151.2518018,-33.981449],[151.2518118,-33.9814498]]]}},{"type":"Feature","properties":{"@id":"way/1469041869","natural":"scrub"},"geometry":{"type":"Polygon","coordinates":[[[151.2509041,-33.9798562],[151.2510093,-33.9798971],[151.2510557,-33.9799005],[151.2511113,-33.9798562],[151.2511533,-33.9799159],[151.2511584,-33.9799129],[151.2511584,-33.9799077],[151.2511609,-33.9799047],[151.2511624,-33.9798993],[151.2511617,-33.9798935],[151.2511588,-33.9798868],[151.2511577,-33.9798799],[151.2511569,-33.9798732],[151.2511606,-33.9798687],[151.2511664,-33.9798623],[151.2511672,-33.979855],[151.251169,-33.9798487],[151.2511686,-33.9798411],[151.2511657,-33.979835],[151.2511628,-33.9798308],[151.2511602,-33.979822],[151.2511555,-33.9798162],[151.2511496,-33.9798056],[151.2511452,-33.9798011],[151.2511394,-33.9797938],[151.2511317,-33.9797869],[151.2511273,-33.9797796],[151.2511332,-33.9797741],[151.2511387,-33.9797693],[151.2511419,-33.9797641],[151.2511522,-33.979759],[151.2511555,-33.9797529],[151.2511588,-33.979745],[151.2511588,-33.9797402],[151.2511576,-33.9797348],[151.2511555,-33.9797293],[151.2511474,-33.9797202],[151.2511456,-33.9797153],[151.2511441,-33.9797096],[151.2511449,-33.9797078],[151.2511416,-33.9796956],[151.2511443,-33.9796894],[151.2511488,-33.9796844],[151.251156,-33.9796816],[151.251162,-33.979679],[151.2511737,-33.979664],[151.2511758,-33.97966],[151.2511746,-33.9796548],[151.2511737,-33.9796512],[151.2511747,-33.9796442],[151.2511792,-33.9796386],[151.2511846,-33.9796349],[151.2511908,-33.9796312],[151.2511944,-33.979625],[151.2511959,-33.9796188],[151.2511941,-33.9796153],[151.2511887,-33.9796135],[151.2511859,-33.9796101],[151.251188,-33.9796053],[151.251192,-33.9795998],[151.2511967,-33.9795946],[151.2512004,-33.9795881],[151.2512021,-33.9795813],[151.2512002,-33.9795769],[151.2511935,-33.97957],[151.251174,-33.9795496],[151.2511704,-33.9795437],[151.2511738,-33.9795366],[151.2511791,-33.9795293],[151.2511851,-33.9795087],[151.251195,-33.9794911],[151.2511971,-33.9794828],[151.2511983,-33.9794769],[151.2511965,-33.9794637],[151.2511935,-33.9794543],[151.2511902,-33.9794483],[151.2511818,-33.9794381],[151.251169,-33.9794209],[151.2511664,-33.9794059],[151.2511556,-33.9793892],[151.251159,-33.9793803],[151.2511571,-33.9793599],[151.2511546,-33.9793524],[151.251147,-33.9793476],[151.2511304,-33.9793399],[151.2510919,-33.9793291],[151.2510874,-33.9793247],[151.2510527,-33.9792907],[151.2510517,-33.9792614],[151.2510178,-33.97927],[151.2510007,-33.979284],[151.2509928,-33.9792966],[151.2509886,-33.9793168],[151.2509869,-33.9793317],[151.2509879,-33.9793536],[151.2509875,-33.9793661],[151.2509881,-33.9793885],[151.250989,-33.9793984],[151.2509943,-33.979401],[151.2510041,-33.9794017],[151.2510165,-33.9794029],[151.2510279,-33.9794074],[151.2510378,-33.9794084],[151.2510517,-33.9794151],[151.2510659,-33.9794163],[151.2510718,-33.9794248],[151.2510765,-33.9794372],[151.2510806,-33.9794472],[151.2510839,-33.9794639],[151.2510864,-33.9794748],[151.2510853,-33.9794881],[151.2510842,-33.9795018],[151.2510791,-33.9795157],[151.2510714,-33.9795272],[151.2510652,-33.9795339],[151.2510597,-33.9795499],[151.2510568,-33.9795639],[151.2510532,-33.9795733],[151.251048,-33.9795805],[151.2510418,-33.979586],[151.2510305,-33.9795936],[151.2510199,-33.9795996],[151.2510016,-33.9796105],[151.2509907,-33.9796217],[151.2509819,-33.9796284],[151.250971,-33.9796411],[151.2509607,-33.9796523],[151.2509531,-33.9796657],[151.2509505,-33.9796784],[151.2509509,-33.9796866],[151.2509501,-33.9796972],[151.2509487,-33.9797044],[151.2509425,-33.979709],[151.25093,-33.9797111],[151.2509298,-33.9797167],[151.2509221,-33.9797231],[151.250917,-33.9797278],[151.2509458,-33.9797706],[151.2509472,-33.9797738],[151.2509461,-33.9797805],[151.2509446,-33.9797899],[151.2509425,-33.9797984],[151.2509381,-33.9798087],[151.2509333,-33.9798168],[151.2509282,-33.9798232],[151.2509227,-33.979832],[151.2509041,-33.9798562]]]}},{"type":"Feature","properties":{"@id":"way/1469041871","natural":"scrub"},"geometry":{"type":"Polygon","coordinates":[[[151.2513636,-33.9785247],[151.2513659,-33.9785285],[151.2513738,-33.9785261],[151.2513772,-33.9785186],[151.2513766,-33.9785083],[151.2513744,-33.9784998],[151.2513783,-33.9784867],[151.25138,-33.9784702],[151.2513795,-33.9784552],[151.2513772,-33.9784482],[151.2513653,-33.9784369],[151.2513557,-33.9784327],[151.2513478,-33.9784247],[151.2513376,-33.9784252],[151.2513246,-33.978427],[151.2513155,-33.978435],[151.2513144,-33.9784491],[151.2513195,-33.978459],[151.2513296,-33.9784632],[151.2513353,-33.9784688],[151.2513359,-33.9784778],[151.2513347,-33.9784886],[151.2513359,-33.9784979],[151.2513472,-33.9785087],[151.2513563,-33.9785177],[151.2513636,-33.9785247]]]}},{"type":"Feature","properties":{"@id":"way/1469326672","golf":"bunker","natural":"sand"},"geometry":{"type":"Polygon","coordinates":[[[151.2468983,-33.9855082],[151.2469044,-33.9855115],[151.2469087,-33.9855177],[151.2469217,-33.9855188],[151.246936,-33.9855168],[151.2469451,-33.9855102],[151.2469479,-33.9855014],[151.246947,-33.9854921],[151.2469436,-33.9854821],[151.2469355,-33.9854761],[151.2469289,-33.985469],[151.2469195,-33.9854642],[151.2469098,-33.9854612],[151.2468986,-33.9854595],[151.2468913,-33.9854565],[151.2468895,-33.9854513],[151.2468857,-33.9854461],[151.2468813,-33.9854419],[151.2468687,-33.9854419],[151.2468605,-33.9854425],[151.2468555,-33.9854445],[151.2468517,-33.9854482],[151.2468473,-33.9854529],[151.2468429,-33.9854581],[151.2468429,-33.9854649],[151.2468435,-33.9854769],[151.2468473,-33.9854821],[151.2468524,-33.9854878],[151.2468524,-33.985493],[151.2468568,-33.9854993],[151.2468637,-33.9855066],[151.2468693,-33.9855108],[151.2468781,-33.9855108],[151.2468876,-33.9855082],[151.2468983,-33.9855082]]]}},{"type":"Feature","properties":{"@id":"way/1469326673","golf":"bunker","natural":"sand"},"geometry":{"type":"Polygon","coordinates":[[[151.2468214,-33.9859351],[151.2468204,-33.9859326],[151.2468175,-33.9859315],[151.246813,-33.9859317],[151.2468081,-33.9859321],[151.2468043,-33.9859335],[151.2468009,-33.9859365],[151.2467984,-33.9859391],[151.2467964,-33.9859417],[151.2467926,-33.9859436],[151.2467836,-33.9859428],[151.246778,-33.9859421],[151.2467749,-33.985943],[151.2467735,-33.9859449],[151.246774,-33.9859486],[151.2467753,-33.9859518],[151.2467731,-33.9859551],[151.2467704,-33.9859583],[151.2467657,-33.9859612],[151.2467605,-33.9859612],[151.2467563,-33.9859612],[151.2467529,-33.9859629],[151.2467522,-33.9859674],[151.2467522,-33.9859711],[151.2467536,-33.9859785],[151.2467542,-33.9859826],[151.246756,-33.9859869],[151.2467599,-33.9859893],[151.2467623,-33.9859903],[151.2467684,-33.9859925],[151.2467713,-33.9859945],[151.246774,-33.9859975],[151.2467791,-33.9859992],[151.246783,-33.9859992],[151.2467861,-33.9859977],[151.2467897,-33.9859955],[151.2467933,-33.9859947],[151.2467955,-33.985996],[151.2467978,-33.9859983],[151.2468,-33.9860003],[151.2468034,-33.9860009],[151.2468081,-33.9860001],[151.2468101,-33.9859984],[151.2468123,-33.9859958],[151.2468166,-33.9859951],[151.2468195,-33.9859957],[151.2468271,-33.9859957],[151.2468298,-33.9859945],[151.2468339,-33.985994],[151.2468401,-33.985996],[151.2468433,-33.9859951],[151.2468437,-33.9859903],[151.2468428,-33.9859874],[151.2468378,-33.985981],[151.2468346,-33.9859757],[151.2468292,-33.9859723],[151.2468255,-33.9859659],[151.2468201,-33.9859606],[151.2468155,-33.9859542],[151.246816,-33.9859485],[151.2468178,-33.9859421],[151.2468214,-33.9859351]]]}},{"type":"Feature","properties":{"@id":"way/1469326674","golf":"tee"},"geometry":{"type":"Polygon","coordinates":[[[151.2469382,-33.985914],[151.2469315,-33.985909],[151.2469219,-33.985907],[151.246911,-33.985907],[151.2468959,-33.9859085],[151.2468839,-33.985911],[151.2468706,-33.9859155],[151.2468597,-33.9859195],[151.2468495,-33.985924],[151.2468422,-33.9859275],[151.2468374,-33.985932],[151.2468338,-33.98594],[151.2468356,-33.9859465],[151.2468404,-33.985955],[151.2468482,-33.9859595],[151.2468597,-33.9859631],[151.2468706,-33.9859626],[151.2468826,-33.985961],[151.2468971,-33.9859585],[151.246911,-33.9859555],[151.2469213,-33.985952],[151.2469303,-33.985949],[151.2469364,-33.985943],[151.2469406,-33.9859375],[151.2469424,-33.9859285],[151.2469424,-33.9859205],[151.2469382,-33.985914]]]}},{"type":"Feature","properties":{"@id":"way/1469363499","golf":"bunker","natural":"sand"},"geometry":{"type":"Polygon","coordinates":[[[151.2473179,-33.9856226],[151.2473256,-33.9856242],[151.2473333,-33.9856266],[151.2473458,-33.9856274],[151.2473564,-33.9856278],[151.2473641,-33.985627],[151.2473732,-33.985625],[151.2473843,-33.9856246],[151.247392,-33.9856203],[151.2473968,-33.9856151],[151.2473937,-33.9856089],[151.2473881,-33.9856079],[151.2473795,-33.9856087],[151.2473742,-33.9856083],[151.247365,-33.9856067],[151.2473578,-33.9856031],[151.2473516,-33.9855987],[151.2473429,-33.9855987],[151.24734,-33.9855916],[151.2473324,-33.9855912],[151.2473223,-33.9855947],[151.2473155,-33.9855959],[151.2473074,-33.9855979],[151.2472958,-33.9856011],[151.2472852,-33.9856063],[151.247279,-33.9856107],[151.24728,-33.9856155],[151.2472838,-33.9856187],[151.2472925,-33.9856215],[151.2473016,-33.9856219],[151.2473112,-33.9856207],[151.2473179,-33.9856226]]]}},{"type":"Feature","properties":{"@id":"way/1469363500","golf":"tee"},"geometry":{"type":"Polygon","coordinates":[[[151.2516052,-33.9852888],[151.2515997,-33.9853005],[151.2515997,-33.9853109],[151.2516022,-33.9853226],[151.2516063,-33.9853316],[151.2516112,-33.9853384],[151.2516238,-33.9853476],[151.2516334,-33.9853538],[151.2516454,-33.9853601],[151.2516575,-33.9853655],[151.2516681,-33.9853697],[151.2516786,-33.9853747],[151.2516847,-33.9853805],[151.2516882,-33.9853905],[151.2516867,-33.9854005],[151.2516816,-33.9854055],[151.2516761,-33.9854122],[151.2516711,-33.985421],[151.2516691,-33.9854289],[151.2516691,-33.9854376],[151.2516731,-33.9854477],[151.2516806,-33.9854568],[151.2516872,-33.985461],[151.2516952,-33.9854648],[151.2517083,-33.9854702],[151.2517209,-33.985471],[151.2517324,-33.9854685],[151.251741,-33.9854648],[151.251749,-33.9854593],[151.2517561,-33.9854527],[151.2517606,-33.9854464],[151.2517646,-33.9854347],[151.2517661,-33.9854239],[151.2517631,-33.9854147],[151.2517571,-33.9854064],[151.251746,-33.9853976],[151.2517405,-33.9853905],[151.251736,-33.9853818],[151.2517339,-33.9853722],[151.251736,-33.9853634],[151.251742,-33.9853563],[151.2517495,-33.9853488],[151.2517596,-33.9853413],[151.2517666,-33.9853321],[151.2517727,-33.9853246],[151.2517772,-33.9853142],[151.2517797,-33.9853071],[151.2517792,-33.9852984],[151.2517767,-33.9852896],[151.2517717,-33.9852783],[151.2517651,-33.9852696],[151.2517566,-33.9852638],[151.251746,-33.9852575],[151.2517354,-33.9852537],[151.2517234,-33.9852504],[151.2517098,-33.9852467],[151.2516967,-33.985245],[151.2516831,-33.9852454],[151.2516706,-33.9852475],[151.251657,-33.9852525],[151.2516439,-33.9852579],[151.2516324,-33.9852633],[151.2516218,-33.9852696],[151.2516117,-33.9852779],[151.2516052,-33.9852888]]]}},{"type":"Feature","properties":{"@id":"way/1470157919","natural":"wood"},"geometry":{"type":"Polygon","coordinates":[[[151.2456042,-33.9858789],[151.2456081,-33.9858714],[151.245625,-33.9858632],[151.24564,-33.9858615],[151.2456549,-33.9858549],[151.2456688,-33.9858467],[151.2456777,-33.985836],[151.2456837,-33.9858179],[151.2456837,-33.9858014],[151.2456897,-33.9857832],[151.2457006,-33.9857725],[151.2457085,-33.9857569],[151.2457145,-33.9857354],[151.2457235,-33.9857148],[151.2457254,-33.9856917],[151.2457095,-33.9856744],[151.2456916,-33.9856645],[151.2456956,-33.9856571],[151.2456956,-33.9856505],[151.2456926,-33.9856415],[151.2456867,-33.9856291],[151.2456598,-33.9856118],[151.2456429,-33.9855912],[151.2456121,-33.9855821],[151.2455873,-33.9855854],[151.2455743,-33.9855986],[151.2455743,-33.9856307],[151.2455813,-33.9856555],[151.2456062,-33.9856761],[151.2456221,-33.9856917],[151.245626,-33.985714],[151.2456211,-33.9857379],[151.2456171,-33.9857668],[151.2456111,-33.9857832],[151.2455982,-33.9858088],[151.2455932,-33.9858409],[151.2455952,-33.9858615],[151.2456042,-33.9858789]]]}},{"type":"Feature","properties":{"@id":"way/1473482300","natural":"scrub"},"geometry":{"type":"Polygon","coordinates":[[[151.2459201,-33.9860701],[151.2459518,-33.9860838],[151.2459793,-33.9861076],[151.2460102,-33.9861365],[151.2460332,-33.9861392],[151.2460458,-33.9861276],[151.2460695,-33.9861136],[151.246099,-33.9861074],[151.2461271,-33.9861114],[151.2461621,-33.986115],[151.2461717,-33.9861052],[151.2461796,-33.9860941],[151.2461923,-33.9860845],[151.2462534,-33.9860617],[151.246302,-33.9860357],[151.2463145,-33.9860267],[151.2463279,-33.9860137],[151.2463316,-33.9860033],[151.2463277,-33.9859928],[151.2461214,-33.986097],[151.2460729,-33.986031],[151.2460372,-33.9860399],[151.2459978,-33.9860466],[151.2459734,-33.9860559],[151.2459471,-33.9860622],[151.2459201,-33.9860701]]]}},{"type":"Feature","properties":{"@id":"way/1473784185","natural":"scrub"},"geometry":{"type":"Polygon","coordinates":[[[151.2471714,-33.9870536],[151.2472127,-33.9870378],[151.2472488,-33.987022],[151.2472717,-33.987011],[151.2472856,-33.987002],[151.2472882,-33.9869942],[151.2472856,-33.9869857],[151.2472793,-33.98698],[151.2472254,-33.9869542],[151.2472095,-33.986951],[151.2471981,-33.9869526],[151.247186,-33.9869552],[151.2471734,-33.9869631],[151.2471626,-33.9869731],[151.2471537,-33.9869863],[151.2471492,-33.9869963],[151.2471435,-33.9870084],[151.2471416,-33.9870226],[151.2471391,-33.9870368],[151.2471397,-33.9870462],[151.2471397,-33.9870546],[151.2471435,-33.9870589],[151.2471581,-33.9870578],[151.2471714,-33.9870536]]]}},{"type":"Feature","properties":{"@id":"way/1474025568","golf":"bunker"},"geometry":{"type":"Polygon","coordinates":[[[151.2494528,-33.9861539],[151.2494611,-33.9861503],[151.2494672,-33.9861491],[151.2494737,-33.9861488],[151.2494791,-33.9861515],[151.2494841,-33.9861559],[151.2494877,-33.9861574],[151.2494924,-33.9861571],[151.2494949,-33.9861536],[151.2494957,-33.9861464],[151.2494949,-33.9861392],[151.249496,-33.9861323],[151.2494978,-33.9861264],[151.2495011,-33.9861213],[151.2495094,-33.9861156],[151.2495173,-33.9861126],[151.2495234,-33.9861105],[151.2495274,-33.986106],[151.2495267,-33.9861007],[151.2495234,-33.986098],[151.2495176,-33.9860974],[151.2495104,-33.9860977],[151.2495014,-33.9860992],[151.2494931,-33.9860992],[151.2494856,-33.9860992],[151.2494802,-33.9860986],[151.2494769,-33.9860956],[151.2494766,-33.986089],[151.2494805,-33.9860857],[151.249487,-33.986083],[151.2494924,-33.9860821],[151.2494989,-33.9860839],[151.249505,-33.9860857],[151.2495169,-33.9860824],[151.249523,-33.9860795],[151.249531,-33.9860756],[151.2495349,-33.9860702],[151.249536,-33.9860654],[151.2495364,-33.9860597],[151.2495378,-33.9860544],[151.2495389,-33.9860499],[151.2495378,-33.9860433],[151.2495328,-33.9860376],[151.2495263,-33.9860358],[151.2495198,-33.9860373],[151.2495151,-33.9860418],[151.2495097,-33.9860442],[151.2495018,-33.9860475],[151.2494964,-33.9860505],[151.249491,-33.9860562],[151.2494852,-33.9860594],[151.2494787,-33.9860612],[151.2494751,-33.9860612],[151.2494697,-33.9860582],[151.2494686,-33.9860526],[151.2494704,-33.9860454],[151.2494712,-33.9860385],[151.2494733,-33.9860322],[151.2494762,-33.9860245],[151.2494769,-33.9860173],[151.2494755,-33.9860095],[151.2494719,-33.986003],[151.2494668,-33.9859952],[151.2494661,-33.9859883],[151.249469,-33.985988],[151.2494726,-33.9859898],[151.2494758,-33.985994],[151.2494816,-33.9859955],[151.2494874,-33.9859985],[151.2494921,-33.9860024],[151.2494978,-33.986006],[151.2495054,-33.9860089],[151.2495101,-33.9860128],[151.2495166,-33.9860155],[151.249523,-33.9860161],[151.2495321,-33.9860149],[151.2495393,-33.986014],[151.2495465,-33.986014],[151.2495497,-33.9860164],[151.249554,-33.9860215],[151.2495594,-33.986026],[151.2495648,-33.9860263],[151.2495713,-33.9860248],[151.2495796,-33.986023],[151.2495883,-33.9860203],[151.2495944,-33.9860173],[151.2495962,-33.9860113],[151.2495994,-33.9860074],[151.2496063,-33.9860045],[151.2496128,-33.9860021],[151.2496196,-33.9859985],[151.2496225,-33.9859949],[151.2496225,-33.9859898],[151.24962,-33.9859827],[151.2496171,-33.9859812],[151.249611,-33.9859809],[151.2496023,-33.9859809],[151.2495944,-33.9859821],[151.2495861,-33.9859827],[151.2495796,-33.9859824],[151.249576,-33.9859797],[151.2495731,-33.9859761],[151.2495685,-33.9859725],[151.2495609,-33.9859665],[151.2495522,-33.9859638],[151.2495479,-33.9859638],[151.24954,-33.9859641],[151.2495353,-33.985962],[151.2495299,-33.9859587],[151.2495277,-33.9859573],[151.2495227,-33.9859558],[151.2495155,-33.9859564],[151.2495108,-33.9859573],[151.2495032,-33.9859576],[151.2494975,-33.9859576],[151.249491,-33.9859576],[151.2494867,-33.9859593],[151.2494812,-33.9859614],[151.2494769,-33.9859641],[151.2494726,-33.9859662],[151.2494672,-33.9859671],[151.2494611,-33.9859677],[151.2494528,-33.985968],[151.2494456,-33.9859674],[151.2494409,-33.9859647],[151.2494366,-33.985962],[151.2494308,-33.9859617],[151.2494261,-33.9859623],[151.2494196,-33.9859614],[151.2494178,-33.9859584],[151.2494113,-33.9859555],[151.2494056,-33.9859555],[151.2493977,-33.9859579],[151.2493926,-33.9859629],[151.2493904,-33.9859671],[151.249389,-33.9859701],[151.249384,-33.9859725],[151.2493786,-33.9859746],[151.2493749,-33.9859791],[151.2493782,-33.9859835],[151.2493847,-33.9859844],[151.2493908,-33.9859844],[151.2493984,-33.9859841],[151.2494067,-33.9859827],[151.2494142,-33.9859844],[151.2494211,-33.9859886],[151.2494268,-33.9859886],[151.2494312,-33.9859901],[151.2494362,-33.985994],[151.2494373,-33.9859991],[151.2494398,-33.9860054],[151.2494423,-33.9860119],[151.2494456,-33.9860185],[151.2494463,-33.9860257],[151.2494423,-33.986034],[151.2494376,-33.9860406],[151.2494312,-33.9860424],[151.2494232,-33.9860409],[151.2494182,-33.9860403],[151.2494124,-33.9860415],[151.2494099,-33.9860445],[151.2494063,-33.986049],[151.2494074,-33.9860553],[151.2494038,-33.9860585],[151.2493995,-33.9860612],[151.2493987,-33.9860657],[151.2493991,-33.986072],[151.2494034,-33.9860753],[151.2494088,-33.9860765],[151.2494164,-33.986075],[151.2494258,-33.9860747],[151.2494319,-33.9860774],[151.2494362,-33.9860812],[151.2494398,-33.9860872],[151.2494427,-33.9860935],[151.2494384,-33.9860971],[151.2494369,-33.9861028],[151.2494398,-33.9861087],[151.2494445,-33.986112],[151.2494463,-33.9861183],[151.2494459,-33.9861228],[151.2494485,-33.986127],[151.2494542,-33.9861317],[151.2494589,-33.9861365],[151.2494593,-33.9861419],[151.2494546,-33.9861446],[151.2494517,-33.9861482],[151.2494492,-33.9861533],[151.2494528,-33.9861539]]]}},{"type":"Feature","properties":{"@id":"way/1474571904","natural":"scrub"},"geometry":{"type":"Polygon","coordinates":[[[151.2506524,-33.9872725],[151.2506505,-33.9872797],[151.2506501,-33.9872883],[151.2506543,-33.9872973],[151.2506539,-33.9873038],[151.2506501,-33.98731],[151.2506431,-33.9873131],[151.2506319,-33.9873196],[151.2506253,-33.9873241],[151.2506182,-33.9873289],[151.2506128,-33.9873419],[151.2506104,-33.9873508],[151.2506078,-33.9873578],[151.2506111,-33.9873608],[151.2506186,-33.9873661],[151.2506256,-33.9873688],[151.2506343,-33.9873702],[151.2506431,-33.9873733],[151.250653,-33.9873771],[151.2506613,-33.9873799],[151.2506688,-33.9873819],[151.2506783,-33.9873802],[151.2506929,-33.9873775],[151.2507086,-33.9873685],[151.2507145,-33.987364],[151.2507219,-33.9873568],[151.2507311,-33.9873499],[151.2507377,-33.9873427],[151.2507448,-33.9873365],[151.2507481,-33.9873296],[151.2507497,-33.987321],[151.2507522,-33.9873155],[151.250758,-33.9873076],[151.2507626,-33.9873004],[151.2507622,-33.9872911],[151.2507585,-33.9872794],[151.2507443,-33.9872684],[151.2507319,-33.9872628],[151.2507186,-33.9872594],[151.2507032,-33.9872597],[151.2506879,-33.9872601],[151.2506705,-33.9872632],[151.2506572,-33.9872673],[151.2506524,-33.9872725]]]}},{"type":"Feature","properties":{"@id":"way/172482383","golf":"clubhouse","name":"St Michael's Golf Club House"},"geometry":{"type":"Polygon","coordinates":[[[151.2469468,-33.9845305],[151.2468558,-33.9845128],[151.2466522,-33.9844731],[151.2465376,-33.9844508],[151.2465362,-33.9844557],[151.2464997,-33.9844484],[151.2464951,-33.9844477],[151.2464775,-33.9845095],[151.246439,-33.984502],[151.2464135,-33.9845921],[151.2463971,-33.9846499],[151.246402,-33.9846509],[151.2464347,-33.9846572],[151.2464214,-33.9847042],[151.2464111,-33.9847405],[151.2463895,-33.9848164],[151.2463585,-33.9848104],[151.2463219,-33.9849394],[151.2463491,-33.9849447],[151.2464001,-33.9849546],[151.246407,-33.9849303],[151.246583,-33.9849646],[151.2465707,-33.9850081],[151.2465652,-33.9850274],[151.2465757,-33.9850295],[151.2466444,-33.9850429],[151.246649,-33.9850265],[151.246662,-33.9849807],[151.2468142,-33.9850104],[151.2468444,-33.9849039],[151.2468618,-33.9849073],[151.2468657,-33.984908],[151.246872,-33.9848857],[151.246943,-33.9846354],[151.2469185,-33.9846306],[151.2469468,-33.9845305]]]}},{"type":"Feature","properties":{"@id":"way/394668870","golf":"tee"},"geometry":{"type":"Polygon","coordinates":[[[151.2528219,-33.9818521],[151.2528186,-33.9818454],[151.2528131,-33.9818385],[151.2528072,-33.9818331],[151.252801,-33.9818298],[151.2527939,-33.9818283],[151.2527854,-33.9818292],[151.2527793,-33.9818307],[151.2527733,-33.9818334],[151.2527664,-33.9818381],[151.2527615,-33.9818448],[151.2527592,-33.9818527],[151.2527578,-33.9818603],[151.2527584,-33.98187],[151.2527603,-33.9818782],[151.2527643,-33.9818846],[151.2527704,-33.98189],[151.2527773,-33.9818936],[151.2527854,-33.9818957],[151.2527941,-33.9818955],[151.2528001,-33.9818945],[151.252805,-33.9818928],[151.2528111,-33.9818883],[151.2528153,-33.9818839],[151.2528189,-33.9818792],[151.2528222,-33.9818726],[151.2528239,-33.9818661],[151.2528236,-33.9818584],[151.2528219,-33.9818521]]]}},{"type":"Feature","properties":{"@id":"way/394668871","golf":"bunker","natural":"sand"},"geometry":{"type":"Polygon","coordinates":[[[151.2482467,-33.9840764],[151.2482283,-33.9840725],[151.2482108,-33.9840691],[151.2481986,-33.9840676],[151.2481842,-33.9840682],[151.2481695,-33.9840714],[151.2481557,-33.9840768],[151.2481438,-33.9840859],[151.2481418,-33.984093],[151.2481416,-33.9841002],[151.2481456,-33.9841058],[151.2481543,-33.9841122],[151.2481659,-33.9841198],[151.2481804,-33.9841263],[151.2482013,-33.9841306],[151.2482261,-33.984135],[151.2482448,-33.9841367],[151.2482567,-33.9841333],[151.2482678,-33.9841251],[151.2482746,-33.9841161],[151.2482754,-33.9841069],[151.2482705,-33.9840969],[151.2482642,-33.9840892],[151.2482559,-33.9840815],[151.2482467,-33.9840764]]]}},{"type":"Feature","properties":{"@id":"way/394668879","golf":"bunker","natural":"sand"},"geometry":{"type":"Polygon","coordinates":[[[151.2471918,-33.9842331],[151.2471777,-33.9842324],[151.2471601,-33.9842336],[151.2471469,-33.9842369],[151.2471368,-33.9842401],[151.2471294,-33.9842448],[151.2471251,-33.9842507],[151.2471227,-33.9842596],[151.2471243,-33.9842686],[151.2471294,-33.9842761],[151.2471358,-33.9842824],[151.2471485,-33.9842873],[151.2471596,-33.9842894],[151.2471752,-33.9842886],[151.2471918,-33.9842874],[151.2472063,-33.9842845],[151.247219,-33.9842815],[151.24723,-33.9842787],[151.2472399,-33.9842741],[151.2472457,-33.9842674],[151.2472447,-33.9842603],[151.2472401,-33.984254],[151.247232,-33.9842467],[151.2472185,-33.984239],[151.2472062,-33.9842359],[151.2471918,-33.9842331]]]}},{"type":"Feature","properties":{"@id":"way/394668882","golf":"bunker","natural":"sand"},"geometry":{"type":"Polygon","coordinates":[[[151.2522577,-33.9859913],[151.2522431,-33.9859893],[151.252232,-33.9859993],[151.2522253,-33.9860114],[151.2522249,-33.9860253],[151.2522238,-33.9860362],[151.2522306,-33.9860421],[151.2522498,-33.9860409],[151.2522651,-33.9860294],[151.2522815,-33.9860179],[151.2522808,-33.9860055],[151.2522716,-33.9859966],[151.2522577,-33.9859913]]]}},{"type":"Feature","properties":{"@id":"way/394668884","golf":"tee"},"geometry":{"type":"Polygon","coordinates":[[[151.2469675,-33.9867897],[151.2469394,-33.9867926],[151.2468707,-33.9867998],[151.2468514,-33.9868062],[151.2468321,-33.9868185],[151.2468203,-33.9868309],[151.2468127,-33.986844],[151.2468102,-33.9868622],[151.2468111,-33.9868801],[151.2468166,-33.9868922],[151.2468276,-33.9869014],[151.246847,-33.9869084],[151.2468654,-33.9869127],[151.2468951,-33.9869131],[151.2469447,-33.9869099],[151.2469908,-33.9869032],[151.2470048,-33.9869003],[151.2470205,-33.9868897],[151.2470279,-33.9868788],[151.247034,-33.9868641],[151.2470349,-33.9868502],[151.2470318,-33.986839],[151.2470261,-33.9868266],[151.2470185,-33.9868153],[151.2470088,-33.9868035],[151.2469988,-33.9867973],[151.2469873,-33.9867914],[151.2469675,-33.9867897]]]}},{"type":"Feature","properties":{"@id":"way/394668885","golf":"fairway"},"geometry":{"type":"Polygon","coordinates":[[[151.2534688,-33.9825691],[151.2533971,-33.9825262],[151.2533566,-33.9825046],[151.2533312,-33.9824959],[151.2533024,-33.9824871],[151.2532735,-33.9824829],[151.2532482,-33.9824822],[151.2532265,-33.9824848],[151.2531989,-33.9824991],[151.2531712,-33.9825176],[151.2531462,-33.9825432],[151.2531322,-33.9825708],[151.2531208,-33.9826029],[151.2531156,-33.9826317],[151.2531162,-33.9826517],[151.2531239,-33.9827043],[151.2531601,-33.9828291],[151.253172,-33.9828511],[151.2531799,-33.9828651],[151.253197,-33.982886],[151.2532114,-33.9829017],[151.2532293,-33.9829153],[151.2532503,-33.9829261],[151.2532762,-33.9829379],[151.2533538,-33.9829527],[151.2534484,-33.9829582],[151.2534743,-33.9829568],[151.2535086,-33.982949],[151.2535293,-33.9829419],[151.2535512,-33.9829271],[151.2535679,-33.9829079],[151.2535783,-33.9828844],[151.2535812,-33.9828547],[151.2535797,-33.982826],[151.2535719,-33.9828009],[151.253569,-33.9827757],[151.2535724,-33.9827342],[151.2535735,-33.9827047],[151.2535709,-33.9826793],[151.253556,-33.9826502],[151.2535362,-33.9826235],[151.2535184,-33.9826058],[151.2534926,-33.9825862],[151.2534688,-33.9825691]]]}},{"type":"Feature","properties":{"@id":"way/394668886","golf":"tee"},"geometry":{"type":"Polygon","coordinates":[[[151.2519997,-33.985152],[151.2519713,-33.9851458],[151.2519532,-33.9851487],[151.2519415,-33.985153],[151.2519335,-33.9851601],[151.2519276,-33.9851736],[151.2519298,-33.9851838],[151.2519343,-33.9851903],[151.2519415,-33.9852],[151.2519537,-33.9852103],[151.2519761,-33.9852188],[151.2520104,-33.9852281],[151.2520272,-33.9852299],[151.2520442,-33.9852281],[151.2520563,-33.9852247],[151.2520668,-33.9852176],[151.2520704,-33.9852063],[151.2520666,-33.9851953],[151.252059,-33.9851843],[151.2520452,-33.9851722],[151.2519997,-33.985152]]]}},{"type":"Feature","properties":{"@id":"way/394668887","golf":"bunker","natural":"sand"},"geometry":{"type":"Polygon","coordinates":[[[151.2524167,-33.985798],[151.2523998,-33.9857944],[151.2523815,-33.985794],[151.2523724,-33.9857979],[151.2523647,-33.985805],[151.252363,-33.985822],[151.2523588,-33.9858381],[151.252349,-33.9858543],[151.2523529,-33.9858647],[151.2523644,-33.9858737],[151.252379,-33.9858757],[151.2523969,-33.9858678],[151.2524149,-33.985851],[151.2524275,-33.9858332],[151.2524334,-33.9858174],[151.2524278,-33.9858066],[151.2524167,-33.985798]]]}},{"type":"Feature","properties":{"@id":"way/394668888","golf":"tee"},"geometry":{"type":"Polygon","coordinates":[[[151.2538487,-33.9833388],[151.253834,-33.9833338],[151.2538176,-33.9833366],[151.2538041,-33.9833441],[151.2537946,-33.9833528],[151.2537371,-33.9834332],[151.2537332,-33.9834457],[151.2537326,-33.9834582],[151.2537405,-33.9834699],[151.2537537,-33.983478],[151.2537677,-33.9834813],[151.2537822,-33.9834802],[151.2537942,-33.983475],[151.2538029,-33.983466],[151.2538161,-33.9834522],[151.2538695,-33.9833775],[151.2538698,-33.9833671],[151.2538666,-33.9833556],[151.2538603,-33.9833464],[151.2538487,-33.9833388]]]}},{"type":"Feature","properties":{"@id":"way/394668889","golf":"green"},"geometry":{"type":"Polygon","coordinates":[[[151.2471428,-33.984097],[151.2471224,-33.9840949],[151.2471029,-33.9840949],[151.2470807,-33.984096],[151.2470616,-33.9840995],[151.2470443,-33.9841047],[151.2470304,-33.9841126],[151.2470225,-33.9841221],[151.247018,-33.9841311],[151.2470154,-33.9841434],[151.2470153,-33.984155],[151.247019,-33.9841686],[151.2470253,-33.984182],[151.2470351,-33.9841912],[151.24705,-33.9842012],[151.2470619,-33.9842091],[151.2470792,-33.9842167],[151.2470962,-33.9842206],[151.2471165,-33.9842209],[151.2471351,-33.9842184],[151.2471585,-33.9842133],[151.2471794,-33.9842065],[151.2471964,-33.9841989],[151.2472101,-33.9841923],[151.2472217,-33.9841815],[151.2472286,-33.9841692],[151.2472294,-33.9841596],[151.2472286,-33.984148],[151.2472261,-33.9841391],[151.2472203,-33.9841303],[151.2472149,-33.9841216],[151.2472072,-33.9841154],[151.2471942,-33.9841095],[151.2471782,-33.9841045],[151.2471617,-33.9841007],[151.2471428,-33.984097]]]}},{"type":"Feature","properties":{"@id":"way/394668891","golf":"tee"},"geometry":{"type":"Polygon","coordinates":[[[151.2527715,-33.9838958],[151.2527737,-33.9838813],[151.252773,-33.9838695],[151.2527669,-33.983859],[151.2527593,-33.9838499],[151.2527492,-33.9838453],[151.2527245,-33.9838391],[151.2527119,-33.9838402],[151.2526993,-33.9838454],[151.2526927,-33.9838546],[151.2526891,-33.9838643],[151.2526852,-33.9838765],[151.252679,-33.9839189],[151.2526826,-33.983931],[151.2526901,-33.9839396],[151.2527007,-33.9839472],[151.2527095,-33.9839519],[151.2527287,-33.9839546],[151.2527415,-33.9839508],[151.2527527,-33.9839417],[151.2527605,-33.9839273],[151.2527715,-33.9838958]]]}},{"type":"Feature","properties":{"@id":"way/394668893","golf":"bunker","natural":"sand"},"geometry":{"type":"Polygon","coordinates":[[[151.2527821,-33.980615],[151.2527731,-33.9806128],[151.2527638,-33.9806121],[151.2527553,-33.9806154],[151.2527504,-33.9806198],[151.2527474,-33.9806255],[151.252746,-33.980632],[151.2527435,-33.9806381],[151.2527376,-33.9806461],[151.2527315,-33.9806544],[151.2527303,-33.9806627],[151.2527318,-33.980673],[151.2527353,-33.9806818],[151.2527435,-33.9806871],[151.2527529,-33.9806891],[151.2527634,-33.9806897],[151.2527726,-33.9806864],[151.2527803,-33.9806816],[151.2527876,-33.9806753],[151.2527957,-33.9806673],[151.252801,-33.9806608],[151.2528059,-33.9806537],[151.2528087,-33.9806445],[151.2528081,-33.9806371],[151.2528057,-33.9806299],[151.2528003,-33.9806249],[151.2527908,-33.9806193],[151.2527821,-33.980615]]]}},{"type":"Feature","properties":{"@id":"way/394668894","golf":"tee"},"geometry":{"type":"Polygon","coordinates":[[[151.2524726,-33.984076],[151.252434,-33.9840704],[151.2523941,-33.9840663],[151.2523798,-33.9840678],[151.252369,-33.9840736],[151.252361,-33.984082],[151.252356,-33.9840916],[151.2523537,-33.9841023],[151.2523516,-33.9841191],[151.2523545,-33.9841284],[151.2523638,-33.9841395],[151.2523729,-33.9841462],[151.2523893,-33.9841511],[151.2524162,-33.9841534],[151.2524451,-33.9841541],[151.2524727,-33.9841522],[151.2524902,-33.9841496],[151.2525022,-33.984145],[151.2525104,-33.9841396],[151.2525175,-33.9841326],[151.2525212,-33.9841219],[151.2525212,-33.984111],[151.2525179,-33.9840997],[151.2525096,-33.9840913],[151.2524995,-33.9840849],[151.2524888,-33.9840802],[151.2524726,-33.984076]]]}},{"type":"Feature","properties":{"@id":"way/394668897","golf":"bunker","natural":"sand"},"geometry":{"type":"Polygon","coordinates":[[[151.2524939,-33.9807351],[151.2524868,-33.9807335],[151.2524795,-33.9807323],[151.2524706,-33.980732],[151.2524647,-33.9807353],[151.2524599,-33.9807392],[151.2524553,-33.9807439],[151.2524499,-33.9807491],[151.252445,-33.9807563],[151.2524427,-33.9807632],[151.2524413,-33.980771],[151.252443,-33.9807788],[151.2524456,-33.9807875],[151.2524507,-33.9807941],[151.2524582,-33.9807988],[151.2524676,-33.9808014],[151.2524754,-33.9808035],[151.2524844,-33.9808039],[151.2524929,-33.980803],[151.2525012,-33.9808007],[151.2525095,-33.9807969],[151.2525169,-33.9807902],[151.2525219,-33.9807835],[151.2525265,-33.9807762],[151.2525302,-33.9807687],[151.2525312,-33.980761],[151.2525309,-33.9807536],[151.2525276,-33.9807465],[151.2525231,-33.9807414],[151.2525178,-33.980737],[151.2525111,-33.9807347],[151.2525036,-33.9807343],[151.2524939,-33.9807351]]]}},{"type":"Feature","properties":{"@id":"way/394668899","golf":"bunker","natural":"sand"},"geometry":{"type":"Polygon","coordinates":[[[151.252292,-33.9858971],[151.2522821,-33.9859026],[151.2522705,-33.9859085],[151.2522579,-33.9859136],[151.2522497,-33.985922],[151.2522439,-33.9859322],[151.2522449,-33.9859432],[151.2522497,-33.9859512],[151.2522594,-33.9859592],[151.2522723,-33.9859608],[151.2522863,-33.9859607],[151.2523036,-33.9859558],[151.2523215,-33.9859453],[151.2523364,-33.9859318],[151.2523429,-33.985917],[151.2523418,-33.9859007],[151.2523328,-33.9858884],[151.2523211,-33.98588],[151.2523112,-33.9858802],[151.2523032,-33.9858828],[151.2522983,-33.9858875],[151.252292,-33.9858971]]]}},{"type":"Feature","properties":{"@id":"way/394668900","golf":"tee"},"geometry":{"type":"Polygon","coordinates":[[[151.2523616,-33.9847319],[151.2523449,-33.9847333],[151.2523293,-33.9847377],[151.2523224,-33.9847466],[151.2523183,-33.9847598],[151.2523171,-33.9847648],[151.2523155,-33.9847714],[151.2523124,-33.9847857],[151.2523104,-33.9847997],[151.2523021,-33.9848263],[151.2523005,-33.9848351],[151.2523025,-33.984844],[151.2523139,-33.9848504],[151.2523278,-33.984856],[151.2523441,-33.98486],[151.2523648,-33.9848614],[151.2523776,-33.9848589],[151.2523851,-33.9848508],[151.2523867,-33.9848384],[151.2523859,-33.9848193],[151.252391,-33.9848048],[151.2523966,-33.9847924],[151.2524055,-33.9847742],[151.2524076,-33.984761],[151.252403,-33.9847481],[151.2523937,-33.9847382],[151.252378,-33.9847326],[151.2523616,-33.9847319]]]}},{"type":"Feature","properties":{"@id":"way/394668902","golf":"fairway"},"geometry":{"type":"Polygon","coordinates":[[[151.2473781,-33.9840876],[151.2473493,-33.9840895],[151.2473271,-33.9840898],[151.2473105,-33.9840905],[151.2472928,-33.9840856],[151.247278,-33.9840804],[151.2472614,-33.984072],[151.2472486,-33.9840645],[151.2472389,-33.9840565],[151.2472202,-33.9840429],[151.2472002,-33.9840332],[151.2471805,-33.984025],[151.2471538,-33.9840192],[151.2471286,-33.9840152],[151.2471036,-33.9840134],[151.2470824,-33.9840135],[151.2470593,-33.9840155],[151.2470421,-33.9840188],[151.247023,-33.9840258],[151.2470075,-33.9840326],[151.2469918,-33.9840419],[151.2469763,-33.9840526],[151.2469643,-33.9840648],[151.2469563,-33.9840752],[151.2469471,-33.9840883],[151.2469404,-33.984099],[151.2469342,-33.9841144],[151.2469294,-33.984129],[151.2469263,-33.9841435],[151.2469262,-33.9841552],[151.2469287,-33.9841738],[151.2469318,-33.9841907],[151.246939,-33.9842069],[151.2469473,-33.9842206],[151.2469584,-33.984232],[151.2469721,-33.9842445],[151.2469893,-33.9842559],[151.2470111,-33.9842664],[151.2470337,-33.9842717],[151.2470601,-33.9842765],[151.2470804,-33.984281],[151.2470955,-33.9842891],[151.2471102,-33.9842975],[151.2471284,-33.9843092],[151.2471514,-33.9843173],[151.2471741,-33.9843185],[151.2471946,-33.9843159],[151.2472111,-33.9843126],[151.2472232,-33.9843081],[151.2472413,-33.9843027],[151.2472616,-33.984296],[151.2472776,-33.9842861],[151.2472907,-33.9842766],[151.2473105,-33.9842653],[151.2473288,-33.9842579],[151.247353,-33.9842524],[151.2473775,-33.9842492],[151.2473936,-33.984249],[151.2476955,-33.9842975],[151.2488713,-33.9844336],[151.2496505,-33.9845786],[151.2505527,-33.9847617],[151.2505699,-33.9847629],[151.2505899,-33.9847593],[151.2506233,-33.9847458],[151.2506388,-33.9847355],[151.2506529,-33.9847255],[151.2506643,-33.9847121],[151.2506674,-33.984698],[151.2506659,-33.9846862],[151.250663,-33.9846673],[151.2506563,-33.9846487],[151.2506469,-33.9846332],[151.2506351,-33.9846199],[151.2506245,-33.9846084],[151.2506102,-33.984597],[151.2505926,-33.9845887],[151.2497847,-33.9843987],[151.2490489,-33.9842454],[151.2483004,-33.9841552],[151.248015,-33.9841154],[151.2479647,-33.984109],[151.2479094,-33.9841064],[151.2473781,-33.9840876]]]}},{"type":"Feature","properties":{"@id":"way/394668903","golf":"green"},"geometry":{"type":"Polygon","coordinates":[[[151.2534925,-33.9827775],[151.2534829,-33.9827562],[151.2534589,-33.9827228],[151.2534143,-33.9826769],[151.2534044,-33.9826673],[151.2533871,-33.9826568],[151.2533726,-33.9826511],[151.253355,-33.9826498],[151.2533402,-33.9826507],[151.2533244,-33.9826537],[151.2533116,-33.9826578],[151.253297,-33.9826645],[151.2532852,-33.9826722],[151.2532773,-33.9826815],[151.2532723,-33.9826938],[151.2532703,-33.9827145],[151.2532734,-33.9827445],[151.2532866,-33.982785],[151.2533086,-33.9828196],[151.2533193,-33.9828335],[151.2533346,-33.9828449],[151.2533549,-33.9828558],[151.2533762,-33.9828631],[151.2533979,-33.9828685],[151.2534217,-33.9828699],[151.2534439,-33.9828687],[151.2534639,-33.9828632],[151.2534781,-33.9828522],[151.2534867,-33.9828403],[151.2534928,-33.9828273],[151.2534944,-33.9828126],[151.2534951,-33.982794],[151.2534925,-33.9827775]]]}},{"type":"Feature","properties":{"@id":"way/394668904","golf":"bunker","natural":"sand"},"geometry":{"type":"Polygon","coordinates":[[[151.2496627,-33.9862475],[151.2496509,-33.9862432],[151.2496398,-33.9862431],[151.2496279,-33.9862469],[151.2496193,-33.9862537],[151.2496158,-33.9862622],[151.2496155,-33.9862724],[151.2496184,-33.9862791],[151.2496273,-33.9862905],[151.2496364,-33.986303],[151.2496418,-33.9863094],[151.249653,-33.9863105],[151.2496638,-33.986309],[151.2496787,-33.9863072],[151.2496926,-33.9863091],[151.2497044,-33.9863133],[151.2497126,-33.9863195],[151.2497204,-33.9863208],[151.249727,-33.9863195],[151.2497309,-33.9863145],[151.2497372,-33.986309],[151.249745,-33.9863073],[151.2497559,-33.9863054],[151.249762,-33.986302],[151.249767,-33.9862939],[151.2497647,-33.9862869],[151.2497573,-33.9862807],[151.2497502,-33.9862772],[151.2497421,-33.9862732],[151.2497311,-33.9862722],[151.2497069,-33.9862763],[151.2496975,-33.9862749],[151.2496896,-33.9862711],[151.249681,-33.9862652],[151.2496715,-33.9862546],[151.2496627,-33.9862475]]]}},{"type":"Feature","properties":{"@id":"way/394668905","golf":"tee"},"geometry":{"type":"Polygon","coordinates":[[[151.2521178,-33.9849873],[151.2521007,-33.9849905],[151.2520874,-33.9849961],[151.2520759,-33.985007],[151.252068,-33.985021],[151.2520676,-33.9850449],[151.2520743,-33.9850578],[151.2520804,-33.9850643],[151.2520895,-33.9850692],[151.2520999,-33.9850749],[151.2521982,-33.985094],[151.2522158,-33.985089],[151.2522246,-33.9850838],[151.2522344,-33.9850728],[151.2522408,-33.9850581],[151.2522439,-33.9850457],[151.2522427,-33.9850305],[151.2522367,-33.9850176],[151.2522242,-33.9850077],[151.2522059,-33.9850015],[151.2521178,-33.9849873]]]}},{"type":"Feature","properties":{"@id":"way/394668908","golf":"bunker","natural":"sand"},"geometry":{"type":"Polygon","coordinates":[[[151.2520195,-33.985846],[151.2520346,-33.9858411],[151.252046,-33.9858277],[151.2520512,-33.9858141],[151.2520689,-33.9857844],[151.2520785,-33.9857675],[151.252083,-33.9857486],[151.2520807,-33.9857305],[151.2520736,-33.9857191],[151.2520613,-33.98571],[151.2520455,-33.9857089],[151.2520334,-33.9857143],[151.2520268,-33.9857221],[151.2520217,-33.9857311],[151.2520194,-33.9857374],[151.2520046,-33.9857477],[151.2519976,-33.9857513],[151.2519834,-33.9857506],[151.2519707,-33.9857515],[151.251963,-33.9857543],[151.2519554,-33.9857633],[151.2519487,-33.9857756],[151.2519439,-33.9857914],[151.2519425,-33.9858061],[151.2519472,-33.9858184],[151.2519555,-33.9858318],[151.2519695,-33.9858417],[151.2519877,-33.9858467],[151.2520195,-33.985846]]]}},{"type":"Feature","properties":{"@id":"way/394668910","golf":"green"},"geometry":{"type":"Polygon","coordinates":[[[151.2525776,-33.9805628],[151.2525452,-33.9805595],[151.2525219,-33.9805586],[151.2525012,-33.9805592],[151.2524828,-33.9805626],[151.2524679,-33.9805672],[151.2524529,-33.9805756],[151.2524424,-33.9805842],[151.2524306,-33.9805973],[151.2524225,-33.9806096],[151.2524165,-33.9806251],[151.2524142,-33.980639],[151.2524156,-33.980652],[151.2524215,-33.9806674],[151.2524288,-33.9806776],[151.252446,-33.9806904],[151.2524657,-33.9806999],[151.2524886,-33.9807058],[151.2525168,-33.9807136],[151.2525335,-33.9807212],[151.252548,-33.9807325],[151.2525626,-33.9807456],[151.2525735,-33.9807535],[151.252589,-33.9807617],[151.2526043,-33.9807648],[151.252619,-33.9807645],[151.2526336,-33.9807617],[151.2526463,-33.980758],[151.2526657,-33.98075],[151.2526784,-33.9807413],[151.2526888,-33.9807321],[151.2526998,-33.9807184],[151.2527053,-33.9807009],[151.2527074,-33.9806868],[151.252706,-33.9806723],[151.252702,-33.9806563],[151.2526957,-33.9806426],[151.2526895,-33.9806304],[151.2526792,-33.9806164],[151.2526665,-33.9806007],[151.2526552,-33.9805899],[151.2526364,-33.9805793],[151.2526196,-33.9805721],[151.2525986,-33.9805666],[151.2525776,-33.9805628]]]}},{"type":"Feature","properties":{"@id":"way/394668911","golf":"fairway"},"geometry":{"type":"Polygon","coordinates":[[[151.2530622,-33.9844869],[151.253193,-33.9842203],[151.2532009,-33.9841934],[151.2531952,-33.9841763],[151.2531821,-33.9841542],[151.2531714,-33.9841429],[151.2531519,-33.9841257],[151.2531292,-33.984114],[151.2530719,-33.9840979],[151.2530466,-33.9840988],[151.2530062,-33.9841083],[151.2529818,-33.984127],[151.2529496,-33.9841595],[151.2529271,-33.9841936],[151.2521573,-33.985655],[151.2521487,-33.9856626],[151.2521304,-33.9856665],[151.2521135,-33.985668],[151.2520936,-33.9856696],[151.2520684,-33.9856718],[151.25205,-33.9856757],[151.2520288,-33.9856855],[151.2520021,-33.9857026],[151.2519887,-33.9857139],[151.2519716,-33.9857233],[151.2519544,-33.9857327],[151.2519423,-33.9857418],[151.2519317,-33.9857535],[151.2519226,-33.9857695],[151.2519164,-33.9857858],[151.2519142,-33.985802],[151.2519164,-33.9858196],[151.2519225,-33.9858394],[151.251926,-33.9858558],[151.2519262,-33.9858707],[151.2519184,-33.9858922],[151.2519101,-33.9859112],[151.2518994,-33.9859288],[151.2518893,-33.9859491],[151.2518836,-33.9859716],[151.2518814,-33.9859951],[151.2518845,-33.9860177],[151.2518891,-33.9860323],[151.251897,-33.986044],[151.2519079,-33.9860625],[151.2519238,-33.9860846],[151.2519349,-33.9860981],[151.251947,-33.9861085],[151.2519585,-33.9861137],[151.2519907,-33.9861259],[151.2520415,-33.9861398],[151.2520659,-33.986142],[151.2520837,-33.986143],[151.2521055,-33.9861371],[151.2522052,-33.9861029],[151.2522412,-33.9860902],[151.2522597,-33.9860779],[151.25227,-33.9860691],[151.2522843,-33.9860525],[151.2523951,-33.9859471],[151.2524483,-33.9858837],[151.2524586,-33.9858681],[151.252468,-33.9858492],[151.2524743,-33.985829],[151.252478,-33.9858113],[151.2524739,-33.9857953],[151.2524635,-33.985783],[151.2524515,-33.9857735],[151.2524342,-33.9857682],[151.2524169,-33.9857627],[151.2524054,-33.9857561],[151.2523941,-33.9857458],[151.2523858,-33.9857352],[151.2523831,-33.9857218],[151.2523839,-33.9857053],[151.2523867,-33.9856828],[151.25239,-33.9856739],[151.2530622,-33.9844869]]]}},{"type":"Feature","properties":{"@id":"way/394668913","golf":"bunker","natural":"sand"},"geometry":{"type":"Polygon","coordinates":[[[151.2493665,-33.9862355],[151.2493551,-33.9862381],[151.2493423,-33.9862378],[151.2493324,-33.9862384],[151.2493253,-33.9862432],[151.2493131,-33.9862508],[151.2493019,-33.9862563],[151.2492885,-33.9862559],[151.2492739,-33.9862544],[151.2492665,-33.9862582],[151.2492618,-33.986265],[151.2492608,-33.9862744],[151.2492662,-33.9862824],[151.2492754,-33.9862875],[151.2492836,-33.9862884],[151.2492883,-33.9862861],[151.2492932,-33.9862827],[151.2493,-33.9862786],[151.2493085,-33.9862791],[151.2493181,-33.9862833],[151.2493373,-33.9862922],[151.2493494,-33.9863022],[151.2493615,-33.986305],[151.2493731,-33.9863033],[151.2493811,-33.9862994],[151.2493839,-33.9862933],[151.249391,-33.9862903],[151.2494002,-33.9862882],[151.2494059,-33.9862836],[151.2494102,-33.9862775],[151.249414,-33.9862701],[151.249411,-33.9862622],[151.2494046,-33.9862561],[151.2494007,-33.9862487],[151.2493981,-33.9862401],[151.2493945,-33.9862332],[151.2493881,-33.9862296],[151.2493805,-33.9862284],[151.2493665,-33.9862355]]]}},{"type":"Feature","properties":{"@id":"way/394668914","golf":"green"},"geometry":{"type":"Polygon","coordinates":[[[151.252224,-33.9857802],[151.2522093,-33.9857758],[151.2521945,-33.9857745],[151.2521766,-33.9857763],[151.2521592,-33.9857817],[151.2521473,-33.9857887],[151.2521365,-33.9857976],[151.2521256,-33.9858125],[151.2521142,-33.9858353],[151.252092,-33.9858612],[151.2520548,-33.9858905],[151.2520156,-33.9859345],[151.2520068,-33.9859532],[151.2520029,-33.9859702],[151.2520018,-33.9859877],[151.2520025,-33.9860067],[151.2520063,-33.9860212],[151.2520114,-33.9860317],[151.252019,-33.986044],[151.2520328,-33.9860555],[151.2520461,-33.9860638],[151.2520691,-33.9860708],[151.2520906,-33.9860744],[151.2521124,-33.9860743],[151.252128,-33.9860738],[151.252153,-33.9860695],[151.2521751,-33.9860578],[151.2521852,-33.9860454],[151.2521986,-33.9860292],[151.2522051,-33.9860071],[151.2522144,-33.9859739],[151.2522172,-33.9859395],[151.2522232,-33.9859209],[151.2522361,-33.9858964],[151.2522522,-33.9858588],[151.2522569,-33.9858404],[151.2522574,-33.985825],[151.2522539,-33.9858111],[151.252248,-33.9857969],[151.2522374,-33.9857866],[151.252224,-33.9857802]]]}},{"type":"Feature","properties":{"@id":"way/394668915","golf":"bunker","natural":"sand"},"geometry":{"type":"Polygon","coordinates":[[[151.2534919,-33.9826455],[151.2534818,-33.9826419],[151.2534745,-33.9826372],[151.2534716,-33.9826311],[151.2534708,-33.9826247],[151.2534652,-33.9826115],[151.2534587,-33.9826082],[151.2534497,-33.9826072],[151.2534417,-33.9826095],[151.2534305,-33.9826182],[151.2534217,-33.9826284],[151.253421,-33.9826353],[151.2534253,-33.9826423],[151.2534311,-33.9826497],[151.2534421,-33.9826572],[151.2534526,-33.9826635],[151.2534582,-33.9826698],[151.2534629,-33.9826788],[151.2534657,-33.9826865],[151.25347,-33.9826938],[151.2534779,-33.9826984],[151.2534857,-33.9826995],[151.2534927,-33.9826969],[151.2534987,-33.9826942],[151.2535041,-33.9826889],[151.2535083,-33.9826774],[151.2535108,-33.9826674],[151.25351,-33.982659],[151.2535062,-33.9826524],[151.2535002,-33.9826477],[151.2534919,-33.9826455]]]}},{"type":"Feature","properties":{"@id":"way/394668916","golf":"tee"},"geometry":{"type":"Polygon","coordinates":[[[151.2531013,-33.9816355],[151.2530971,-33.9816199],[151.2530919,-33.9816065],[151.2530793,-33.9815736],[151.2530694,-33.9815484],[151.2530553,-33.9815119],[151.2530458,-33.9814784],[151.253039,-33.981447],[151.2530363,-33.9814062],[151.2530332,-33.9813972],[151.2530296,-33.9813879],[151.2530238,-33.9813783],[151.253017,-33.9813716],[151.2530089,-33.9813678],[151.2529989,-33.9813663],[151.2529898,-33.9813672],[151.252982,-33.9813707],[151.2529762,-33.9813743],[151.2529703,-33.9813789],[151.2529656,-33.9813853],[151.2529634,-33.981393],[151.252961,-33.9814022],[151.25296,-33.9814112],[151.2529585,-33.9814243],[151.2529577,-33.9814581],[151.2529595,-33.9815109],[151.2529621,-33.9815758],[151.2529625,-33.9816252],[151.2529634,-33.9816647],[151.2529651,-33.9816708],[151.2529707,-33.9816816],[151.252976,-33.9816898],[151.2529848,-33.9816966],[151.2529965,-33.9817023],[151.253008,-33.9817068],[151.2530196,-33.9817092],[151.2530315,-33.9817107],[151.2530423,-33.9817116],[151.2530514,-33.9817106],[151.25306,-33.9817086],[151.2530736,-33.9817035],[151.2530849,-33.9816957],[151.2530936,-33.9816889],[151.2531004,-33.9816759],[151.2531048,-33.9816619],[151.2531033,-33.9816488],[151.2531013,-33.9816355]]]}},{"type":"Feature","properties":{"@id":"way/394668917","golf":"fairway"},"geometry":{"type":"Polygon","coordinates":[[[151.2525282,-33.983627],[151.2525326,-33.9836412],[151.2525463,-33.9836498],[151.2525845,-33.9836531],[151.2526229,-33.9836545],[151.252657,-33.9836554],[151.2526804,-33.9836535],[151.2527034,-33.9836486],[151.2527259,-33.9836403],[151.2527462,-33.9836291],[151.2527619,-33.9836155],[151.2527729,-33.9835996],[151.2527815,-33.9835725],[151.2527893,-33.9835449],[151.2528019,-33.9833978],[151.2528045,-33.9833584],[151.2528004,-33.983337],[151.2527926,-33.9833202],[151.2527787,-33.983302],[151.2527598,-33.983285],[151.2527357,-33.9832689],[151.2527192,-33.9832575],[151.2527173,-33.9832466],[151.2527255,-33.983127],[151.2527256,-33.9829895],[151.2527197,-33.9827148],[151.2527139,-33.9822678],[151.25271,-33.9822235],[151.2526796,-33.9820939],[151.2526699,-33.9820519],[151.2526651,-33.9820156],[151.2526646,-33.9819834],[151.2526687,-33.9819554],[151.2526718,-33.9819306],[151.2527133,-33.981716],[151.252761,-33.9813578],[151.2527821,-33.981182],[151.2527934,-33.981095],[151.2527976,-33.9810591],[151.2528129,-33.9809997],[151.2528209,-33.9809638],[151.2528236,-33.9809404],[151.2528265,-33.9808957],[151.2528202,-33.9808779],[151.2528099,-33.9808628],[151.2527892,-33.9808481],[151.2527728,-33.9808314],[151.2527636,-33.9808121],[151.2527586,-33.9807885],[151.2527562,-33.9807686],[151.2527608,-33.9807495],[151.25277,-33.9807342],[151.2527806,-33.9807221],[151.2528015,-33.9807018],[151.2528165,-33.9806832],[151.2528368,-33.9806566],[151.2528392,-33.9806331],[151.2528329,-33.9806094],[151.252814,-33.9805811],[151.2528035,-33.9805647],[151.2527866,-33.9805434],[151.2527252,-33.9805188],[151.2526511,-33.9805021],[151.2525801,-33.9804909],[151.2524945,-33.9804895],[151.2524638,-33.9804946],[151.2524371,-33.9805068],[151.2524117,-33.9805211],[151.2523936,-33.980533],[151.2523708,-33.9805528],[151.2523432,-33.9805859],[151.2523297,-33.9806101],[151.25232,-33.98064],[151.2523204,-33.9806733],[151.2523273,-33.9806949],[151.2523483,-33.980718],[151.2523653,-33.9807456],[151.2523807,-33.9807657],[151.2524051,-33.9807858],[151.2524242,-33.980803],[151.2524491,-33.9808154],[151.2524872,-33.9808254],[151.2525071,-33.9808365],[151.2525208,-33.9808609],[151.2525282,-33.9808808],[151.2525296,-33.9809038],[151.2525315,-33.9809502],[151.2525388,-33.98099],[151.2525462,-33.9810041],[151.2525619,-33.981022],[151.2525775,-33.9810457],[151.2525934,-33.9810793],[151.2526146,-33.9811356],[151.2526338,-33.9812043],[151.2526409,-33.9812272],[151.2526433,-33.9812497],[151.2526409,-33.9813133],[151.2526099,-33.9813965],[151.2525913,-33.9814464],[151.2524887,-33.9820181],[151.2524772,-33.9821734],[151.2524591,-33.9822531],[151.2524571,-33.9822716],[151.2524589,-33.9823038],[151.2524606,-33.98234],[151.2524604,-33.9823706],[151.2524422,-33.9824991],[151.2524343,-33.9825889],[151.2524317,-33.9827734],[151.2524364,-33.9830245],[151.252495,-33.9832847],[151.2525189,-33.98336],[151.2525232,-33.9833786],[151.2525251,-33.9834022],[151.2525282,-33.983627]]]}},{"type":"Feature","properties":{"@id":"way/394668918","golf":"tee"},"geometry":{"type":"Polygon","coordinates":[[[151.2536021,-33.9830569],[151.2536059,-33.9830389],[151.2536147,-33.9830111],[151.2536288,-33.9829741],[151.2536285,-33.9829582],[151.2536245,-33.9829462],[151.253617,-33.9829408],[151.2536066,-33.9829381],[151.2535975,-33.9829394],[151.25359,-33.9829461],[151.2535826,-33.9829556],[151.2535366,-33.9830531],[151.2535018,-33.9831268],[151.2534946,-33.9831509],[151.2534932,-33.9831554],[151.2534956,-33.9831703],[151.2535022,-33.9831842],[151.2535116,-33.9831957],[151.2535302,-33.9832074],[151.2535562,-33.9832158],[151.2536334,-33.9832392],[151.2536486,-33.9832426],[151.2536616,-33.9832445],[151.2536726,-33.9832424],[151.2536848,-33.9832343],[151.2536934,-33.9832217],[151.2536965,-33.9832062],[151.2536922,-33.9831953],[151.2536825,-33.9831834],[151.2536429,-33.9831446],[151.2536262,-33.9831258],[151.2536157,-33.9831128],[151.2536061,-33.9830915],[151.2536026,-33.9830756],[151.2536021,-33.9830569]]]}},{"type":"Feature","properties":{"@id":"way/394668925","golf":"fairway"},"geometry":{"type":"Polygon","coordinates":[[[151.2502182,-33.989437],[151.2502583,-33.9893835],[151.2503124,-33.9892937],[151.2503521,-33.9892251],[151.2503817,-33.9891654],[151.2504064,-33.9891115],[151.2504275,-33.9890774],[151.2504688,-33.9890155],[151.2505112,-33.988963],[151.25055,-33.9889135],[151.2505975,-33.9888506],[151.2506561,-33.9887877],[151.2507235,-33.9887315],[151.250779,-33.9886871],[151.2508559,-33.9886193],[151.2509268,-33.9885467],[151.2509836,-33.9884918],[151.2510383,-33.9884537],[151.2510705,-33.9884279],[151.2511071,-33.9883919],[151.2511305,-33.9883559],[151.2511556,-33.9883114],[151.2511691,-33.9882742],[151.2511822,-33.9882163],[151.2511955,-33.9881526],[151.2512054,-33.9880984],[151.2512129,-33.9880307],[151.2512135,-33.9879823],[151.2512148,-33.9878867],[151.2512184,-33.9877512],[151.251222,-33.9876579],[151.2512265,-33.9875881],[151.2512294,-33.9875404],[151.2512306,-33.9874914],[151.2512319,-33.9874382],[151.2512373,-33.9874104],[151.251242,-33.9873895],[151.2512477,-33.9873658],[151.2512509,-33.987343],[151.2512516,-33.9873293],[151.2512507,-33.9873137],[151.2512444,-33.9873],[151.2512349,-33.9872836],[151.2512282,-33.9872714],[151.2512239,-33.9872584],[151.2512227,-33.9872448],[151.2512249,-33.9872298],[151.251228,-33.9872154],[151.2512325,-33.9872011],[151.2512386,-33.9871859],[151.2512434,-33.9871719],[151.251249,-33.9871616],[151.2512575,-33.9871475],[151.2512709,-33.9871274],[151.2512865,-33.9871124],[151.2513036,-33.9870983],[151.2513169,-33.9870849],[151.2513319,-33.9870658],[151.2513419,-33.9870482],[151.2513489,-33.9870329],[151.2513496,-33.9870142],[151.2513462,-33.9869869],[151.2513425,-33.9869641],[151.2513404,-33.9869433],[151.2513401,-33.9869284],[151.2513419,-33.986919],[151.2513488,-33.9869079],[151.2513611,-33.986896],[151.2513769,-33.9868808],[151.2513881,-33.9868676],[151.2513936,-33.9868585],[151.2514001,-33.9868476],[151.251407,-33.9868374],[151.2514106,-33.9868271],[151.2514105,-33.9868159],[151.2514073,-33.9868063],[151.2513994,-33.9867995],[151.251388,-33.9867934],[151.2513759,-33.9867844],[151.2513596,-33.9867718],[151.2513446,-33.9867614],[151.2513338,-33.9867523],[151.2513192,-33.9867398],[151.2513002,-33.9867252],[151.2512745,-33.9867135],[151.2512547,-33.9867057],[151.2512384,-33.9867005],[151.2512172,-33.9866973],[151.2511963,-33.9866952],[151.2511773,-33.9866941],[151.251154,-33.9866945],[151.2511322,-33.9866951],[151.2511104,-33.9866983],[151.2510908,-33.9867027],[151.2510763,-33.9867072],[151.2510616,-33.986713],[151.2510464,-33.9867225],[151.2510347,-33.9867318],[151.2510243,-33.9867415],[151.251015,-33.9867502],[151.2510059,-33.9867601],[151.2509966,-33.9867683],[151.2509864,-33.9867766],[151.2509776,-33.9867834],[151.2509659,-33.9867884],[151.2509521,-33.9867923],[151.2509385,-33.9867979],[151.2509283,-33.9868037],[151.2509181,-33.9868104],[151.2509102,-33.9868189],[151.2509048,-33.9868281],[151.2509017,-33.986838],[151.2509016,-33.9868485],[151.250904,-33.9868578],[151.2509073,-33.9868675],[151.2509127,-33.98688],[151.2509203,-33.9868934],[151.2509314,-33.9869054],[151.2509397,-33.9869151],[151.2509453,-33.9869244],[151.250949,-33.9869331],[151.2509509,-33.9869404],[151.2509487,-33.9869472],[151.2509453,-33.9869551],[151.2509376,-33.9869611],[151.2509268,-33.9869669],[151.2509133,-33.9869726],[151.2508993,-33.9869776],[151.2509826,-33.987007],[151.2509511,-33.9870698],[151.2509383,-33.9871423],[151.2509509,-33.9872179],[151.25096,-33.987289],[151.2509716,-33.9873054],[151.250979,-33.9873193],[151.2509856,-33.9873396],[151.2509895,-33.9873568],[151.2509886,-33.9874029],[151.2509714,-33.9876048],[151.2509496,-33.9877429],[151.2509211,-33.9878769],[151.2509106,-33.9879393],[151.2508993,-33.9879949],[151.2508749,-33.9880819],[151.2508372,-33.9881778],[151.2507845,-33.9882859],[151.2507589,-33.9883358],[151.2507211,-33.9883933],[151.2506771,-33.9884571],[151.2506142,-33.9885339],[151.2504869,-33.9886706],[151.2504589,-33.988694],[151.2504235,-33.9887227],[151.2503933,-33.988744],[151.2503615,-33.9887631],[151.2503221,-33.9887867],[151.2502779,-33.9888123],[151.2502534,-33.9888305],[151.2502406,-33.9888535],[151.2502333,-33.9888883],[151.2502289,-33.988923],[151.2502227,-33.9889498],[151.2502013,-33.9889832],[151.2501712,-33.9890304],[151.2501231,-33.9891083],[151.2500836,-33.9891722],[151.2500051,-33.989273],[151.2499837,-33.9893136],[151.2499679,-33.9893473],[151.2499513,-33.9893784],[151.2499348,-33.9894044],[151.249921,-33.989427],[151.2499142,-33.9894462],[151.24991,-33.9894632],[151.2499086,-33.9894844],[151.2499106,-33.9895059],[151.2499134,-33.9895253],[151.2499209,-33.989545],[151.2499347,-33.9895636],[151.2499504,-33.9895745],[151.2499695,-33.9895827],[151.2499917,-33.9895869],[151.2500124,-33.9895862],[151.2500339,-33.9895792],[151.2500706,-33.9895636],[151.2500946,-33.9895509],[151.2501173,-33.9895367],[151.2501488,-33.9895139],[151.2501751,-33.9894858],[151.2502182,-33.989437]]]}},{"type":"Feature","properties":{"@id":"way/394668926","golf":"fairway"},"geometry":{"type":"Polygon","coordinates":[[[151.2513704,-33.985763],[151.2513184,-33.9858118],[151.2512661,-33.9858719],[151.2512345,-33.9858997],[151.2511935,-33.9859187],[151.2511361,-33.9859304],[151.2510747,-33.9859387],[151.2510209,-33.9859429],[151.250951,-33.985937],[151.2508767,-33.9859387],[151.2508133,-33.9859456],[151.2507507,-33.9859599],[151.2506886,-33.985977],[151.2506264,-33.9859924],[151.2505762,-33.9860081],[151.2505218,-33.9860307],[151.2504408,-33.9860717],[151.2503757,-33.9860935],[151.2503024,-33.9861052],[151.2502417,-33.9861154],[151.2501836,-33.9861291],[151.2501198,-33.9861509],[151.2500434,-33.9861752],[151.2499836,-33.9861954],[151.2499197,-33.9862155],[151.2498593,-33.9862268],[151.249813,-33.9862325],[151.2497659,-33.9862255],[151.2497205,-33.9862135],[151.2496941,-33.9862027],[151.2496721,-33.9861947],[151.2496499,-33.9861948],[151.2496249,-33.9862028],[151.2496045,-33.9862118],[151.2495712,-33.9862205],[151.249541,-33.9862227],[151.2495119,-33.9862197],[151.2494819,-33.9862115],[151.2494521,-33.9862032],[151.2494175,-33.9861932],[151.2493681,-33.9861879],[151.2493261,-33.9861893],[151.2492846,-33.9862004],[151.2492482,-33.9862227],[151.249218,-33.986247],[151.2491911,-33.9862695],[151.2491622,-33.9863029],[151.2491448,-33.9863387],[151.2491332,-33.9863753],[151.2490985,-33.9864047],[151.2490329,-33.9864102],[151.2489615,-33.9864014],[151.2489076,-33.9863978],[151.2488601,-33.9864163],[151.2488104,-33.9864181],[151.2487732,-33.9863911],[151.2487517,-33.9863491],[151.248731,-33.9863284],[151.2486924,-33.9863226],[151.248657,-33.986328],[151.2486262,-33.986339],[151.2485893,-33.9863537],[151.2485479,-33.9863591],[151.2484739,-33.9863663],[151.2483998,-33.9863504],[151.2483605,-33.9863275],[151.248351,-33.9863002],[151.2483721,-33.9862633],[151.2484206,-33.9862274],[151.2485428,-33.9861857],[151.2488553,-33.9861004],[151.2490311,-33.9860482],[151.2491778,-33.9860033],[151.2493131,-33.9859601],[151.2494606,-33.9859162],[151.2495807,-33.9858738],[151.2497022,-33.9858392],[151.2498052,-33.9858065],[151.2499225,-33.9857784],[151.2499912,-33.9857594],[151.2500404,-33.9857426],[151.2500551,-33.9857308],[151.250065,-33.9856974],[151.2500547,-33.9856588],[151.2500419,-33.9856371],[151.2500162,-33.9856163],[151.2499138,-33.9855851],[151.2498276,-33.9855653],[151.2497456,-33.9855569],[151.249692,-33.9855576],[151.2496248,-33.9855625],[151.2494544,-33.9855966],[151.2492907,-33.9856385],[151.2491236,-33.9856786],[151.248965,-33.9857167],[151.2488168,-33.985753],[151.248609,-33.985799],[151.2484034,-33.985858],[151.2482005,-33.9859172],[151.2479815,-33.9859843],[151.2477765,-33.9860543],[151.2476907,-33.9860804],[151.2476122,-33.9860987],[151.247578,-33.9861042],[151.2475475,-33.9861103],[151.2475143,-33.9861174],[151.2474766,-33.9861267],[151.2474379,-33.9861347],[151.2473696,-33.9861487],[151.2472571,-33.98616],[151.2471832,-33.9861667],[151.2471152,-33.9861784],[151.2470102,-33.9862028],[151.246755,-33.9862656],[151.2465283,-33.9863211],[151.2463984,-33.9863518],[151.2463069,-33.9863704],[151.2462392,-33.9863889],[151.2461712,-33.9864103],[151.2461343,-33.9864259],[151.2461118,-33.9864387],[151.246096,-33.9864594],[151.2460785,-33.9864877],[151.2460702,-33.986513],[151.2460716,-33.9865343],[151.2460789,-33.9865527],[151.2460943,-33.9865742],[151.2461168,-33.9865937],[151.2461399,-33.9865998],[151.2461691,-33.9866004],[151.2462057,-33.986587],[151.2462505,-33.9865656],[151.2463103,-33.9865358],[151.2463498,-33.9865176],[151.246394,-33.9864949],[151.2464448,-33.9864863],[151.2464816,-33.9864802],[151.2465295,-33.9864896],[151.2465772,-33.9865117],[151.2466025,-33.9865279],[151.24663,-33.986543],[151.2466617,-33.9865511],[151.2467075,-33.9865529],[151.2467893,-33.9865415],[151.2468456,-33.9865228],[151.2469021,-33.9864945],[151.2469553,-33.9864538],[151.2470647,-33.9864176],[151.2471351,-33.9864175],[151.2471663,-33.986422],[151.2471975,-33.9864265],[151.2472734,-33.9864518],[151.2473488,-33.9864606],[151.247508,-33.9864457],[151.2477373,-33.9864187],[151.2478339,-33.9864087],[151.2478974,-33.9864051],[151.2479717,-33.9864049],[151.2480011,-33.9864102],[151.2480363,-33.9864255],[151.2480744,-33.9864476],[151.2481046,-33.9864691],[151.2481261,-33.9864969],[151.2481421,-33.9865279],[151.24815,-33.9865599],[151.2481557,-33.9865887],[151.2481672,-33.9866276],[151.2481886,-33.9866667],[151.2482187,-33.9866997],[151.2482465,-33.9867229],[151.2482845,-33.986741],[151.2483114,-33.9867542],[151.2483427,-33.9867635],[151.2483702,-33.9867673],[151.2484018,-33.9867684],[151.2484434,-33.986764],[151.2485071,-33.986751],[151.2485598,-33.9867403],[151.2486415,-33.9867204],[151.2487173,-33.9866964],[151.248805,-33.9866767],[151.2490252,-33.9866538],[151.2490932,-33.9866478],[151.2491295,-33.9866456],[151.2491722,-33.9866487],[151.2492223,-33.9866536],[151.2492716,-33.9866588],[151.2493183,-33.9866683],[151.2493696,-33.9866707],[151.249455,-33.9866663],[151.2495359,-33.9866569],[151.2496417,-33.9866358],[151.2498321,-33.9865948],[151.2498993,-33.9865776],[151.2499618,-33.9865568],[151.2500319,-33.986527],[151.2501239,-33.9864873],[151.2502413,-33.986432],[151.2503983,-33.9863561],[151.2504899,-33.9863174],[151.2505901,-33.9862861],[151.2508532,-33.9862135],[151.25093,-33.9861904],[151.2510019,-33.9861692],[151.2511033,-33.986136],[151.2511891,-33.986111],[151.2512668,-33.9860894],[151.251291,-33.9860866],[151.2513152,-33.986087],[151.2513444,-33.986093],[151.2513743,-33.9861006],[151.2514016,-33.9861075],[151.2514329,-33.9861139],[151.251463,-33.9861179],[151.2514923,-33.9861193],[151.2515322,-33.9861167],[151.2515596,-33.9861086],[151.2515834,-33.9861002],[151.2516001,-33.9860854],[151.2516152,-33.9860591],[151.2516197,-33.9860393],[151.2516346,-33.9859909],[151.2516396,-33.9859319],[151.2516346,-33.9858817],[151.2516211,-33.9858338],[151.2515919,-33.9858007],[151.2515542,-33.9857712],[151.2515275,-33.9857591],[151.2514951,-33.9857494],[151.2514488,-33.9857405],[151.251406,-33.9857488],[151.2513704,-33.985763]]]}},{"type":"Feature","properties":{"@id":"way/394668928","golf":"hole","ref":"3","par":"5"},"geometry":{"type":"LineString","coordinates":[[151.2523651,-33.9847633],[151.2525976,-33.9829404],[151.252667,-33.9810653],[151.2525767,-33.9806574]]}},{"type":"Feature","properties":{"@id":"way/394668929","golf":"hole","ref":"4","par":"3"},"geometry":{"type":"LineString","coordinates":[[151.2530098,-33.9815937],[151.2532248,-33.9825254],[151.253383,-33.9827772]]}},{"type":"Feature","properties":{"@id":"way/394668930","golf":"hole","ref":"5","par":"4"},"geometry":{"type":"LineString","coordinates":[[151.2535761,-33.9831573],[151.2524198,-33.9853689],[151.2521216,-33.9859602]]}},{"type":"Feature","properties":{"@id":"way/394668933","golf":"hole","ref":"6","par":"5"},"geometry":{"type":"LineString","coordinates":[[151.246445,-33.9874066],[151.2488977,-33.9865879],[151.2506778,-33.9861473],[151.2514641,-33.9859464]]}},{"type":"Feature","properties":{"@id":"way/394668934","golf":"hole","ref":"6","par":"5"},"geometry":{"type":"LineString","coordinates":[[151.2520067,-33.9852058],[151.249964,-33.9845344],[151.2471115,-33.9841635]]}},{"type":"Feature","properties":{"@id":"way/394855971","golf":"bunker","natural":"sand"},"geometry":{"type":"Polygon","coordinates":[[[151.2543074,-33.9772379],[151.2542941,-33.9772386],[151.2542778,-33.9772418],[151.2542675,-33.9772452],[151.2542599,-33.9772491],[151.2542564,-33.9772534],[151.2542549,-33.977258],[151.2542556,-33.9772638],[151.2542584,-33.9772682],[151.2542648,-33.9772721],[151.2542703,-33.9772734],[151.2542799,-33.9772749],[151.2542881,-33.9772749],[151.2542962,-33.9772732],[151.2543054,-33.9772693],[151.2543144,-33.9772654],[151.2543194,-33.9772618],[151.2543241,-33.977257],[151.2543253,-33.9772524],[151.2543251,-33.977247],[151.254321,-33.9772428],[151.2543149,-33.9772392],[151.2543074,-33.9772379]]]}},{"type":"Feature","properties":{"@id":"way/394855977","natural":"scrub"},"geometry":{"type":"Polygon","coordinates":[[[151.2501449,-33.9814723],[151.2501236,-33.9814662],[151.2500972,-33.98147],[151.2500808,-33.9814787],[151.2500596,-33.9814844],[151.2500514,-33.9814812],[151.2500494,-33.9814774],[151.2500394,-33.9814663],[151.2500282,-33.9814594],[151.2499999,-33.9814639],[151.2499594,-33.9814671],[151.2499354,-33.9814649],[151.2499059,-33.9814689],[151.2498838,-33.9814782],[151.2498657,-33.9814914],[151.2498555,-33.9815087],[151.2498478,-33.9815266],[151.2498483,-33.981541],[151.2498638,-33.9815877],[151.2498789,-33.9816259],[151.249895,-33.9816523],[151.2499085,-33.9816719],[151.249923,-33.9816826],[151.249947,-33.981687],[151.2499716,-33.9816888],[151.2499976,-33.9816852],[151.2500216,-33.9816836],[151.2500323,-33.9816783],[151.2500376,-33.9816702],[151.2500443,-33.9816632],[151.2500559,-33.9816593],[151.2501018,-33.9816422],[151.2501098,-33.9816374],[151.2501142,-33.9816298],[151.2501166,-33.9815942],[151.2501274,-33.9815819],[151.2501462,-33.9815598],[151.2501523,-33.9815336],[151.2501524,-33.98151],[151.2501502,-33.9814886],[151.2501449,-33.9814723]]]}},{"type":"Feature","properties":{"@id":"way/394855980","golf":"fairway","natural":"grass"},"geometry":{"type":"Polygon","coordinates":[[[151.2486114,-33.977477],[151.2485902,-33.9774469],[151.2485709,-33.977422],[151.248551,-33.9774036],[151.2485234,-33.9773895],[151.2484974,-33.9773794],[151.2484678,-33.9773734],[151.248439,-33.9773713],[151.2484136,-33.9773729],[151.2483903,-33.9773758],[151.2483657,-33.9773822],[151.2483442,-33.9773924],[151.2483279,-33.9774013],[151.2483083,-33.9774147],[151.2482893,-33.9774319],[151.2482757,-33.9774528],[151.2482701,-33.9774744],[151.2482683,-33.9774953],[151.2482706,-33.9775211],[151.2482747,-33.9775442],[151.2482835,-33.9775634],[151.2482959,-33.9775868],[151.2483143,-33.9776081],[151.248332,-33.9776289],[151.248352,-33.977647],[151.2483693,-33.9776597],[151.2483845,-33.9776669],[151.2484122,-33.9776785],[151.2484442,-33.9776888],[151.2484806,-33.9776983],[151.2485062,-33.9777031],[151.2485348,-33.9777065],[151.2485564,-33.9777074],[151.2485728,-33.9777005],[151.248589,-33.9776857],[151.2485975,-33.977672],[151.2486308,-33.9776177],[151.2486368,-33.977607],[151.2486456,-33.9775945],[151.2486542,-33.9775799],[151.2486565,-33.9775716],[151.2486554,-33.9775582],[151.2486505,-33.9775434],[151.2486435,-33.9775281],[151.2486344,-33.9775133],[151.2486114,-33.977477]]]}},{"type":"Feature","properties":{"@id":"way/394855982","golf":"tee"},"geometry":{"type":"Polygon","coordinates":[[[151.2493255,-33.9813319],[151.2493183,-33.9813259],[151.2493072,-33.9813206],[151.2492978,-33.9813185],[151.2492884,-33.9813193],[151.2492779,-33.9813234],[151.2492709,-33.9813298],[151.2492638,-33.9813398],[151.2492577,-33.9813534],[151.2492487,-33.9813706],[151.2492355,-33.981386],[151.2492208,-33.9814175],[151.24922,-33.9814293],[151.2492223,-33.9814366],[151.2492252,-33.9814423],[151.2492291,-33.9814476],[151.2492359,-33.9814519],[151.2492438,-33.9814541],[151.2492517,-33.9814568],[151.2492605,-33.9814568],[151.2492709,-33.9814574],[151.2492796,-33.9814578],[151.2492863,-33.9814596],[151.2492914,-33.9814644],[151.2492993,-33.9814702],[151.2493073,-33.9814739],[151.2493151,-33.9814742],[151.2493226,-33.981471],[151.2493273,-33.9814651],[151.2493295,-33.9814571],[151.24933,-33.981447],[151.249328,-33.9814357],[151.249327,-33.9814266],[151.2493292,-33.9814162],[151.249334,-33.9814053],[151.249336,-33.9813607],[151.2493343,-33.9813483],[151.2493319,-33.9813397],[151.2493255,-33.9813319]]]}},{"type":"Feature","properties":{"@id":"way/394855984","golf":"tee"},"geometry":{"type":"Polygon","coordinates":[[[151.2495669,-33.981577],[151.2495561,-33.9815735],[151.2495458,-33.9815736],[151.2495365,-33.9815761],[151.2495297,-33.9815803],[151.2495225,-33.9815883],[151.2495186,-33.9815971],[151.2495172,-33.9816075],[151.2495191,-33.9816189],[151.2495247,-33.981629],[151.2495301,-33.9816369],[151.2495381,-33.9816421],[151.2495494,-33.9816429],[151.2495571,-33.9816396],[151.249566,-33.9816337],[151.2495723,-33.9816251],[151.2495791,-33.9816145],[151.2495823,-33.9816028],[151.249582,-33.981593],[151.249578,-33.9815833],[151.2495669,-33.981577]]]}},{"type":"Feature","properties":{"@id":"way/394855990","golf":"tee"},"geometry":{"type":"Polygon","coordinates":[[[151.2507835,-33.9769842],[151.2507918,-33.9769772],[151.2508024,-33.9769609],[151.2508076,-33.9769512],[151.2508095,-33.9769417],[151.2508089,-33.9769341],[151.2508044,-33.976925],[151.2507993,-33.9769206],[151.2507926,-33.9769175],[151.2507792,-33.9769154],[151.2507708,-33.9769175],[151.2507607,-33.9769225],[151.2507545,-33.9769299],[151.2507467,-33.9769502],[151.2507452,-33.9769615],[151.250746,-33.9769724],[151.2507509,-33.976982],[151.2507603,-33.9769862],[151.250771,-33.9769881],[151.2507835,-33.9769842]]]}},{"type":"Feature","properties":{"@id":"way/394855992","golf":"bunker","natural":"sand"},"geometry":{"type":"Polygon","coordinates":[[[151.2571073,-33.9764239],[151.2570999,-33.9764214],[151.2570922,-33.9764208],[151.2570853,-33.9764214],[151.2570779,-33.9764229],[151.2570711,-33.9764266],[151.257043,-33.9764604],[151.257034,-33.9764675],[151.2570308,-33.9764719],[151.2570269,-33.9764778],[151.2570264,-33.9764855],[151.2570264,-33.9764932],[151.2570283,-33.9765009],[151.2570335,-33.9765059],[151.2570407,-33.9765078],[151.2570542,-33.9765072],[151.2570737,-33.976507],[151.257086,-33.9765055],[151.2570921,-33.9765023],[151.2571,-33.9764971],[151.2571115,-33.9764855],[151.2571202,-33.9764766],[151.2571241,-33.9764704],[151.2571267,-33.9764629],[151.2571291,-33.9764548],[151.2571283,-33.9764467],[151.2571256,-33.9764396],[151.2571206,-33.9764344],[151.2571136,-33.9764281],[151.2571073,-33.9764239]]]}},{"type":"Feature","properties":{"@id":"way/394855995","golf":"tee","natural":"grass"},"geometry":{"type":"Polygon","coordinates":[[[151.2563324,-33.9767641],[151.2563161,-33.9767666],[151.2563015,-33.9767701],[151.2562879,-33.9767753],[151.2562757,-33.9767819],[151.256268,-33.976789],[151.2562637,-33.9767988],[151.2562627,-33.976807],[151.2562649,-33.9768162],[151.2562716,-33.9768225],[151.2562819,-33.9768261],[151.2562925,-33.9768279],[151.2563045,-33.9768282],[151.2563218,-33.9768267],[151.2563371,-33.9768246],[151.2563457,-33.976822],[151.2563576,-33.9768178],[151.2563675,-33.9768116],[151.2563733,-33.976806],[151.2563767,-33.9767994],[151.2563768,-33.9767898],[151.256376,-33.9767821],[151.2563718,-33.9767744],[151.2563638,-33.9767695],[151.2563534,-33.9767657],[151.2563429,-33.9767637],[151.2563324,-33.9767641]]]}},{"type":"Feature","properties":{"@id":"way/394855997","golf":"tee","natural":"grass"},"geometry":{"type":"Polygon","coordinates":[[[151.2561479,-33.9767176],[151.2561344,-33.976716],[151.2561198,-33.9767165],[151.2561086,-33.976719],[151.2560754,-33.9767336],[151.2560686,-33.976737],[151.2560619,-33.9767432],[151.2560573,-33.9767514],[151.2560561,-33.976759],[151.2560574,-33.9767658],[151.2560603,-33.9767737],[151.256064,-33.9767808],[151.2560704,-33.9767878],[151.2560794,-33.9767949],[151.2560896,-33.9768025],[151.2560997,-33.9768059],[151.2561154,-33.9768088],[151.256129,-33.976809],[151.2561399,-33.9768061],[151.2561487,-33.9767995],[151.2561588,-33.9767917],[151.2561658,-33.9767838],[151.2561704,-33.9767769],[151.2561757,-33.9767688],[151.2561795,-33.9767593],[151.2561803,-33.9767508],[151.2561786,-33.9767417],[151.2561742,-33.9767313],[151.2561608,-33.9767222],[151.2561479,-33.9767176]]]}},{"type":"Feature","properties":{"@id":"way/394855999","golf":"tee","natural":"grass"},"geometry":{"type":"Polygon","coordinates":[[[151.2529446,-33.9761892],[151.252928,-33.9761811],[151.2529104,-33.9761755],[151.252891,-33.976176],[151.252877,-33.9761789],[151.2528657,-33.9761872],[151.2528595,-33.9761994],[151.2528589,-33.9762112],[151.2528629,-33.9762247],[151.2528678,-33.9762308],[151.2528779,-33.976239],[151.2528915,-33.9762429],[151.252909,-33.9762441],[151.2529272,-33.9762396],[151.2529417,-33.9762343],[151.252952,-33.9762271],[151.2529586,-33.9762202],[151.2529622,-33.9762107],[151.2529563,-33.9761996],[151.2529446,-33.9761892]]]}},{"type":"Feature","properties":{"@id":"way/394856002","golf":"tee","natural":"grass"},"geometry":{"type":"Polygon","coordinates":[[[151.2511321,-33.97609],[151.2511173,-33.97609],[151.2511089,-33.9760931],[151.2510965,-33.9760991],[151.2510871,-33.9761046],[151.2510789,-33.9761106],[151.251071,-33.9761166],[151.2510642,-33.9761237],[151.2510603,-33.9761308],[151.2510582,-33.9761374],[151.2510585,-33.9761435],[151.2510596,-33.9761479],[151.2510629,-33.9761557],[151.2510663,-33.9761611],[151.2510717,-33.976166],[151.2510798,-33.9761696],[151.2510871,-33.9761714],[151.2510959,-33.9761721],[151.2511252,-33.9761709],[151.2511333,-33.9761696],[151.2511423,-33.9761663],[151.2511587,-33.9761593],[151.2511639,-33.9761557],[151.251175,-33.9761453],[151.2511781,-33.9761396],[151.2511787,-33.9761339],[151.2511783,-33.976122],[151.2511763,-33.9761167],[151.2511679,-33.9761041],[151.2511628,-33.9760983],[151.2511529,-33.9760937],[151.251143,-33.9760912],[151.2511321,-33.97609]]]}},{"type":"Feature","properties":{"@id":"way/394856004","golf":"tee"},"geometry":{"type":"Polygon","coordinates":[[[151.2469384,-33.9836389],[151.2469254,-33.9836318],[151.2469116,-33.9836266],[151.2469024,-33.9836262],[151.2468902,-33.983629],[151.2468842,-33.9836331],[151.2468777,-33.9836402],[151.2468744,-33.9836509],[151.2468761,-33.9836603],[151.2468848,-33.9836717],[151.2469021,-33.9836811],[151.2469128,-33.9836846],[151.2469253,-33.983686],[151.2469352,-33.9836834],[151.2469438,-33.9836759],[151.246948,-33.983667],[151.2469505,-33.9836592],[151.2469496,-33.9836504],[151.2469455,-33.9836444],[151.2469384,-33.9836389]]]}},{"type":"Feature","properties":{"@id":"way/394856006","golf":"tee","natural":"grass"},"geometry":{"type":"Polygon","coordinates":[[[151.2560096,-33.9767865],[151.2560015,-33.9767796],[151.2559961,-33.9767746],[151.2559864,-33.9767703],[151.255976,-33.9767666],[151.255967,-33.9767665],[151.2559577,-33.9767697],[151.2559501,-33.976774],[151.2559431,-33.976782],[151.2559414,-33.9767907],[151.2559423,-33.9767987],[151.2559438,-33.9768051],[151.255949,-33.9768126],[151.2559558,-33.9768203],[151.2559657,-33.9768292],[151.2559751,-33.9768327],[151.2559875,-33.9768354],[151.2559984,-33.9768374],[151.256008,-33.9768364],[151.2560153,-33.9768331],[151.2560212,-33.9768274],[151.2560254,-33.9768213],[151.2560253,-33.9768138],[151.2560232,-33.976805],[151.25602,-33.976799],[151.2560145,-33.9767912],[151.2560096,-33.9767865]]]}},{"type":"Feature","properties":{"@id":"way/394856009","golf":"bunker","natural":"sand"},"geometry":{"type":"Polygon","coordinates":[[[151.2543997,-33.9771602],[151.2543725,-33.9772054],[151.2543734,-33.9772117],[151.2543801,-33.9772175],[151.2543876,-33.9772189],[151.2543955,-33.9772168],[151.2544025,-33.9772124],[151.2544106,-33.9772059],[151.2544195,-33.9771975],[151.2544304,-33.9771808],[151.2544321,-33.9771732],[151.2544304,-33.9771656],[151.2544259,-33.9771585],[151.2544179,-33.9771553],[151.254409,-33.9771557],[151.2543997,-33.9771602]]]}},{"type":"Feature","properties":{"@id":"way/394856011","natural":"wood"},"geometry":{"type":"Polygon","coordinates":[[[151.2489348,-33.9822345],[151.2489008,-33.9822009],[151.2488448,-33.9821609],[151.2488239,-33.9821582],[151.248798,-33.982152],[151.2487798,-33.9821329],[151.2487579,-33.9820885],[151.2487294,-33.9820687],[151.2486906,-33.9820494],[151.2486465,-33.9820296],[151.2486156,-33.9820092],[151.2485893,-33.9819996],[151.2485634,-33.9820057],[151.2485328,-33.9820273],[151.2484412,-33.9820921],[151.2484256,-33.9821049],[151.248421,-33.9821239],[151.2484298,-33.9821438],[151.248445,-33.9821718],[151.2484412,-33.9821859],[151.2484302,-33.9821994],[151.2483426,-33.982233],[151.2482662,-33.9822963],[151.2482472,-33.9823126],[151.2482382,-33.9823265],[151.2482345,-33.9823446],[151.2482506,-33.9823697],[151.2482729,-33.9823913],[151.2482972,-33.9824031],[151.2483099,-33.9824208],[151.2483571,-33.9824388],[151.2484579,-33.982461],[151.2485634,-33.9824808],[151.2486251,-33.9824955],[151.2486427,-33.9825031],[151.2486654,-33.9825264],[151.2486923,-33.9825383],[151.2487304,-33.9825397],[151.2487581,-33.9825326],[151.2488085,-33.9825332],[151.2489334,-33.9825173],[151.2489703,-33.9825118],[151.2489875,-33.9824977],[151.2489991,-33.9824821],[151.2490088,-33.9824615],[151.2490045,-33.9824272],[151.2489874,-33.9823804],[151.2489698,-33.9823401],[151.2489663,-33.982332],[151.2489478,-33.9822704],[151.2489348,-33.9822345]]]}},{"type":"Feature","properties":{"@id":"way/394856014","golf":"tee"},"geometry":{"type":"Polygon","coordinates":[[[151.2469792,-33.9835694],[151.2469644,-33.9835642],[151.2469555,-33.9835618],[151.2469466,-33.9835615],[151.2469366,-33.9835631],[151.2469308,-33.9835678],[151.2469263,-33.9835733],[151.2469247,-33.9835808],[151.246927,-33.9835887],[151.246933,-33.9835958],[151.2469406,-33.9836024],[151.2469507,-33.9836104],[151.2469693,-33.9836171],[151.24698,-33.9836185],[151.2469914,-33.9836169],[151.2470007,-33.9836115],[151.2470066,-33.983604],[151.2470067,-33.9835944],[151.2470014,-33.9835855],[151.2469948,-33.9835791],[151.2469792,-33.9835694]]]}},{"type":"Feature","properties":{"@id":"way/394856016","golf":"bunker","natural":"sand"},"geometry":{"type":"Polygon","coordinates":[[[151.2519374,-33.9843421],[151.2519471,-33.9843341],[151.2519497,-33.9843215],[151.2519472,-33.9843123],[151.2519407,-33.9842985],[151.2519326,-33.9842889],[151.2519233,-33.984285],[151.2519132,-33.984283],[151.2519051,-33.9842835],[151.2519004,-33.9842855],[151.2518934,-33.9842929],[151.2518889,-33.984301],[151.2518869,-33.9843106],[151.2518872,-33.9843178],[151.2518878,-33.9843292],[151.2518926,-33.9843401],[151.2519047,-33.9843488],[151.2519149,-33.9843522],[151.2519276,-33.9843484],[151.2519374,-33.9843421]]]}},{"type":"Feature","properties":{"@id":"way/394856026","golf":"tee"},"geometry":{"type":"Polygon","coordinates":[[[151.2504632,-33.9791276],[151.2504544,-33.9791149],[151.2504417,-33.9791019],[151.2504328,-33.9790942],[151.2504215,-33.979088],[151.2504085,-33.9790853],[151.250391,-33.9790854],[151.2503786,-33.9790879],[151.250368,-33.9790926],[151.2503628,-33.9790984],[151.2503592,-33.9791031],[151.2503561,-33.9791093],[151.2503558,-33.9791197],[151.2503585,-33.979128],[151.2503642,-33.9791378],[151.2503716,-33.9791472],[151.250388,-33.9791624],[151.2504025,-33.9791721],[151.2504161,-33.9791797],[151.2504299,-33.9791837],[151.2504418,-33.9791859],[151.2504512,-33.9791859],[151.2504588,-33.9791823],[151.2504649,-33.9791782],[151.2504689,-33.9791699],[151.2504711,-33.9791621],[151.2504719,-33.9791524],[151.250471,-33.9791437],[151.2504675,-33.979135],[151.2504632,-33.9791276]]]}},{"type":"Feature","properties":{"@id":"way/394856028","golf":"tee","natural":"grass"},"geometry":{"type":"Polygon","coordinates":[[[151.2507596,-33.9756819],[151.2507529,-33.9756779],[151.2507453,-33.9756755],[151.2507387,-33.9756749],[151.2507312,-33.9756758],[151.250724,-33.9756786],[151.2507188,-33.9756816],[151.2507126,-33.975686],[151.2507033,-33.9756957],[151.2506996,-33.9757019],[151.2506968,-33.9757085],[151.2506956,-33.9757134],[151.2506961,-33.9757228],[151.2506983,-33.9757304],[151.250702,-33.9757342],[151.2507075,-33.9757374],[151.2507149,-33.9757399],[151.2507236,-33.9757408],[151.2507316,-33.9757396],[151.2507372,-33.9757377],[151.2507446,-33.9757333],[151.2507498,-33.9757292],[151.2507556,-33.975722],[151.2507582,-33.9757161],[151.2507611,-33.9757071],[151.2507634,-33.9757001],[151.2507639,-33.9756935],[151.2507632,-33.9756871],[151.2507596,-33.9756819]]]}},{"type":"Feature","properties":{"@id":"way/394856031","golf":"fairway"},"geometry":{"type":"Polygon","coordinates":[[[151.2514856,-33.976357],[151.2514699,-33.9763429],[151.2514082,-33.9763022],[151.2513995,-33.9762993],[151.2513853,-33.9762963],[151.2513726,-33.9762956],[151.2513582,-33.9762967],[151.2513467,-33.9762988],[151.251332,-33.9763039],[151.2513166,-33.9763154],[151.2513037,-33.9763287],[151.2512902,-33.9763475],[151.2512508,-33.9764092],[151.2512041,-33.9764705],[151.2511864,-33.9764915],[151.2511759,-33.9765078],[151.2511711,-33.9765216],[151.2511692,-33.976533],[151.251169,-33.9765443],[151.2511702,-33.9765646],[151.2511711,-33.9765862],[151.2511737,-33.9766073],[151.251176,-33.9766273],[151.2511789,-33.9766417],[151.2511853,-33.9766544],[151.2511977,-33.9766715],[151.25121,-33.9766874],[151.2512221,-33.976698],[151.2512352,-33.9767075],[151.2512492,-33.9767147],[151.2512586,-33.9767182],[151.2512694,-33.9767208],[151.2512858,-33.9767222],[151.251298,-33.9767228],[151.2513108,-33.9767228],[151.2513241,-33.9767224],[151.2513359,-33.9767196],[151.2513492,-33.9767154],[151.2513621,-33.9767083],[151.2513716,-33.9767019],[151.2513798,-33.9766953],[151.2513844,-33.9766895],[151.2513913,-33.9766815],[151.2513957,-33.9766729],[151.2513981,-33.9766642],[151.2513988,-33.9766544],[151.2513991,-33.9766436],[151.2514004,-33.9766344],[151.2514696,-33.9765413],[151.2514951,-33.9765235],[151.2515049,-33.9765079],[151.2515115,-33.9764715],[151.2515117,-33.9764413],[151.2515081,-33.9764079],[151.2515032,-33.976385],[151.2514971,-33.97637],[151.2514856,-33.976357]]]}},{"type":"Feature","properties":{"@id":"way/394856036","golf":"tee"},"geometry":{"type":"Polygon","coordinates":[[[151.2503446,-33.9790107],[151.2503312,-33.9790046],[151.2503145,-33.979],[151.2502965,-33.9789954],[151.2502796,-33.9789927],[151.2502629,-33.9789904],[151.2502488,-33.9789903],[151.2502392,-33.9789925],[151.2502308,-33.9789964],[151.2502257,-33.9790032],[151.2502222,-33.9790122],[151.2502221,-33.9790196],[151.2502243,-33.9790286],[151.2502315,-33.9790379],[151.2502891,-33.9790764],[151.2503032,-33.9790823],[151.2503157,-33.9790856],[151.2503278,-33.9790869],[151.2503422,-33.9790865],[151.2503545,-33.9790846],[151.2503661,-33.9790786],[151.2503759,-33.9790711],[151.2503804,-33.9790621],[151.2503817,-33.97905],[151.2503787,-33.9790378],[151.25037,-33.9790284],[151.2503612,-33.9790218],[151.2503446,-33.9790107]]]}},{"type":"Feature","properties":{"@id":"way/394856038","golf":"green"},"geometry":{"type":"Polygon","coordinates":[[[151.2542274,-33.9770938],[151.2542029,-33.9770979],[151.2541757,-33.9771083],[151.2541584,-33.9771192],[151.2541449,-33.9771338],[151.2541366,-33.9771497],[151.2541327,-33.9771663],[151.2541351,-33.9771805],[151.2541461,-33.9771963],[151.2541535,-33.9772027],[151.2541729,-33.9772133],[151.2541925,-33.9772192],[151.2542121,-33.9772219],[151.2542356,-33.9772232],[151.2542634,-33.9772232],[151.2542903,-33.9772193],[151.254314,-33.977214],[151.2543349,-33.9772066],[151.2543555,-33.9771917],[151.2543618,-33.9771766],[151.2543672,-33.9771622],[151.2543689,-33.9771444],[151.2543664,-33.9771308],[151.2543615,-33.9771172],[151.254356,-33.9771059],[151.2543448,-33.9770961],[151.2543302,-33.977092],[151.2543003,-33.9770908],[151.2542718,-33.9770917],[151.25425,-33.9770917],[151.2542274,-33.9770938]]]}},{"type":"Feature","properties":{"@id":"way/394856043","golf":"green"},"geometry":{"type":"Polygon","coordinates":[[[151.2505115,-33.9820945],[151.2504911,-33.9820932],[151.2504719,-33.9820948],[151.2504562,-33.9820989],[151.2504388,-33.9821067],[151.2504261,-33.982114],[151.2504169,-33.9821218],[151.2504099,-33.9821333],[151.2504074,-33.9821483],[151.2504081,-33.9821629],[151.2504098,-33.9821792],[151.2504118,-33.9821917],[151.2504207,-33.9822076],[151.2504316,-33.9822212],[151.2504472,-33.9822326],[151.2504669,-33.9822403],[151.2504843,-33.9822426],[151.2505069,-33.9822405],[151.2505244,-33.9822356],[151.2505372,-33.98223],[151.2505486,-33.9822168],[151.2505597,-33.9822011],[151.2505673,-33.982187],[151.2505728,-33.9821711],[151.2505722,-33.9821504],[151.2505699,-33.9821347],[151.2505618,-33.9821196],[151.2505501,-33.9821078],[151.2505314,-33.9820992],[151.2505115,-33.9820945]]]}},{"type":"Feature","properties":{"@id":"way/394856046","golf":"bunker","natural":"sand"},"geometry":{"type":"Polygon","coordinates":[[[151.2512852,-33.976676],[151.2512951,-33.9766774],[151.2513049,-33.9766777],[151.2513171,-33.9766768],[151.2513236,-33.9766763],[151.2513309,-33.976674],[151.2513364,-33.9766697],[151.2513413,-33.9766656],[151.2513462,-33.9766614],[151.2513501,-33.976656],[151.2513522,-33.9766501],[151.2513542,-33.9766446],[151.2513543,-33.9766385],[151.2513516,-33.9766324],[151.2513478,-33.9766294],[151.2513425,-33.9766267],[151.2513353,-33.9766238],[151.2513296,-33.9766232],[151.2513231,-33.9766241],[151.2513163,-33.976627],[151.2513074,-33.9766292],[151.2512989,-33.9766302],[151.2512903,-33.9766291],[151.2512832,-33.976627],[151.2512765,-33.9766236],[151.25127,-33.9766201],[151.2512637,-33.9766175],[151.2512575,-33.9766171],[151.251252,-33.9766187],[151.2512478,-33.9766216],[151.2512448,-33.9766267],[151.2512427,-33.9766337],[151.2512414,-33.9766404],[151.2512414,-33.976647],[151.2512431,-33.9766537],[151.2512468,-33.9766594],[151.2512512,-33.9766631],[151.2512574,-33.9766669],[151.2512647,-33.9766704],[151.2512763,-33.976674],[151.2512852,-33.976676]]]}},{"type":"Feature","properties":{"@id":"way/394856048","golf":"tee"},"geometry":{"type":"Polygon","coordinates":[[[151.2474066,-33.9835991],[151.2474103,-33.9835822],[151.2474113,-33.9835689],[151.2474079,-33.9835556],[151.247398,-33.9835449],[151.2473853,-33.9835372],[151.2473771,-33.9835316],[151.2473669,-33.9835276],[151.2473374,-33.9835249],[151.2473191,-33.9835284],[151.247308,-33.9835336],[151.247297,-33.9835455],[151.2472918,-33.9835595],[151.2472877,-33.9835866],[151.2472833,-33.9836202],[151.2472835,-33.9836321],[151.247288,-33.9836414],[151.2473,-33.9836512],[151.2473141,-33.9836576],[151.2473286,-33.9836607],[151.2473462,-33.9836597],[151.2473604,-33.9836592],[151.2473735,-33.9836544],[151.2473836,-33.9836485],[151.2473911,-33.9836388],[151.2473986,-33.9836267],[151.2474037,-33.9836123],[151.2474066,-33.9835991]]]}},{"type":"Feature","properties":{"@id":"way/394856051","golf":"tee"},"geometry":{"type":"Polygon","coordinates":[[[151.2507757,-33.9820761],[151.2507693,-33.9820791],[151.2507638,-33.9820831],[151.2507596,-33.9820887],[151.2507576,-33.9820951],[151.2507574,-33.9821017],[151.2507596,-33.9821174],[151.2507675,-33.982177],[151.2507708,-33.9821837],[151.2507772,-33.9821891],[151.2507881,-33.9821922],[151.2507961,-33.9821939],[151.2508084,-33.9821957],[151.2508231,-33.9821952],[151.250835,-33.9821944],[151.2508466,-33.9821925],[151.2508583,-33.9821904],[151.2508707,-33.9821875],[151.2508758,-33.9821815],[151.2508796,-33.9821759],[151.2508819,-33.9821687],[151.2508813,-33.982162],[151.2508764,-33.9821548],[151.2508684,-33.9821469],[151.2508635,-33.9821409],[151.2508585,-33.982134],[151.2508541,-33.9821253],[151.2508477,-33.982109],[151.2508442,-33.9820991],[151.2508405,-33.982091],[151.2508344,-33.9820841],[151.2508257,-33.9820786],[151.2508174,-33.9820749],[151.2508091,-33.9820735],[151.2507965,-33.9820729],[151.2507837,-33.9820743],[151.2507757,-33.9820761]]]}},{"type":"Feature","properties":{"@id":"way/394856053","golf":"tee"},"geometry":{"type":"Polygon","coordinates":[[[151.2492857,-33.9812478],[151.2492895,-33.9812378],[151.2492892,-33.9812268],[151.2492856,-33.981216],[151.24928,-33.9812047],[151.2492711,-33.9811943],[151.2492504,-33.9811796],[151.2492418,-33.9811745],[151.2492287,-33.981171],[151.249215,-33.9811696],[151.2492014,-33.9811713],[151.24919,-33.981175],[151.2491791,-33.9811808],[151.24917,-33.9811889],[151.2491632,-33.9811986],[151.2491606,-33.9812083],[151.2491604,-33.9812186],[151.2491625,-33.9812282],[151.2491694,-33.9812386],[151.2491777,-33.9812488],[151.2491863,-33.9812576],[151.249197,-33.9812674],[151.2492087,-33.9812747],[151.2492195,-33.9812785],[151.2492307,-33.9812803],[151.2492417,-33.9812796],[151.2492529,-33.9812765],[151.2492617,-33.9812721],[151.2492703,-33.9812659],[151.2492783,-33.981257],[151.2492857,-33.9812478]]]}},{"type":"Feature","properties":{"@id":"way/394856055","golf":"tee"},"geometry":{"type":"Polygon","coordinates":[[[151.2491077,-33.9810587],[151.2490941,-33.9810546],[151.2490805,-33.9810533],[151.2490702,-33.9810542],[151.2490585,-33.981058],[151.2490483,-33.9810643],[151.2490234,-33.9810859],[151.249016,-33.9810951],[151.2490103,-33.9811055],[151.2490081,-33.9811165],[151.2490078,-33.9811276],[151.2490091,-33.981135],[151.2490143,-33.9811445],[151.2490235,-33.9811532],[151.2490353,-33.9811607],[151.249047,-33.9811655],[151.2490594,-33.9811696],[151.249071,-33.9811709],[151.2490828,-33.9811709],[151.2490949,-33.9811651],[151.2491033,-33.9811592],[151.2491332,-33.9811249],[151.2491377,-33.981115],[151.2491398,-33.9811073],[151.2491394,-33.9810984],[151.249137,-33.9810891],[151.2491326,-33.9810799],[151.2491256,-33.9810718],[151.2491176,-33.9810643],[151.2491077,-33.9810587]]]}},{"type":"Feature","properties":{"@id":"way/394856058","golf":"fairway","natural":"grass"},"geometry":{"type":"Polygon","coordinates":[[[151.2542239,-33.9770262],[151.2541946,-33.9770262],[151.2541736,-33.9770266],[151.2541579,-33.97703],[151.2541302,-33.9770397],[151.2540615,-33.9770698],[151.2540084,-33.9770939],[151.2539584,-33.977122],[151.2538606,-33.9771727],[151.2538127,-33.9771931],[151.2537774,-33.9772034],[151.2537454,-33.9772131],[151.2537195,-33.9772191],[151.253702,-33.977227],[151.253686,-33.9772381],[151.2536736,-33.9772497],[151.2536638,-33.9772637],[151.2536588,-33.9772776],[151.2536575,-33.9772908],[151.2536597,-33.9773045],[151.2536676,-33.9773186],[151.2536769,-33.9773303],[151.2536935,-33.9773403],[151.2537165,-33.9773469],[151.2537414,-33.9773479],[151.2537637,-33.9773436],[151.2537852,-33.9773389],[151.2538026,-33.977336],[151.2538265,-33.9773292],[151.2538492,-33.9773216],[151.253873,-33.9773128],[151.2538979,-33.9773012],[151.253919,-33.9772917],[151.253942,-33.977282],[151.2539666,-33.9772754],[151.2539922,-33.9772696],[151.2540194,-33.9772662],[151.2540453,-33.9772635],[151.2540775,-33.977262],[151.2541077,-33.9772631],[151.2541367,-33.9772666],[151.2541712,-33.9772729],[151.2542044,-33.9772828],[151.2542365,-33.9772924],[151.254263,-33.9772993],[151.2542834,-33.9773009],[151.2543121,-33.9772981],[151.2543376,-33.9772923],[151.2543608,-33.9772862],[151.2543873,-33.9772761],[151.2544099,-33.9772649],[151.2544278,-33.977255],[151.254446,-33.9772433],[151.2544617,-33.9772278],[151.2544785,-33.9772042],[151.2544867,-33.9771811],[151.2544884,-33.9771562],[151.254485,-33.977136],[151.2544799,-33.9771146],[151.25447,-33.9770883],[151.2544571,-33.9770686],[151.2544375,-33.977057],[151.2544161,-33.9770475],[151.2543912,-33.9770348],[151.254361,-33.9770209],[151.2543413,-33.97702],[151.254314,-33.9770232],[151.2542239,-33.9770262]]]}},{"type":"Feature","properties":{"@id":"way/394856063","golf":"tee"},"geometry":{"type":"Polygon","coordinates":[[[151.2516784,-33.9839333],[151.2516583,-33.9839402],[151.2516434,-33.9839505],[151.2516309,-33.9839731],[151.2516236,-33.9839968],[151.2516235,-33.9840121],[151.251628,-33.9840276],[151.25164,-33.9840374],[151.2516561,-33.9840441],[151.2516738,-33.9840433],[151.251691,-33.9840389],[151.2517031,-33.9840287],[151.2517121,-33.9840123],[151.2517221,-33.9839833],[151.2517267,-33.9839654],[151.2517256,-33.9839492],[151.2517152,-33.9839376],[151.2516991,-33.9839307],[151.2516784,-33.9839333]]]}},{"type":"Feature","properties":{"@id":"way/394856065","golf":"bunker","natural":"sand"},"geometry":{"type":"Polygon","coordinates":[[[151.2519654,-33.9845541],[151.25195,-33.9845517],[151.2519366,-33.9845513],[151.25193,-33.984553],[151.2519237,-33.9845573],[151.2519184,-33.9845661],[151.251918,-33.9845746],[151.2519224,-33.9845832],[151.2519272,-33.9845901],[151.2519385,-33.9845956],[151.2519526,-33.9845988],[151.2519692,-33.9846024],[151.2519847,-33.9846039],[151.2519991,-33.9846029],[151.2520092,-33.9846001],[151.2520165,-33.9845922],[151.2520174,-33.9845794],[151.2520108,-33.9845711],[151.2519997,-33.9845646],[151.2519793,-33.9845584],[151.2519654,-33.9845541]]]}},{"type":"Feature","properties":{"@id":"way/394856068","golf":"bunker","natural":"sand"},"geometry":{"type":"Polygon","coordinates":[[[151.2530911,-33.978088],[151.2530759,-33.9780918],[151.2530687,-33.9780965],[151.2530633,-33.9781022],[151.2530597,-33.9781103],[151.2530586,-33.9781169],[151.2530574,-33.9781254],[151.2530583,-33.9781344],[151.2530591,-33.9781425],[151.2530636,-33.9781502],[151.2530699,-33.9781553],[151.2530802,-33.9781576],[151.25309,-33.9781566],[151.2530997,-33.978154],[151.2531097,-33.9781484],[151.2531324,-33.9781309],[151.2531407,-33.9781249],[151.2531442,-33.9781156],[151.2531426,-33.9781072],[151.2531383,-33.9781015],[151.25313,-33.9780977],[151.253121,-33.9780935],[151.2531117,-33.9780886],[151.2531015,-33.9780868],[151.2530911,-33.978088]]]}},{"type":"Feature","properties":{"@id":"way/394856076","golf":"tee"},"geometry":{"type":"Polygon","coordinates":[[[151.2521313,-33.9839382],[151.2521131,-33.9839326],[151.2520904,-33.983932],[151.2520738,-33.9839358],[151.2520563,-33.9839442],[151.2520421,-33.9839558],[151.2520344,-33.9839701],[151.2520045,-33.9840668],[151.2520009,-33.984087],[151.2520058,-33.9841011],[151.2520183,-33.9841102],[151.2520364,-33.9841159],[151.2520568,-33.9841227],[151.2520788,-33.9841244],[151.2520973,-33.9841202],[151.2521114,-33.9841132],[151.2521242,-33.9841058],[151.252133,-33.9840944],[151.2521407,-33.9840788],[151.252162,-33.9839772],[151.252159,-33.9839611],[151.2521496,-33.9839488],[151.2521313,-33.9839382]]]}},{"type":"Feature","properties":{"@id":"way/394856078","golf":"tee","natural":"grass"},"geometry":{"type":"Polygon","coordinates":[[[151.2510939,-33.9759319],[151.251076,-33.9759256],[151.2510555,-33.9759228],[151.2509758,-33.9759364],[151.2509551,-33.9759411],[151.2509374,-33.9759497],[151.250929,-33.9759572],[151.2508969,-33.9760055],[151.2508921,-33.9760204],[151.25089,-33.9760349],[151.2508909,-33.9760489],[151.2508969,-33.9760604],[151.2509077,-33.9760671],[151.2509206,-33.9760722],[151.2509372,-33.9760803],[151.2509508,-33.9760835],[151.2509923,-33.9760932],[151.2510191,-33.9760936],[151.2510353,-33.9760904],[151.2510536,-33.9760824],[151.2510694,-33.9760739],[151.2510828,-33.9760627],[151.2510956,-33.9760502],[151.2511046,-33.9760357],[151.2511108,-33.9760241],[151.2511152,-33.9760083],[151.2511158,-33.9759879],[151.2511164,-33.9759702],[151.2511139,-33.9759554],[151.2511061,-33.9759418],[151.2510939,-33.9759319]]]}},{"type":"Feature","properties":{"@id":"way/394856081","golf":"bunker","natural":"sand"},"geometry":{"type":"Polygon","coordinates":[[[151.2543048,-33.977011],[151.2542962,-33.9769992],[151.2542918,-33.9769945],[151.2542874,-33.9769909],[151.2542826,-33.9769871],[151.2542766,-33.9769822],[151.2542684,-33.9769791],[151.2542608,-33.9769778],[151.2542539,-33.9769782],[151.2542482,-33.9769808],[151.2542432,-33.9769834],[151.2542378,-33.9769872],[151.2542322,-33.9769951],[151.2542295,-33.9770046],[151.2542297,-33.9770175],[151.2542336,-33.9770292],[151.25424,-33.9770377],[151.2542463,-33.9770452],[151.2542576,-33.9770492],[151.2542667,-33.9770501],[151.2542735,-33.9770495],[151.2542815,-33.9770465],[151.2542873,-33.9770428],[151.2542977,-33.9770362],[151.2543038,-33.977029],[151.2543067,-33.9770196],[151.2543048,-33.977011]]]}},{"type":"Feature","properties":{"@id":"way/394856084","golf":"tee","natural":"grass"},"geometry":{"type":"Polygon","coordinates":[[[151.2483887,-33.9778421],[151.2483787,-33.9778441],[151.2483712,-33.9778499],[151.248366,-33.9778565],[151.248364,-33.9778632],[151.2483633,-33.9778713],[151.2483654,-33.9778805],[151.2484024,-33.9779703],[151.248407,-33.9779764],[151.2484121,-33.9779815],[151.2484192,-33.9779854],[151.2484289,-33.9779872],[151.2484402,-33.9779863],[151.2484473,-33.9779827],[151.2484544,-33.9779781],[151.2484596,-33.9779703],[151.2484616,-33.9779596],[151.2484615,-33.9779495],[151.2484582,-33.977937],[151.2484246,-33.9778534],[151.248419,-33.9778471],[151.248411,-33.9778426],[151.2484021,-33.9778405],[151.2483887,-33.9778421]]]}},{"type":"Feature","properties":{"@id":"way/394856086","golf":"bunker","natural":"sand"},"geometry":{"type":"Polygon","coordinates":[[[151.2507193,-33.9793728],[151.2507073,-33.9793713],[151.2506949,-33.9793715],[151.2506836,-33.9793749],[151.2506766,-33.9793795],[151.2506708,-33.9793841],[151.2506661,-33.9793902],[151.250664,-33.9793989],[151.2506648,-33.9794077],[151.2506685,-33.9794165],[151.2506729,-33.9794233],[151.2506808,-33.9794271],[151.2506938,-33.9794266],[151.2507026,-33.9794248],[151.2507095,-33.9794219],[151.2507147,-33.9794189],[151.2507211,-33.9794188],[151.25073,-33.9794192],[151.2507406,-33.9794203],[151.2507488,-33.9794184],[151.2507566,-33.9794137],[151.25076,-33.9794078],[151.2507596,-33.9793991],[151.2507552,-33.9793874],[151.2507507,-33.9793806],[151.2507434,-33.9793765],[151.250734,-33.9793735],[151.2507193,-33.9793728]]]}},{"type":"Feature","properties":{"@id":"way/394856089","golf":"tee","natural":"grass"},"geometry":{"type":"Polygon","coordinates":[[[151.2531429,-33.9775189],[151.2531379,-33.9774904],[151.2531212,-33.9774731],[151.2530937,-33.9774693],[151.2530726,-33.9774736],[151.2530395,-33.9774906],[151.2530067,-33.9775123],[151.2529978,-33.9775233],[151.2529978,-33.977553],[151.2530052,-33.9775648],[151.2530209,-33.9775764],[151.2530407,-33.9775805],[151.2531076,-33.9775656],[151.253128,-33.9775567],[151.2531405,-33.9775398],[151.2531429,-33.9775189]]]}},{"type":"Feature","properties":{"@id":"way/394856092","golf":"tee"},"geometry":{"type":"Polygon","coordinates":[[[151.2518094,-33.9839578],[151.2517933,-33.9839631],[151.2517809,-33.9839696],[151.2517716,-33.9839798],[151.2517623,-33.9839995],[151.2517605,-33.9840192],[151.2517666,-33.984035],[151.2517804,-33.9840494],[151.2517962,-33.9840638],[151.2518267,-33.9840744],[151.2518558,-33.984081],[151.2518772,-33.9840803],[151.2518979,-33.9840736],[151.2519135,-33.9840615],[151.2519278,-33.9840473],[151.2519336,-33.9840323],[151.2519383,-33.984013],[151.2519336,-33.9839954],[151.2519206,-33.9839815],[151.2519003,-33.9839711],[151.2518367,-33.9839581],[151.2518094,-33.9839578]]]}},{"type":"Feature","properties":{"@id":"way/394856094","golf":"tee"},"geometry":{"type":"Polygon","coordinates":[[[151.2505976,-33.9792694],[151.2505829,-33.9792407],[151.2505788,-33.9792365],[151.2505695,-33.9792304],[151.2505599,-33.9792268],[151.2505481,-33.9792275],[151.2505372,-33.9792311],[151.2505291,-33.9792373],[151.2505257,-33.9792461],[151.2505268,-33.9792532],[151.2505329,-33.9792593],[151.2505521,-33.9792823],[151.2505699,-33.9793061],[151.2505752,-33.9793137],[151.2505821,-33.9793199],[151.2505889,-33.9793228],[151.2505992,-33.9793206],[151.2506089,-33.9793148],[151.250613,-33.979308],[151.2506135,-33.979296],[151.2506089,-33.9792841],[151.2505976,-33.9792694]]]}},{"type":"Feature","properties":{"@id":"way/394856099","golf":"tee","natural":"grass"},"geometry":{"type":"Polygon","coordinates":[[[151.2567173,-33.976749],[151.2567029,-33.9767519],[151.2566898,-33.976757],[151.2566775,-33.9767639],[151.2566689,-33.9767714],[151.2566645,-33.9767777],[151.256663,-33.9767869],[151.256664,-33.976794],[151.2566652,-33.9767983],[151.2566681,-33.9768045],[151.256674,-33.9768131],[151.2566834,-33.9768228],[151.2566943,-33.976828],[151.2567085,-33.9768307],[151.2567251,-33.9768295],[151.2567695,-33.9768124],[151.2567808,-33.9768043],[151.256788,-33.9767959],[151.2567908,-33.9767846],[151.2567902,-33.9767724],[151.2567842,-33.9767608],[151.2567654,-33.9767522],[151.2567482,-33.976749],[151.2567173,-33.976749]]]}},{"type":"Feature","properties":{"@id":"way/394856101","natural":"scrub"},"geometry":{"type":"Polygon","coordinates":[[[151.2479841,-33.9829696],[151.2479732,-33.9829581],[151.2479521,-33.9829457],[151.247935,-33.9829368],[151.2479094,-33.982936],[151.2478823,-33.9829352],[151.2478514,-33.9829404],[151.2478176,-33.9829517],[151.2477819,-33.9829555],[151.2477476,-33.9829552],[151.2477242,-33.9829648],[151.2477035,-33.9829827],[151.2476799,-33.9830085],[151.2476514,-33.9830258],[151.2476177,-33.9830563],[151.24758,-33.9830834],[151.2475351,-33.9831018],[151.2474805,-33.9831275],[151.247464,-33.9831369],[151.2474489,-33.9831502],[151.2474438,-33.9831661],[151.2474402,-33.9831782],[151.2474501,-33.983188],[151.247459,-33.9831946],[151.2474627,-33.9832023],[151.2474636,-33.9832087],[151.2474291,-33.9832259],[151.2474134,-33.9832449],[151.2474058,-33.9832648],[151.2474093,-33.9832985],[151.2474192,-33.983325],[151.2474338,-33.9833581],[151.2474566,-33.9833851],[151.2474875,-33.9834033],[151.2475162,-33.9834162],[151.2475474,-33.9834231],[151.2475926,-33.9834187],[151.2476453,-33.9834055],[151.2477546,-33.9833855],[151.2478083,-33.9833732],[151.2478586,-33.9833563],[151.2479218,-33.983331],[151.2479599,-33.9833019],[151.2479684,-33.983269],[151.2479707,-33.9832358],[151.2479648,-33.9832018],[151.2479563,-33.9831671],[151.2479403,-33.9831391],[151.247909,-33.9831221],[151.2478889,-33.9830927],[151.2478844,-33.9830666],[151.2478831,-33.9830554],[151.2478861,-33.9830443],[151.2478954,-33.9830356],[151.2479159,-33.9830333],[151.2479321,-33.9830382],[151.2479453,-33.9830384],[151.2479601,-33.9830316],[151.2479734,-33.9830172],[151.2479813,-33.9830003],[151.247985,-33.9829858],[151.2479841,-33.9829696]]]}},{"type":"Feature","properties":{"@id":"way/394856104","golf":"bunker","natural":"sand"},"geometry":{"type":"Polygon","coordinates":[[[151.2570865,-33.9766551],[151.2570738,-33.9766514],[151.2570609,-33.9766466],[151.257051,-33.976644],[151.2570428,-33.9766433],[151.2570316,-33.9766434],[151.2570208,-33.976643],[151.2570133,-33.9766441],[151.257004,-33.9766476],[151.2569973,-33.9766523],[151.2569931,-33.9766587],[151.2569932,-33.976665],[151.2569955,-33.9766715],[151.2569993,-33.976677],[151.2570044,-33.976683],[151.2570118,-33.976689],[151.2570224,-33.976693],[151.2570325,-33.9766947],[151.257043,-33.9766964],[151.2570531,-33.9766991],[151.2570627,-33.976702],[151.2570714,-33.9767064],[151.257079,-33.9767119],[151.2570869,-33.9767167],[151.2570972,-33.9767198],[151.2571072,-33.976723],[151.2571205,-33.9767228],[151.2571282,-33.9767222],[151.2571344,-33.9767183],[151.2571421,-33.9767107],[151.2571465,-33.9767031],[151.2571502,-33.9766965],[151.2571522,-33.9766873],[151.2571513,-33.9766811],[151.2571475,-33.9766764],[151.2571405,-33.9766714],[151.257132,-33.9766659],[151.2571241,-33.9766622],[151.2571161,-33.9766602],[151.2571039,-33.9766597],[151.2570947,-33.9766587],[151.2570865,-33.9766551]]]}},{"type":"Feature","properties":{"@id":"way/394856107","golf":"tee"},"geometry":{"type":"Polygon","coordinates":[[[151.2480311,-33.9834465],[151.2480197,-33.9834406],[151.2479377,-33.9834165],[151.247922,-33.9834146],[151.2479097,-33.9834183],[151.2479026,-33.983424],[151.2478982,-33.983432],[151.2478963,-33.9834407],[151.2478987,-33.9834505],[151.2479054,-33.9834588],[151.2479176,-33.9834673],[151.2479842,-33.9834933],[151.2480008,-33.9834959],[151.2480124,-33.9834957],[151.2480261,-33.9834903],[151.248037,-33.9834818],[151.2480423,-33.9834717],[151.248043,-33.9834626],[151.2480382,-33.9834533],[151.2480311,-33.9834465]]]}},{"type":"Feature","properties":{"@id":"way/394856110","golf":"tee","natural":"grass"},"geometry":{"type":"Polygon","coordinates":[[[151.2547076,-33.9768261],[151.2546869,-33.9768251],[151.2546647,-33.976827],[151.2546428,-33.9768304],[151.254621,-33.9768368],[151.2545997,-33.9768464],[151.2545872,-33.9768573],[151.2545762,-33.9768715],[151.2545711,-33.9768823],[151.2545672,-33.9768951],[151.2545676,-33.9769092],[151.2545734,-33.9769224],[151.2545841,-33.9769335],[151.2545958,-33.9769453],[151.2546126,-33.9769534],[151.2546304,-33.9769617],[151.2546484,-33.9769689],[151.2546657,-33.9769716],[151.2546858,-33.9769737],[151.2547039,-33.9769734],[151.2547215,-33.976969],[151.254738,-33.9769621],[151.2547516,-33.9769495],[151.2547582,-33.9769357],[151.2547621,-33.9769236],[151.2547654,-33.976909],[151.2547649,-33.9768938],[151.2547644,-33.9768771],[151.2547619,-33.9768641],[151.2547584,-33.9768523],[151.2547508,-33.9768422],[151.2547329,-33.9768312],[151.2547076,-33.9768261]]]}},{"type":"Feature","properties":{"@id":"way/394856112","golf":"fairway","natural":"grass"},"geometry":{"type":"Polygon","coordinates":[[[151.252491,-33.9761046],[151.2524699,-33.9761044],[151.2524466,-33.9761022],[151.2524301,-33.9760991],[151.252408,-33.9760928],[151.2523851,-33.9760854],[151.2523625,-33.9760774],[151.2523452,-33.9760715],[151.2523299,-33.976069],[151.252315,-33.976069],[151.2523019,-33.9760705],[151.2522886,-33.9760732],[151.2522702,-33.9760792],[151.2522484,-33.9760881],[151.2522331,-33.9760931],[151.2522206,-33.9760968],[151.2522118,-33.976097],[151.2521965,-33.976096],[151.252187,-33.9760939],[151.2521775,-33.9760905],[151.2520967,-33.9760476],[151.2520794,-33.9760389],[151.2520599,-33.9760336],[151.2520412,-33.9760321],[151.2520212,-33.9760368],[151.252009,-33.9760448],[151.2519952,-33.9760551],[151.2519844,-33.9760672],[151.2519757,-33.9760832],[151.2519724,-33.9761005],[151.2519688,-33.9761185],[151.2519688,-33.9761343],[151.2519729,-33.9761505],[151.2519774,-33.9761605],[151.2519846,-33.9761703],[151.2519917,-33.9761802],[151.2520068,-33.9761935],[151.2520248,-33.9762044],[151.2520454,-33.9762129],[151.2520706,-33.9762198],[151.2521069,-33.9762265],[151.2521321,-33.9762298],[151.2521526,-33.9762303],[151.2521778,-33.9762313],[151.2521945,-33.9762342],[151.2522122,-33.9762392],[151.2522285,-33.976247],[151.2522444,-33.9762616],[151.2522598,-33.9762779],[151.2522745,-33.9762895],[151.2523013,-33.9763039],[151.252325,-33.9763139],[151.2523607,-33.9763233],[151.2523837,-33.9763286],[151.2524091,-33.9763297],[151.2524266,-33.9763262],[151.2524554,-33.9763209],[151.2524941,-33.9763184],[151.252538,-33.9763175],[151.2525734,-33.9763174],[151.2526073,-33.9763128],[151.2526342,-33.9763035],[151.2526549,-33.9762908],[151.2526735,-33.9762797],[151.2526877,-33.9762655],[151.2527003,-33.9762506],[151.2527084,-33.9762324],[151.2527115,-33.9762125],[151.2527114,-33.9761988],[151.2527058,-33.976183],[151.2526957,-33.9761699],[151.2526865,-33.9761607],[151.2526763,-33.9761517],[151.2526663,-33.976144],[151.2526495,-33.9761317],[151.252635,-33.9761246],[151.2526236,-33.9761193],[151.25261,-33.9761133],[151.2525937,-33.976109],[151.2525767,-33.9761063],[151.2525622,-33.9761054],[151.2525327,-33.9761034],[151.2525179,-33.976103],[151.252491,-33.9761046]]]}},{"type":"Feature","properties":{"@id":"way/394856115","golf":"tee","natural":"grass"},"geometry":{"type":"Polygon","coordinates":[[[151.2532427,-33.9762295],[151.253169,-33.9762121],[151.2531464,-33.9762087],[151.2531304,-33.9762098],[151.2531154,-33.9762135],[151.253101,-33.9762236],[151.2530928,-33.9762337],[151.2530803,-33.9762663],[151.2530771,-33.97629],[151.2530786,-33.9763017],[151.2530825,-33.9763089],[151.2530904,-33.9763161],[151.2531025,-33.9763239],[151.2531265,-33.9763323],[151.2531978,-33.976344],[151.2532245,-33.9763451],[151.2532414,-33.9763444],[151.2532558,-33.9763398],[151.253266,-33.9763326],[151.2532718,-33.9763228],[151.2532744,-33.9763121],[151.2532829,-33.9762642],[151.253283,-33.9762537],[151.253277,-33.9762448],[151.2532628,-33.976235],[151.2532427,-33.9762295]]]}},{"type":"Feature","properties":{"@id":"way/394856117","golf":"tee","natural":"grass"},"geometry":{"type":"Polygon","coordinates":[[[151.2541864,-33.976778],[151.2540003,-33.9767794],[151.2539839,-33.9767831],[151.2539741,-33.9767869],[151.2539684,-33.9767919],[151.2539626,-33.976799],[151.2539584,-33.9768072],[151.2539578,-33.9768192],[151.2539594,-33.9768308],[151.2539635,-33.9768406],[151.2539712,-33.9768479],[151.2539827,-33.9768539],[151.2539945,-33.9768578],[151.2540104,-33.9768593],[151.2541902,-33.9768492],[151.2542078,-33.9768463],[151.254223,-33.9768388],[151.25423,-33.9768304],[151.2542368,-33.9768201],[151.2542373,-33.9768075],[151.2542304,-33.9767955],[151.2542206,-33.9767886],[151.2542088,-33.9767836],[151.2541976,-33.9767798],[151.2541864,-33.976778]]]}},{"type":"Feature","properties":{"@id":"way/394856120","golf":"tee","natural":"grass"},"geometry":{"type":"Polygon","coordinates":[[[151.2525824,-33.9775063],[151.2525561,-33.9775049],[151.2525482,-33.977505],[151.2525365,-33.9775051],[151.2525152,-33.9775082],[151.2524973,-33.9775135],[151.2524826,-33.977521],[151.2524747,-33.9775318],[151.252472,-33.9775646],[151.2524777,-33.9776173],[151.2524844,-33.977635],[151.2524971,-33.9776482],[151.2525152,-33.9776597],[151.2525361,-33.9776676],[151.25256,-33.9776707],[151.2525878,-33.9776705],[151.2526179,-33.9776701],[151.2526531,-33.9776662],[151.2526804,-33.9776593],[151.2527055,-33.9776509],[151.2527219,-33.9776447],[151.252736,-33.9776333],[151.2527398,-33.9776205],[151.2527391,-33.9776085],[151.2527089,-33.9775786],[151.2526787,-33.9775467],[151.2526571,-33.9775226],[151.2526437,-33.9775139],[151.2526285,-33.9775096],[151.2526039,-33.9775074],[151.2525824,-33.9775063]]]}},{"type":"Feature","properties":{"@id":"way/394856127","golf":"tee"},"geometry":{"type":"Polygon","coordinates":[[[151.2508069,-33.982218],[151.2507947,-33.9822203],[151.2507866,-33.9822236],[151.2507812,-33.9822293],[151.2507782,-33.9822356],[151.2507777,-33.9822443],[151.2507904,-33.9823447],[151.2507932,-33.9823514],[151.250798,-33.9823579],[151.2508049,-33.9823607],[151.2508121,-33.9823629],[151.2508215,-33.9823651],[151.250869,-33.9823638],[151.2508755,-33.9823641],[151.2508849,-33.9823635],[151.2508936,-33.9823618],[151.2509006,-33.9823588],[151.2509066,-33.9823529],[151.2509103,-33.9823472],[151.2509127,-33.9823403],[151.2509131,-33.9823321],[151.2509104,-33.9823225],[151.2509073,-33.9823127],[151.2509036,-33.9823023],[151.2509003,-33.9822884],[151.2508999,-33.9822771],[151.2509003,-33.9822521],[151.2508991,-33.9822423],[151.2508972,-33.982232],[151.2508928,-33.9822256],[151.2508879,-33.9822202],[151.2508829,-33.9822164],[151.2508751,-33.9822147],[151.2508669,-33.9822141],[151.2508069,-33.982218]]]}},{"type":"Feature","properties":{"@id":"way/394856131","golf":"bunker","natural":"sand"},"geometry":{"type":"Polygon","coordinates":[[[151.2509363,-33.9792875],[151.250926,-33.9792894],[151.2509156,-33.9792948],[151.2509082,-33.9793021],[151.2509051,-33.9793094],[151.2509043,-33.9793199],[151.250907,-33.9793286],[151.2509142,-33.9793346],[151.2509214,-33.9793381],[151.2509303,-33.9793378],[151.2509367,-33.9793395],[151.2509419,-33.9793409],[151.2509521,-33.9793453],[151.2509601,-33.9793456],[151.2509653,-33.9793418],[151.2509697,-33.9793361],[151.2509689,-33.9793297],[151.2509642,-33.9793233],[151.2509631,-33.9793169],[151.250964,-33.9793082],[151.2509646,-33.9792994],[151.2509596,-33.9792925],[151.2509527,-33.9792877],[151.250945,-33.9792859],[151.2509363,-33.9792875]]]}},{"type":"Feature","properties":{"@id":"way/394856135","golf":"green"},"geometry":{"type":"Polygon","coordinates":[[[151.2514282,-33.9764151],[151.2514205,-33.9763911],[151.2514137,-33.9763816],[151.2514025,-33.9763715],[151.2513886,-33.9763661],[151.2513772,-33.976363],[151.251364,-33.9763618],[151.2513475,-33.976363],[151.2513345,-33.9763674],[151.2513215,-33.9763754],[151.2513106,-33.9763856],[151.2512995,-33.9763991],[151.2512906,-33.9764102],[151.2512827,-33.9764231],[151.2512428,-33.9764803],[151.2512355,-33.9764905],[151.2512312,-33.9765022],[151.2512291,-33.9765153],[151.2512297,-33.9765282],[151.2512327,-33.9765389],[151.2512361,-33.9765508],[151.2512419,-33.9765629],[151.2512483,-33.9765734],[151.2512571,-33.9765836],[151.2512695,-33.9765908],[151.2512814,-33.9765972],[151.2513011,-33.9766022],[151.2513206,-33.9766035],[151.2513396,-33.976601],[151.2513575,-33.9765974],[151.2513757,-33.9765909],[151.2513883,-33.9765849],[151.2514048,-33.9765748],[151.2514146,-33.9765656],[151.2514226,-33.9765566],[151.25143,-33.9765418],[151.2514337,-33.9765313],[151.2514383,-33.9765062],[151.2514388,-33.9764961],[151.2514361,-33.9764603],[151.2514282,-33.9764151]]]}},{"type":"Feature","properties":{"@id":"way/394856139","golf":"bunker","natural":"sand"},"geometry":{"type":"Polygon","coordinates":[[[151.2517288,-33.9844623],[151.2517163,-33.9844646],[151.2517076,-33.9844675],[151.251697,-33.9844659],[151.2516894,-33.9844624],[151.2516745,-33.984456],[151.2516571,-33.9844517],[151.2516491,-33.9844527],[151.2516397,-33.9844569],[151.2516334,-33.9844634],[151.251631,-33.9844713],[151.2516329,-33.984481],[151.2516385,-33.9844884],[151.25165,-33.9844957],[151.2516714,-33.9845038],[151.251706,-33.9845146],[151.2517265,-33.9845208],[151.2517397,-33.9845216],[151.2517517,-33.9845199],[151.2517595,-33.9845146],[151.2517677,-33.9845066],[151.2517736,-33.9844995],[151.2517742,-33.9844916],[151.2517696,-33.9844819],[151.2517633,-33.9844756],[151.2517508,-33.9844673],[151.2517398,-33.9844639],[151.2517288,-33.9844623]]]}},{"type":"Feature","properties":{"@id":"way/394856143","natural":"scrub"},"geometry":{"type":"Polygon","coordinates":[[[151.2498292,-33.9772528],[151.2498092,-33.9772495],[151.2497987,-33.9772477],[151.2497837,-33.9772505],[151.2497335,-33.9772599],[151.2496337,-33.9772902],[151.2496202,-33.9772955],[151.2495935,-33.977306],[151.2495334,-33.9773445],[151.2495229,-33.977358],[151.2495228,-33.9773742],[151.2495294,-33.9773845],[151.2495493,-33.9773995],[151.2496005,-33.9774408],[151.2496183,-33.977468],[151.2496275,-33.9775003],[151.2496359,-33.9775253],[151.2496461,-33.9775397],[151.249671,-33.9775581],[151.2497126,-33.977571],[151.2497388,-33.9775728],[151.249765,-33.9775626],[151.2497869,-33.9775482],[151.2498034,-33.9775297],[151.2498456,-33.9774559],[151.2498658,-33.9774017],[151.2498707,-33.9773796],[151.2498751,-33.9773641],[151.2498788,-33.977303],[151.2498746,-33.9772848],[151.2498567,-33.9772632],[151.2498292,-33.9772528]]]}},{"type":"Feature","properties":{"@id":"way/394856146","golf":"bunker","natural":"sand"},"geometry":{"type":"Polygon","coordinates":[[[151.2514556,-33.9766461],[151.2514597,-33.976638],[151.2514632,-33.9766236],[151.2514688,-33.9766117],[151.2514733,-33.9765999],[151.2514802,-33.9765872],[151.2514869,-33.9765755],[151.2514956,-33.9765568],[151.2514934,-33.9765509],[151.2514901,-33.9765484],[151.2514869,-33.9765477],[151.251475,-33.9765485],[151.25146,-33.9765489],[151.251449,-33.97655],[151.2514437,-33.9765518],[151.2514396,-33.9765551],[151.2514351,-33.9765635],[151.2514306,-33.9765728],[151.2514283,-33.9765855],[151.2514223,-33.9765924],[151.251413,-33.9765991],[151.2514048,-33.9766064],[151.2513998,-33.9766132],[151.2513954,-33.9766204],[151.251394,-33.9766279],[151.2514004,-33.9766344],[151.2514127,-33.9766413],[151.2514294,-33.9766491],[151.251438,-33.9766519],[151.2514478,-33.9766501],[151.2514556,-33.9766461]]]}},{"type":"Feature","properties":{"@id":"way/394856151","golf":"tee","natural":"grass"},"geometry":{"type":"Polygon","coordinates":[[[151.2486113,-33.9781019],[151.2485812,-33.9780631],[151.2485452,-33.9780422],[151.2485201,-33.9780395],[151.2484933,-33.9780513],[151.2484723,-33.9780707],[151.2484673,-33.9780936],[151.2484941,-33.9781429],[151.2485201,-33.9781887],[151.2485536,-33.9782394],[151.248572,-33.9782512],[151.2485988,-33.9782596],[151.2486314,-33.9782526],[151.2486498,-33.9782387],[151.2486582,-33.9782137],[151.2486582,-33.9781853],[151.2486515,-33.9781672],[151.2486113,-33.9781019]]]}},{"type":"Feature","properties":{"@id":"way/394856156","golf":"tee"},"geometry":{"type":"Polygon","coordinates":[[[151.2507218,-33.9799573],[151.2507187,-33.9799504],[151.2507152,-33.9799437],[151.2507106,-33.9799369],[151.2507067,-33.9799315],[151.2507007,-33.9799254],[151.2506938,-33.9799214],[151.250687,-33.9799182],[151.2506789,-33.9799161],[151.2506703,-33.9799148],[151.2506568,-33.9799152],[151.2506451,-33.979917],[151.2506383,-33.9799193],[151.2506323,-33.9799223],[151.2506279,-33.9799272],[151.2506235,-33.9799327],[151.2506203,-33.9799392],[151.2506191,-33.9799477],[151.250619,-33.979957],[151.25062,-33.9799661],[151.2506217,-33.9799771],[151.250641,-33.9800755],[151.2506423,-33.9800832],[151.2506443,-33.9800901],[151.2506473,-33.9800961],[151.250653,-33.9801037],[151.2506607,-33.9801089],[151.2506712,-33.9801132],[151.2506813,-33.9801154],[151.2506923,-33.9801153],[151.2507019,-33.9801136],[151.2507109,-33.9801115],[151.250719,-33.9801072],[151.2507253,-33.9801033],[151.2507318,-33.9800969],[151.2507366,-33.9800904],[151.2507412,-33.9800823],[151.2507441,-33.9800748],[151.2507464,-33.9800655],[151.250747,-33.9800584],[151.2507461,-33.9800513],[151.2507218,-33.9799573]]]}},{"type":"Feature","properties":{"@id":"way/394856160","golf":"tee"},"geometry":{"type":"Polygon","coordinates":[[[151.2500304,-33.9785416],[151.2500036,-33.9785014],[151.2499852,-33.9784847],[151.249966,-33.9784781],[151.2499483,-33.9784791],[151.2499283,-33.9784849],[151.2499121,-33.9784964],[151.2499005,-33.9785214],[151.2498954,-33.9785347],[151.2498629,-33.9786749],[151.249863,-33.9786862],[151.2498662,-33.9787053],[151.2498718,-33.9787143],[151.2498837,-33.9787209],[151.2499515,-33.9787361],[151.2499698,-33.9787374],[151.2499873,-33.9787348],[151.2500069,-33.9787259],[151.2500234,-33.9787129],[151.2500301,-33.9786976],[151.2500518,-33.9785882],[151.2500488,-33.9785715],[151.2500411,-33.9785573],[151.2500304,-33.9785416]]]}},{"type":"Feature","properties":{"@id":"way/394856169","golf":"fairway"},"geometry":{"type":"Polygon","coordinates":[[[151.2504297,-33.9820171],[151.2503877,-33.9820121],[151.2503544,-33.9820133],[151.2503278,-33.9820173],[151.2502983,-33.9820275],[151.2502561,-33.9820447],[151.250232,-33.9820571],[151.2502015,-33.982079],[151.2501819,-33.9820938],[151.2501697,-33.9821047],[151.2501592,-33.9821233],[151.2501527,-33.9821414],[151.2501488,-33.9821597],[151.2501489,-33.9821726],[151.2501519,-33.9821924],[151.2501587,-33.9822141],[151.2501642,-33.9822323],[151.2501737,-33.9822508],[151.250186,-33.9822649],[151.2502021,-33.9822803],[151.2502244,-33.982294],[151.2502498,-33.9823046],[151.2502771,-33.98231],[151.2503092,-33.9823163],[151.2504935,-33.9823304],[151.2505074,-33.9823303],[151.2505338,-33.9823262],[151.2505635,-33.9823173],[151.2505972,-33.9823061],[151.2506188,-33.9822893],[151.2506377,-33.9822665],[151.2506509,-33.9822374],[151.2506562,-33.9822074],[151.2506566,-33.9821761],[151.2506505,-33.9821376],[151.2506416,-33.9821116],[151.2506296,-33.9820801],[151.2506071,-33.9820639],[151.2505821,-33.9820544],[151.2505642,-33.9820525],[151.2505482,-33.9820529],[151.2505263,-33.9820483],[151.2504983,-33.9820401],[151.2504621,-33.9820276],[151.2504297,-33.9820171]]]}},{"type":"Feature","properties":{"@id":"way/394856174","golf":"fairway"},"geometry":{"type":"Polygon","coordinates":[[[151.2508374,-33.9791285],[151.250815,-33.9791204],[151.2507929,-33.9791143],[151.2507673,-33.9791123],[151.2507444,-33.979115],[151.2507123,-33.9791271],[151.2506968,-33.9791366],[151.2506756,-33.9791529],[151.2506633,-33.979168],[151.2506541,-33.9791827],[151.2506462,-33.9792011],[151.2506459,-33.9792183],[151.250645,-33.979237],[151.2506499,-33.9792537],[151.2506602,-33.979279],[151.250663,-33.9792992],[151.2506618,-33.9793196],[151.2506544,-33.9793359],[151.2506403,-33.979354],[151.2506297,-33.979373],[151.2506264,-33.9793885],[151.2506255,-33.9794026],[151.2506268,-33.9794148],[151.2506335,-33.9794296],[151.2506442,-33.9794428],[151.2506582,-33.9794563],[151.2506781,-33.9794738],[151.2507018,-33.979499],[151.2507184,-33.9795146],[151.2507377,-33.979535],[151.2507543,-33.9795487],[151.2507725,-33.9795607],[151.2507933,-33.9795715],[151.2508132,-33.9795797],[151.2508357,-33.9795845],[151.2508594,-33.9795847],[151.2508817,-33.9795803],[151.2508944,-33.9795766],[151.2509126,-33.9795675],[151.2509281,-33.9795567],[151.2509389,-33.9795439],[151.2509499,-33.9795205],[151.2509555,-33.9794968],[151.2509591,-33.9794834],[151.2509607,-33.9794696],[151.250956,-33.9794544],[151.2509502,-33.9794344],[151.2509439,-33.9794164],[151.250941,-33.9794012],[151.2509429,-33.9793883],[151.2509486,-33.9793706],[151.2509475,-33.9793574],[151.2509367,-33.9793395],[151.250945,-33.9792859],[151.2509529,-33.9792781],[151.2509606,-33.9792662],[151.2509692,-33.9792535],[151.250974,-33.9792428],[151.2509736,-33.9792292],[151.2509721,-33.9792191],[151.2509637,-33.9792045],[151.2509507,-33.9791906],[151.25094,-33.9791828],[151.2508863,-33.9791536],[151.2508374,-33.9791285]]]}},{"type":"Feature","properties":{"@id":"way/394856179","golf":"tee"},"geometry":{"type":"Polygon","coordinates":[[[151.2507883,-33.9798137],[151.2507827,-33.9798191],[151.2507791,-33.9798268],[151.2507769,-33.979834],[151.2507762,-33.9798407],[151.2507758,-33.9798461],[151.2507763,-33.9798527],[151.2507828,-33.9798767],[151.2507873,-33.9798822],[151.2507932,-33.979886],[151.2508032,-33.9798873],[151.2508121,-33.9798857],[151.2508194,-33.9798819],[151.2508245,-33.9798773],[151.250831,-33.9798672],[151.2508338,-33.9798618],[151.2508363,-33.979854],[151.2508383,-33.9798441],[151.2508394,-33.9798314],[151.2508375,-33.979824],[151.2508342,-33.9798182],[151.2508291,-33.9798123],[151.2508231,-33.9798096],[151.2508129,-33.9798083],[151.2508047,-33.9798077],[151.2507957,-33.9798087],[151.2507883,-33.9798137]]]}},{"type":"Feature","properties":{"@id":"way/394856183","golf":"green"},"geometry":{"type":"Polygon","coordinates":[[[151.2511376,-33.9820751],[151.25112,-33.9820773],[151.2511024,-33.9820844],[151.2510843,-33.9820924],[151.2510669,-33.982104],[151.2510562,-33.9821133],[151.2510432,-33.9821276],[151.2510356,-33.9821409],[151.2510313,-33.9821544],[151.2510291,-33.9821739],[151.2510302,-33.9821923],[151.2510321,-33.9822069],[151.2510378,-33.9822268],[151.2510434,-33.9822379],[151.2510531,-33.982248],[151.2510642,-33.9822574],[151.2510734,-33.982262],[151.2510877,-33.9822669],[151.2511033,-33.9822702],[151.2511196,-33.9822726],[151.251137,-33.9822735],[151.2511499,-33.9822724],[151.2511601,-33.982269],[151.2511689,-33.9822643],[151.2511777,-33.9822568],[151.2511872,-33.982248],[151.2511954,-33.9822382],[151.2512033,-33.9822257],[151.2512098,-33.9822126],[151.2512128,-33.9821998],[151.2512156,-33.9821868],[151.2512166,-33.9821649],[151.2512113,-33.9821354],[151.2511971,-33.9821021],[151.2511905,-33.9820926],[151.251181,-33.9820839],[151.2511687,-33.9820785],[151.2511539,-33.9820761],[151.2511376,-33.9820751]]]}},{"type":"Feature","properties":{"@id":"way/394856186","golf":"fairway"},"geometry":{"type":"Polygon","coordinates":[[[151.2479335,-33.9824215],[151.2477571,-33.9824968],[151.2475626,-33.9825912],[151.247475,-33.9826472],[151.2473975,-33.9827222],[151.2473193,-33.9828078],[151.2472963,-33.9828414],[151.2472749,-33.9828801],[151.2472632,-33.9829183],[151.2472546,-33.9829497],[151.2472488,-33.9831191],[151.2472528,-33.9831387],[151.2472641,-33.9831458],[151.2472815,-33.9831519],[151.247304,-33.9831494],[151.2473199,-33.9831346],[151.2473914,-33.9829941],[151.2474029,-33.9829742],[151.2474151,-33.9829583],[151.2474903,-33.9828704],[151.2475028,-33.9828583],[151.2475275,-33.9828438],[151.2476936,-33.9827801],[151.247855,-33.9827149],[151.2478822,-33.982698],[151.2479139,-33.9826742],[151.2481602,-33.9824826],[151.2481695,-33.9824687],[151.2481723,-33.9824499],[151.24817,-33.9824329],[151.2481637,-33.9824159],[151.2481521,-33.9824006],[151.2481407,-33.9823913],[151.2481214,-33.9823872],[151.2481021,-33.9823853],[151.2480702,-33.9823856],[151.2480396,-33.9823893],[151.247987,-33.9824026],[151.2479335,-33.9824215]]]}},{"type":"Feature","properties":{"@id":"way/394856191","golf":"green","natural":"grass"},"geometry":{"type":"Polygon","coordinates":[[[151.2502581,-33.9758771],[151.2502518,-33.9758573],[151.2502457,-33.975843],[151.2502372,-33.9758255],[151.250223,-33.9758084],[151.2502135,-33.9758002],[151.2501997,-33.9757916],[151.2501855,-33.9757861],[151.2501669,-33.97578],[151.2501509,-33.9757776],[151.2501243,-33.97578],[151.2501025,-33.9757856],[151.2500847,-33.9757935],[151.2500667,-33.975805],[151.2500581,-33.9758135],[151.2500534,-33.975822],[151.2500495,-33.9758339],[151.2500468,-33.9758466],[151.2500463,-33.9758662],[151.2500466,-33.9758777],[151.2500493,-33.975893],[151.2500533,-33.9759088],[151.2500607,-33.9759287],[151.25007,-33.9759477],[151.2500771,-33.97596],[151.2500875,-33.9759706],[151.250105,-33.9759834],[151.2501203,-33.9759897],[151.2501322,-33.9759943],[151.2501472,-33.9759966],[151.2501609,-33.9759969],[151.2501795,-33.9759957],[151.2501954,-33.9759931],[151.2502185,-33.9759871],[151.2502322,-33.9759807],[151.2502476,-33.9759721],[151.2502587,-33.9759622],[151.2502679,-33.9759459],[151.2502694,-33.9759277],[151.2502669,-33.975911],[151.2502635,-33.9758967],[151.2502581,-33.9758771]]]}},{"type":"Feature","properties":{"@id":"way/394856195","golf":"green","natural":"grass"},"geometry":{"type":"Polygon","coordinates":[[[151.2525219,-33.9761605],[151.2524913,-33.9761692],[151.2524612,-33.9761807],[151.2524289,-33.9761845],[151.2524063,-33.9761925],[151.252377,-33.976207],[151.2523618,-33.9762202],[151.2523586,-33.9762338],[151.2523586,-33.9762591],[151.2523617,-33.9762702],[151.2523699,-33.9762813],[151.252386,-33.9762907],[151.2524051,-33.9762959],[151.2524232,-33.9762976],[151.2524423,-33.9762959],[151.2525206,-33.9762796],[151.2525872,-33.9762577],[151.2526013,-33.9762489],[151.2526102,-33.9762393],[151.2526168,-33.9762237],[151.2526182,-33.9762064],[151.2526132,-33.9761922],[151.2526082,-33.9761831],[151.2525935,-33.976171],[151.2525768,-33.9761619],[151.252557,-33.9761577],[151.2525219,-33.9761605]]]}},{"type":"Feature","properties":{"@id":"way/394856200","golf":"fairway","natural":"grass"},"geometry":{"type":"Polygon","coordinates":[[[151.254783,-33.9762504],[151.2544034,-33.9762344],[151.2541992,-33.9762304],[151.2541698,-33.9762325],[151.2541337,-33.9762377],[151.2541108,-33.9762422],[151.2540776,-33.9762381],[151.254051,-33.9762361],[151.2540322,-33.9762358],[151.2540138,-33.9762418],[151.2539943,-33.9762513],[151.2539798,-33.976262],[151.2539758,-33.9762768],[151.253973,-33.9762928],[151.2539712,-33.9763132],[151.2539728,-33.9763298],[151.2539791,-33.9763463],[151.2539867,-33.9763631],[151.2540003,-33.9763789],[151.2540141,-33.9763912],[151.2540388,-33.9764038],[151.2540574,-33.9764118],[151.2541065,-33.976421],[151.2545125,-33.9764719],[151.2546182,-33.9764828],[151.2546366,-33.9764875],[151.2546693,-33.9764958],[151.2547148,-33.976505],[151.2547693,-33.9765172],[151.2548104,-33.9765264],[151.2548647,-33.9765401],[151.2548961,-33.9765462],[151.2553025,-33.9765776],[151.2559634,-33.9766256],[151.2562622,-33.9766472],[151.2563607,-33.9766522],[151.2564243,-33.9766539],[151.2564934,-33.9766589],[151.2565661,-33.9766744],[151.2566057,-33.9766779],[151.2569134,-33.976678],[151.2569347,-33.9766838],[151.2569503,-33.9766954],[151.2569664,-33.9767083],[151.2569857,-33.9767182],[151.2570152,-33.9767299],[151.2570444,-33.9767409],[151.2570765,-33.9767506],[151.2571085,-33.9767581],[151.2571336,-33.9767631],[151.257164,-33.9767658],[151.2572001,-33.9767669],[151.2572351,-33.9767656],[151.2572655,-33.9767629],[151.2572909,-33.976757],[151.257312,-33.9767485],[151.2573333,-33.9767389],[151.2573511,-33.9767274],[151.2573749,-33.9767114],[151.2573941,-33.976697],[151.2574115,-33.9766781],[151.2574278,-33.9766573],[151.2574379,-33.9766393],[151.2574464,-33.9766239],[151.2574489,-33.9766132],[151.257449,-33.9766026],[151.2574475,-33.9765887],[151.2574449,-33.9765774],[151.2574392,-33.9765646],[151.2574312,-33.976549],[151.2574214,-33.97653],[151.2574112,-33.9765085],[151.2574007,-33.9764887],[151.2573888,-33.9764681],[151.2573808,-33.9764553],[151.2573695,-33.9764412],[151.2573541,-33.9764257],[151.2573384,-33.9764106],[151.2573288,-33.9763995],[151.2573189,-33.9763891],[151.2573058,-33.9763769],[151.2572967,-33.9763685],[151.2572845,-33.976361],[151.2572719,-33.976356],[151.257257,-33.9763527],[151.2572407,-33.9763515],[151.257225,-33.9763509],[151.2572079,-33.9763511],[151.2571934,-33.9763522],[151.257174,-33.9763557],[151.257155,-33.9763597],[151.2571306,-33.9763648],[151.2571112,-33.97637],[151.2570906,-33.9763759],[151.2570712,-33.9763853],[151.2570531,-33.976394],[151.2570361,-33.9764],[151.2570284,-33.976399],[151.256937,-33.9763934],[151.255578,-33.9763271],[151.2550264,-33.9762702],[151.254783,-33.9762504]]]}},{"type":"Feature","properties":{"@id":"way/394856205","golf":"tee"},"geometry":{"type":"Polygon","coordinates":[[[151.2466622,-33.9840616],[151.2466498,-33.9840627],[151.2466354,-33.9840666],[151.2466248,-33.9840736],[151.2466168,-33.9840841],[151.2465207,-33.9842507],[151.2465145,-33.9842623],[151.2465107,-33.9842721],[151.2465099,-33.984282],[151.246512,-33.9842901],[151.2465167,-33.984297],[151.2465234,-33.9843058],[151.2465286,-33.9843108],[151.2465397,-33.9843164],[151.2465537,-33.984319],[151.2465685,-33.9843218],[151.2465841,-33.9843206],[151.2466013,-33.9843147],[151.2466108,-33.9843052],[151.2466602,-33.9841973],[151.2466962,-33.9841187],[151.2467004,-33.984105],[151.2466999,-33.9840948],[151.2466995,-33.9840834],[151.246695,-33.9840729],[151.2466876,-33.9840648],[151.2466757,-33.9840618],[151.2466622,-33.9840616]]]}},{"type":"Feature","properties":{"@id":"way/394856208","golf":"green"},"geometry":{"type":"Polygon","coordinates":[[[151.252954,-33.9781296],[151.2529357,-33.978128],[151.2529169,-33.9781296],[151.2528995,-33.9781342],[151.2528804,-33.9781409],[151.2528606,-33.9781504],[151.2528443,-33.9781598],[151.2528296,-33.9781719],[151.2528176,-33.9781875],[151.2528094,-33.978203],[151.2528079,-33.9782174],[151.2528082,-33.9782341],[151.2528136,-33.9782483],[151.2528226,-33.9782636],[151.2528383,-33.9782768],[151.2528515,-33.9782829],[151.2528849,-33.9782906],[151.2529261,-33.9782929],[151.2529588,-33.9782933],[151.2530017,-33.978293],[151.2530442,-33.9782879],[151.2530739,-33.9782771],[151.2530857,-33.9782717],[151.2530935,-33.9782663],[151.2531064,-33.9782521],[151.2531104,-33.9782456],[151.2531125,-33.9782353],[151.253113,-33.978212],[151.2531068,-33.9781997],[151.2530976,-33.9781886],[151.2530885,-33.9781798],[151.2530359,-33.9781538],[151.2529837,-33.9781348],[151.2529705,-33.9781322],[151.252954,-33.9781296]]]}},{"type":"Feature","properties":{"@id":"way/394856213","golf":"tee"},"geometry":{"type":"Polygon","coordinates":[[[151.2517151,-33.9824478],[151.2517027,-33.9824183],[151.2517011,-33.9824089],[151.2516995,-33.9823922],[151.2516961,-33.9823681],[151.2516893,-33.9823536],[151.2516815,-33.9823407],[151.2516691,-33.9823279],[151.2516546,-33.982321],[151.251639,-33.9823174],[151.2516217,-33.982315],[151.2515989,-33.9823124],[151.2515796,-33.9823118],[151.2515602,-33.9823156],[151.2515434,-33.982323],[151.2515315,-33.9823325],[151.2515223,-33.9823429],[151.2515143,-33.9823545],[151.2515075,-33.9823672],[151.251552,-33.9824236],[151.2515613,-33.9824269],[151.2515747,-33.9824305],[151.2515847,-33.982435],[151.2515958,-33.9824406],[151.2516075,-33.9824477],[151.2516187,-33.9824568],[151.2516269,-33.9824656],[151.2516293,-33.9824703],[151.25163,-33.9824758],[151.2516301,-33.9824817],[151.2516337,-33.9824886],[151.2517113,-33.9826353],[151.2517195,-33.9826507],[151.2517326,-33.9826752],[151.2517497,-33.9827138],[151.2517575,-33.9827204],[151.2517688,-33.9827257],[151.251781,-33.9827273],[151.2517919,-33.982726],[151.2518014,-33.9827235],[151.251833,-33.9827056],[151.2518441,-33.9826986],[151.2518505,-33.9826894],[151.2518543,-33.9826758],[151.2518554,-33.9826625],[151.2518542,-33.9826458],[151.2518507,-33.982633],[151.2518456,-33.9826212],[151.2518365,-33.9826063],[151.2518256,-33.9825938],[151.2518123,-33.9825826],[151.251796,-33.9825701],[151.251782,-33.9825555],[151.2517668,-33.9825364],[151.2517446,-33.9824975],[151.2517151,-33.9824478]]]}},{"type":"Feature","properties":{"@id":"way/394856218","golf":"bunker","natural":"sand"},"geometry":{"type":"Polygon","coordinates":[[[151.2487233,-33.9812784],[151.2487115,-33.98128],[151.248703,-33.9812878],[151.2486984,-33.9812972],[151.2486958,-33.9813075],[151.248695,-33.9813268],[151.2486922,-33.98134],[151.2486897,-33.9813482],[151.2486909,-33.9813564],[151.2486967,-33.9813632],[151.2487038,-33.9813661],[151.2487136,-33.9813679],[151.2487231,-33.9813663],[151.24873,-33.9813621],[151.2487369,-33.9813557],[151.2487433,-33.9813459],[151.2487491,-33.9813378],[151.2487509,-33.9813303],[151.2487499,-33.9813226],[151.2487499,-33.9813142],[151.2487519,-33.9813067],[151.2487521,-33.9812974],[151.2487494,-33.981289],[151.2487434,-33.9812833],[151.248734,-33.9812794],[151.2487233,-33.9812784]]]}},{"type":"Feature","properties":{"@id":"way/394856223","golf":"bunker","natural":"sand"},"geometry":{"type":"Polygon","coordinates":[[[151.2554972,-33.9762615],[151.2554887,-33.9762667],[151.2554807,-33.9762731],[151.2554747,-33.9762789],[151.2554658,-33.9762802],[151.2554529,-33.9762821],[151.2554405,-33.9762865],[151.2554351,-33.9762921],[151.255434,-33.9762997],[151.2554358,-33.976308],[151.2554428,-33.9763145],[151.2554494,-33.9763164],[151.2554774,-33.9763177],[151.2554946,-33.9763238],[151.2555105,-33.9763282],[151.2555238,-33.9763314],[151.2555398,-33.9763309],[151.2555472,-33.9763261],[151.2555532,-33.9763206],[151.2555583,-33.9763141],[151.2555611,-33.976307],[151.2555614,-33.9762999],[151.2555582,-33.9762941],[151.2555544,-33.9762885],[151.2555493,-33.9762825],[151.2555339,-33.9762688],[151.255525,-33.9762646],[151.2555177,-33.9762615],[151.2555085,-33.9762605],[151.2554972,-33.9762615]]]}},{"type":"Feature","properties":{"@id":"way/394856251","golf":"green","natural":"grass"},"geometry":{"type":"Polygon","coordinates":[[[151.2485253,-33.9774928],[151.248504,-33.9774661],[151.2484912,-33.9774552],[151.2484728,-33.9774435],[151.2484561,-33.9774388],[151.248443,-33.9774368],[151.2484258,-33.9774353],[151.2484094,-33.9774372],[151.2483931,-33.977442],[151.24838,-33.9774475],[151.2483712,-33.9774549],[151.2483634,-33.9774658],[151.2483597,-33.9774739],[151.248351,-33.9774945],[151.2483496,-33.9775034],[151.2483512,-33.9775104],[151.2483644,-33.9775361],[151.2483705,-33.977545],[151.2483935,-33.9775672],[151.2484339,-33.977596],[151.2484429,-33.9776041],[151.248454,-33.9776129],[151.2484666,-33.9776224],[151.2484782,-33.9776265],[151.2484958,-33.9776299],[151.2485118,-33.9776306],[151.2485273,-33.9776284],[151.2485409,-33.9776241],[151.2485512,-33.9776191],[151.2485641,-33.9776084],[151.2485712,-33.9775997],[151.2485751,-33.9775931],[151.2485785,-33.9775807],[151.2485782,-33.9775715],[151.248575,-33.9775598],[151.2485684,-33.9775503],[151.2485607,-33.9775399],[151.248534,-33.9775056],[151.2485253,-33.9774928]]]}},{"type":"Feature","properties":{"@id":"way/394856261","golf":"green","natural":"grass"},"geometry":{"type":"Polygon","coordinates":[[[151.2571681,-33.9764684],[151.2571294,-33.9764899],[151.257106,-33.9765111],[151.2570823,-33.9765455],[151.257071,-33.9765723],[151.2570687,-33.9765843],[151.2570688,-33.9765929],[151.2570708,-33.976603],[151.257077,-33.9766165],[151.2570863,-33.9766285],[151.2570993,-33.9766367],[151.2571188,-33.9766479],[151.2571389,-33.9766573],[151.2571567,-33.9766645],[151.2571725,-33.976671],[151.2571904,-33.9766763],[151.2572101,-33.976678],[151.2572298,-33.9766774],[151.2572513,-33.9766742],[151.2572646,-33.976671],[151.2572785,-33.976665],[151.2572923,-33.9766594],[151.2573031,-33.9766522],[151.2573144,-33.9766419],[151.2573257,-33.976631],[151.2573336,-33.9766168],[151.2573367,-33.9766029],[151.2573384,-33.9765897],[151.257337,-33.9765736],[151.2573333,-33.9765583],[151.2573236,-33.9765381],[151.2573145,-33.9765244],[151.2573047,-33.9765122],[151.2572919,-33.9764999],[151.2572762,-33.9764877],[151.2572575,-33.9764763],[151.2572411,-33.976469],[151.2572208,-33.9764625],[151.2571983,-33.9764602],[151.2571806,-33.9764634],[151.2571681,-33.9764684]]]}},{"type":"Feature","properties":{"@id":"way/394856268","golf":"green"},"geometry":{"type":"Polygon","coordinates":[[[151.2484453,-33.9826802],[151.2484252,-33.9826735],[151.2484051,-33.9826684],[151.248385,-33.9826676],[151.2483658,-33.9826684],[151.2483436,-33.9826711],[151.2483244,-33.9826788],[151.2483161,-33.9826845],[151.2483079,-33.9826914],[151.2482988,-33.9827011],[151.2482865,-33.9827165],[151.2482807,-33.9827255],[151.248276,-33.9827355],[151.2482738,-33.9827467],[151.2482733,-33.9827573],[151.2482757,-33.9827701],[151.2482797,-33.98278],[151.2482847,-33.9827893],[151.2482924,-33.9827974],[151.248302,-33.9828039],[151.2483136,-33.9828109],[151.2483223,-33.9828133],[151.248332,-33.9828147],[151.2483467,-33.9828145],[151.2483613,-33.9828122],[151.2483827,-33.9828075],[151.2484028,-33.9828047],[151.2484189,-33.9828028],[151.2484356,-33.9828037],[151.248452,-33.9828067],[151.2484723,-33.9828101],[151.2484927,-33.9828109],[151.2485062,-33.9828104],[151.2485198,-33.9828087],[151.2485308,-33.9828033],[151.2485399,-33.9827955],[151.2485464,-33.9827859],[151.24855,-33.9827747],[151.248552,-33.9827627],[151.2485491,-33.982749],[151.2485441,-33.9827391],[151.2485341,-33.9827292],[151.2485233,-33.9827191],[151.2485131,-33.9827094],[151.2484963,-33.9827001],[151.2484755,-33.9826907],[151.2484453,-33.9826802]]]}},{"type":"Feature","properties":{"@id":"way/394856271","golf":"fairway","natural":"grass"},"geometry":{"type":"Polygon","coordinates":[[[151.2549653,-33.9776245],[151.2550163,-33.9775941],[151.2550317,-33.977543],[151.2550198,-33.9774979],[151.2549784,-33.9774772],[151.2549275,-33.9774772],[151.2549115,-33.9774772],[151.2548256,-33.9774934],[151.2547371,-33.9775191],[151.2540232,-33.9777983],[151.253558,-33.9780265],[151.2533046,-33.9781011],[151.2531531,-33.9780657],[151.2529589,-33.9780814],[151.2528026,-33.9781364],[151.2527481,-33.9782189],[151.2527726,-33.9782578],[151.2528036,-33.9782981],[151.2529016,-33.9783182],[151.2530732,-33.9783314],[151.2533018,-33.9783092],[151.2545902,-33.9778191],[151.2549653,-33.9776245]]]}},{"type":"Feature","properties":{"@id":"way/394856277","golf":"bunker","natural":"sand"},"geometry":{"type":"Polygon","coordinates":[[[151.250063,-33.9759765],[151.2500587,-33.975972],[151.250055,-33.9759668],[151.2500516,-33.97596],[151.2500472,-33.975953],[151.250043,-33.9759457],[151.2500394,-33.975939],[151.2500357,-33.9759324],[151.250032,-33.9759289],[151.2500281,-33.9759264],[151.250021,-33.9759248],[151.250014,-33.9759248],[151.2500083,-33.975926],[151.2500031,-33.975929],[151.249999,-33.9759327],[151.2499953,-33.9759384],[151.2499935,-33.9759444],[151.2499941,-33.975951],[151.2499976,-33.9759579],[151.2500034,-33.9759635],[151.2500102,-33.975969],[151.2500135,-33.975977],[151.2500129,-33.9759842],[151.2500095,-33.975992],[151.2500072,-33.9759996],[151.2500047,-33.9760074],[151.2500039,-33.9760148],[151.2500056,-33.9760205],[151.2500094,-33.9760243],[151.2500154,-33.9760271],[151.2500232,-33.9760299],[151.2500308,-33.9760334],[151.250039,-33.9760358],[151.2500491,-33.976037],[151.250058,-33.9760366],[151.2500616,-33.9760353],[151.2500681,-33.9760332],[151.2500752,-33.9760286],[151.2500805,-33.9760227],[151.2500821,-33.9760175],[151.2500831,-33.9760117],[151.2500855,-33.9760044],[151.2500869,-33.9759967],[151.2500852,-33.9759911],[151.2500812,-33.9759876],[151.2500756,-33.9759843],[151.2500688,-33.9759802],[151.250063,-33.9759765]]]}},{"type":"Feature","properties":{"@id":"way/394856282","golf":"fairway","natural":"grass"},"geometry":{"type":"Polygon","coordinates":[[[151.2487885,-33.9778804],[151.2486474,-33.9778824],[151.2485842,-33.9778731],[151.2485632,-33.9778779],[151.2485482,-33.9778867],[151.2485408,-33.9778999],[151.248541,-33.9779142],[151.2485467,-33.9779269],[151.2485556,-33.9779382],[151.2485716,-33.9779482],[151.2485909,-33.9779604],[151.2486055,-33.9779736],[151.2487054,-33.9780852],[151.2487327,-33.9781183],[151.248761,-33.9781507],[151.2487837,-33.9781785],[151.2488151,-33.9782145],[151.2488459,-33.9782452],[151.2488822,-33.9782745],[151.2489178,-33.9783023],[151.2489497,-33.9783253],[151.2489807,-33.9783493],[151.2490163,-33.9783707],[151.2490526,-33.9783931],[151.2491018,-33.9784182],[151.2491546,-33.9784402],[151.2492069,-33.9784634],[151.2492666,-33.9784852],[151.2493185,-33.9785032],[151.2493664,-33.9785186],[151.2494192,-33.9785359],[151.2494691,-33.978548],[151.2495201,-33.9785588],[151.2495589,-33.9785656],[151.2495838,-33.978573],[151.249604,-33.9785825],[151.2496186,-33.9785958],[151.2496307,-33.9786102],[151.2496417,-33.9786265],[151.2496557,-33.9786408],[151.2496757,-33.9786481],[151.2496988,-33.9786514],[151.2497215,-33.9786488],[151.2497422,-33.9786421],[151.2497572,-33.9786348],[151.2497726,-33.9786268],[151.2497872,-33.9786122],[151.2497972,-33.9785941],[151.2498043,-33.9785751],[151.2498091,-33.9785576],[151.2498037,-33.9785351],[151.2497885,-33.978506],[151.2497646,-33.9784796],[151.2497421,-33.9784598],[151.2497077,-33.9784449],[151.2496829,-33.9784377],[151.2495963,-33.9784242],[151.2495661,-33.978416],[151.2495381,-33.9784034],[151.2494164,-33.9783414],[151.2492865,-33.9782824],[151.249133,-33.9782033],[151.2491052,-33.978187],[151.249079,-33.9781657],[151.2490565,-33.9781458],[151.2490355,-33.9781245],[151.249017,-33.978103],[151.248947,-33.9780087],[151.2488824,-33.9779327],[151.2488359,-33.9778941],[151.2488106,-33.977884],[151.2487885,-33.9778804]]]}},{"type":"Feature","properties":{"@id":"way/394856287","golf":"fairway","natural":"grass"},"geometry":{"type":"Polygon","coordinates":[[[151.2502541,-33.9757468],[151.2502284,-33.9757281],[151.2502106,-33.9757146],[151.2501879,-33.9757049],[151.2501568,-33.9756991],[151.2501284,-33.9756978],[151.2501006,-33.975698],[151.2500653,-33.9757047],[151.2500357,-33.9757151],[151.2500176,-33.9757253],[151.2500062,-33.9757374],[151.2499898,-33.975758],[151.2499801,-33.9757747],[151.2499696,-33.975804],[151.249967,-33.9758222],[151.2499645,-33.9758836],[151.2499703,-33.9759248],[151.2499793,-33.9760022],[151.2499843,-33.9760226],[151.2499931,-33.9760369],[151.2500035,-33.9760447],[151.2500097,-33.976048],[151.2500514,-33.9760608],[151.2500631,-33.9760661],[151.2500719,-33.9760722],[151.2500804,-33.9760811],[151.2500854,-33.9760914],[151.2500887,-33.9761055],[151.2500917,-33.9761165],[151.2500937,-33.9761317],[151.2500941,-33.976148],[151.2500906,-33.9761688],[151.2500813,-33.9761891],[151.2500729,-33.9762088],[151.2500672,-33.9762315],[151.2500637,-33.9762546],[151.2500623,-33.9762777],[151.2500609,-33.9763014],[151.2500632,-33.9763195],[151.2500748,-33.9763637],[151.2501803,-33.9767733],[151.2501921,-33.9769815],[151.2501345,-33.9772162],[151.2500642,-33.9773828],[151.2499702,-33.9775265],[151.2499498,-33.9775467],[151.2498587,-33.9776076],[151.2498167,-33.9776267],[151.2497805,-33.9776404],[151.2497375,-33.977645],[151.249699,-33.9776474],[151.2496578,-33.9776484],[151.2496198,-33.977646],[151.2495819,-33.9776401],[151.2495386,-33.9776315],[151.2495018,-33.9776217],[151.2494538,-33.9776078],[151.249395,-33.9775895],[151.2493009,-33.9775607],[151.249279,-33.9775571],[151.2492526,-33.9775536],[151.2492332,-33.9775547],[151.2492086,-33.9775612],[151.2491877,-33.9775695],[151.2491714,-33.9775827],[151.2491597,-33.9775992],[151.2491525,-33.9776155],[151.2491516,-33.9776332],[151.2491569,-33.9776515],[151.2491638,-33.9776676],[151.2491764,-33.97768],[151.2491988,-33.9776946],[151.2492275,-33.9777075],[151.2492639,-33.9777205],[151.2493054,-33.9777294],[151.2493852,-33.9777503],[151.2496028,-33.9777875],[151.2496604,-33.9777926],[151.2497184,-33.9777941],[151.2497695,-33.9777886],[151.2498191,-33.9777735],[151.2498785,-33.9777506],[151.2499347,-33.9777277],[151.2499803,-33.9777036],[151.2500298,-33.9776707],[151.2500642,-33.977643],[151.250088,-33.977623],[151.250127,-33.9775893],[151.2501396,-33.9775747],[151.2501618,-33.9775445],[151.2501955,-33.9774815],[151.2502321,-33.9774105],[151.2502782,-33.9773081],[151.2503082,-33.9772274],[151.2503234,-33.9771697],[151.2503397,-33.9771009],[151.2503455,-33.9770634],[151.2503521,-33.9770223],[151.2503551,-33.9769818],[151.250358,-33.9769413],[151.250359,-33.9768946],[151.2503565,-33.9768612],[151.2502464,-33.9765194],[151.2502387,-33.9764826],[151.2502376,-33.9764678],[151.2502396,-33.9764378],[151.2502495,-33.976397],[151.2502531,-33.9763856],[151.2502672,-33.9763513],[151.2502834,-33.976305],[151.250287,-33.9762744],[151.2502867,-33.9762542],[151.2502812,-33.9762067],[151.2502752,-33.9761312],[151.2502769,-33.9760869],[151.25028,-33.9760673],[151.2502859,-33.9760453],[151.2502938,-33.9760237],[151.2503154,-33.9759803],[151.2503309,-33.9759543],[151.2503442,-33.9759304],[151.2503544,-33.975904],[151.2503541,-33.9758828],[151.2503494,-33.9758665],[151.2503356,-33.9758541],[151.2503237,-33.9758417],[151.2503143,-33.9758234],[151.2503052,-33.9758026],[151.2502937,-33.9757839],[151.2502785,-33.9757687],[151.2502541,-33.9757468]]]}},{"type":"Feature","properties":{"@id":"way/394856292","golf":"bunker","natural":"sand"},"geometry":{"type":"Polygon","coordinates":[[[151.2552194,-33.9762327],[151.2552106,-33.9762266],[151.255204,-33.9762214],[151.255197,-33.9762176],[151.2551906,-33.9762167],[151.2551811,-33.9762167],[151.2551716,-33.9762182],[151.2551649,-33.9762206],[151.2551581,-33.9762235],[151.2551509,-33.9762268],[151.2551439,-33.976232],[151.2551374,-33.9762372],[151.2551321,-33.9762436],[151.2551284,-33.9762515],[151.2551259,-33.9762585],[151.2551245,-33.9762681],[151.2551277,-33.9762751],[151.2551337,-33.9762829],[151.2551391,-33.9762906],[151.2551598,-33.9762996],[151.2551833,-33.9763023],[151.255205,-33.976302],[151.2552113,-33.9763004],[151.2552152,-33.9762977],[151.2552225,-33.9762906],[151.2552284,-33.9762889],[151.2552357,-33.976289],[151.2552447,-33.9762898],[151.2552523,-33.9762933],[151.2552614,-33.9763001],[151.2552706,-33.9763064],[151.255277,-33.9763105],[151.2552847,-33.9763131],[151.2552976,-33.9763136],[151.2553094,-33.9763121],[151.2553171,-33.9763082],[151.2553237,-33.9763036],[151.2553292,-33.9762993],[151.2553341,-33.9762933],[151.2553395,-33.9762855],[151.2553444,-33.9762785],[151.2553454,-33.9762694],[151.255346,-33.97626],[151.2553453,-33.9762551],[151.2553426,-33.9762512],[151.2553378,-33.976246],[151.2553339,-33.9762417],[151.255328,-33.976237],[151.255322,-33.9762333],[151.2553143,-33.9762295],[151.2553057,-33.9762272],[151.2552958,-33.9762264],[151.2552885,-33.9762274],[151.2552793,-33.9762301],[151.2552687,-33.9762333],[151.2552541,-33.9762385],[151.2552456,-33.976242],[151.2552366,-33.976243],[151.2552299,-33.9762411],[151.2552194,-33.9762327]]]}},{"type":"Feature","properties":{"@id":"way/394856296","golf":"green"},"geometry":{"type":"Polygon","coordinates":[[[151.2508846,-33.9793419],[151.250884,-33.9793252],[151.2508905,-33.9793006],[151.2508934,-33.9792899],[151.2508979,-33.979251],[151.2508943,-33.9792339],[151.2508871,-33.9792217],[151.2508781,-33.9792097],[151.2508698,-33.979201],[151.2508503,-33.9791909],[151.2508297,-33.9791865],[151.2508127,-33.9791865],[151.2507994,-33.9791899],[151.2507898,-33.9791972],[151.2507715,-33.9792153],[151.2507608,-33.9792295],[151.2507519,-33.9792432],[151.2507486,-33.9792553],[151.2507478,-33.979281],[151.2507573,-33.9793213],[151.2507762,-33.9793605],[151.2507857,-33.9793959],[151.250788,-33.9794361],[151.2507903,-33.9794546],[151.2507922,-33.9794646],[151.2507981,-33.9794754],[151.250804,-33.9794843],[151.2508131,-33.9794894],[151.2508372,-33.9794986],[151.2508492,-33.9794997],[151.2508703,-33.9794942],[151.2508804,-33.9794882],[151.2508905,-33.9794798],[151.250896,-33.9794713],[151.2509005,-33.9794617],[151.2509071,-33.9794435],[151.2509069,-33.9794327],[151.2509029,-33.9794096],[151.2508994,-33.9793848],[151.2508971,-33.9793757],[151.2508929,-33.979364],[151.2508875,-33.9793519],[151.2508846,-33.9793419]]]}},{"type":"Feature","properties":{"@id":"way/394856300","golf":"tee","natural":"grass"},"geometry":{"type":"Polygon","coordinates":[[[151.2510388,-33.976288],[151.2510291,-33.9762755],[151.2510197,-33.9762649],[151.2510054,-33.9762501],[151.2509881,-33.9762396],[151.2509717,-33.9762337],[151.2509586,-33.9762317],[151.2509452,-33.9762333],[151.2509331,-33.976238],[151.250924,-33.976243],[151.2509173,-33.9762516],[151.2509128,-33.976261],[151.2509112,-33.9762712],[151.2509121,-33.9762808],[151.2509172,-33.9762904],[151.2509306,-33.9763004],[151.2509414,-33.9763074],[151.2509563,-33.9763158],[151.2509708,-33.9763268],[151.250984,-33.9763381],[151.250994,-33.9763519],[151.2510002,-33.9763637],[151.2510041,-33.9763724],[151.251006,-33.9763814],[151.2510062,-33.9763889],[151.2510018,-33.9764088],[151.2509903,-33.9764385],[151.2509871,-33.9764516],[151.2509862,-33.976465],[151.2509902,-33.9764746],[151.2509972,-33.9764819],[151.251008,-33.9764877],[151.2510209,-33.9764906],[151.2510371,-33.9764854],[151.2510452,-33.976481],[151.2510539,-33.9764705],[151.2510603,-33.9764536],[151.2510658,-33.9764394],[151.2510711,-33.9764205],[151.2510719,-33.9764026],[151.2510717,-33.9763821],[151.251068,-33.9763663],[151.2510616,-33.9763445],[151.2510533,-33.9763224],[151.2510469,-33.9763058],[151.2510388,-33.976288]]]}},{"type":"Feature","properties":{"@id":"way/394856309","golf":"green"},"geometry":{"type":"Polygon","coordinates":[[[151.2488774,-33.9812432],[151.2488575,-33.9812482],[151.2488398,-33.9812563],[151.2488286,-33.9812633],[151.2488163,-33.9812729],[151.2488012,-33.9812965],[151.2487899,-33.9813181],[151.2487791,-33.9813434],[151.2487585,-33.9813771],[151.2487527,-33.9814027],[151.2487557,-33.9814145],[151.2487682,-33.9814239],[151.2487872,-33.9814289],[151.2488267,-33.9814236],[151.2488495,-33.9814153],[151.2488762,-33.9814015],[151.2489021,-33.981387],[151.2489372,-33.9813724],[151.2489654,-33.9813668],[151.2490122,-33.9813656],[151.2490437,-33.9813632],[151.2490674,-33.9813602],[151.2490811,-33.9813539],[151.2490892,-33.9813451],[151.2490952,-33.981333],[151.2490958,-33.9813218],[151.2490917,-33.9813052],[151.2490811,-33.9812897],[151.2490641,-33.9812755],[151.2490512,-33.9812685],[151.2490323,-33.9812632],[151.2489548,-33.9812438],[151.2489161,-33.9812402],[151.2488774,-33.9812432]]]}},{"type":"Feature","properties":{"@id":"way/394856314","golf":"bunker","natural":"sand"},"geometry":{"type":"Polygon","coordinates":[[[151.248698,-33.977571],[151.2486876,-33.9775789],[151.248673,-33.9775882],[151.2486633,-33.9775946],[151.248644,-33.9776119],[151.2486396,-33.9776146],[151.2486308,-33.9776177],[151.2486232,-33.9776208],[151.2486147,-33.9776249],[151.2486078,-33.9776293],[151.2486016,-33.977635],[151.2485981,-33.9776411],[151.2485953,-33.9776485],[151.2485955,-33.97766],[151.2485975,-33.977672],[151.248599,-33.9776804],[151.2486017,-33.9776854],[151.2486063,-33.9776902],[151.2486144,-33.9776943],[151.2486195,-33.9776965],[151.248629,-33.9776989],[151.2486381,-33.9776999],[151.2486585,-33.9777017],[151.2486685,-33.9777027],[151.248673,-33.9777021],[151.2486763,-33.9777004],[151.2486831,-33.9776981],[151.2486893,-33.9776977],[151.2486994,-33.9776925],[151.2487135,-33.9776848],[151.2487239,-33.9776807],[151.2487309,-33.9776771],[151.2487349,-33.9776728],[151.2487391,-33.9776668],[151.2487459,-33.9776621],[151.2487557,-33.9776565],[151.2487647,-33.977653],[151.2487789,-33.9776485],[151.2487898,-33.9776451],[151.2488031,-33.9776396],[151.2488142,-33.9776327],[151.2488209,-33.9776255],[151.248826,-33.9776172],[151.2488298,-33.9776066],[151.2488317,-33.9775967],[151.2488307,-33.9775901],[151.248828,-33.977585],[151.2488226,-33.977581],[151.2488145,-33.9775783],[151.2488059,-33.9775763],[151.2487985,-33.9775756],[151.248791,-33.9775757],[151.248786,-33.9775772],[151.2487808,-33.977578],[151.248774,-33.9775782],[151.2487688,-33.9775784],[151.2487644,-33.9775772],[151.2487611,-33.9775748],[151.2487517,-33.9775587],[151.2487472,-33.9775563],[151.2487361,-33.9775544],[151.2487228,-33.9775559],[151.2487081,-33.977562],[151.248698,-33.977571]]]}},{"type":"Feature","properties":{"@id":"way/394856319","golf":"green"},"geometry":{"type":"Polygon","coordinates":[[[151.252144,-33.9844481],[151.252133,-33.984441],[151.2521187,-33.9844339],[151.2520961,-33.984425],[151.2520641,-33.984421],[151.2520233,-33.984417],[151.2519885,-33.9844104],[151.2519584,-33.9844018],[151.2519362,-33.9843979],[151.2519133,-33.9843976],[151.2518974,-33.9843998],[151.2518809,-33.9844067],[151.2518692,-33.9844143],[151.2518549,-33.9844314],[151.2518491,-33.9844462],[151.2518456,-33.9844602],[151.2518468,-33.9844705],[151.2518523,-33.9844807],[151.2518632,-33.9844943],[151.2518758,-33.984504],[151.2518909,-33.984509],[151.2519121,-33.9845163],[151.2519307,-33.9845156],[151.2519518,-33.9845127],[151.2519665,-33.9845098],[151.2519759,-33.9845106],[151.2519867,-33.9845143],[151.2519986,-33.9845246],[151.2520142,-33.9845347],[151.2520285,-33.984543],[151.2520456,-33.9845531],[151.2520623,-33.9845595],[151.2520858,-33.9845652],[151.2521106,-33.9845642],[151.252126,-33.9845587],[151.2521448,-33.9845484],[151.2521562,-33.9845344],[151.2521657,-33.9845147],[151.2521671,-33.9844886],[151.2521635,-33.9844724],[151.252144,-33.9844481]]]}},{"type":"Feature","properties":{"@id":"way/394856324","natural":"scrub"},"geometry":{"type":"Polygon","coordinates":[[[151.2503817,-33.9785848],[151.2503595,-33.9785506],[151.2503457,-33.9785341],[151.2503309,-33.9785252],[151.2503243,-33.9785145],[151.2502959,-33.9784973],[151.250282,-33.9784941],[151.2502655,-33.9784981],[151.2502443,-33.9785079],[151.2502225,-33.978528],[151.2502111,-33.9785451],[151.2502024,-33.9785623],[151.2501942,-33.9785879],[151.2501888,-33.9786116],[151.2501848,-33.9786316],[151.2501846,-33.9786472],[151.2501876,-33.9786782],[151.2501899,-33.9787125],[151.2501942,-33.9787669],[151.2501552,-33.9787667],[151.250159,-33.9789202],[151.250212,-33.978933],[151.2502154,-33.9789462],[151.250265,-33.9789561],[151.2503266,-33.9789734],[151.2504437,-33.9790032],[151.2504947,-33.9790181],[151.2505278,-33.9790319],[151.2505422,-33.9790411],[151.2505654,-33.9790454],[151.2505954,-33.9790475],[151.2506266,-33.9790512],[151.2506611,-33.9790501],[151.2507965,-33.9790602],[151.2509244,-33.9791105],[151.2509605,-33.9791224],[151.2509746,-33.9791307],[151.2509958,-33.9791401],[151.2510125,-33.9791506],[151.2510153,-33.9791638],[151.2510215,-33.9791821],[151.2510325,-33.9792001],[151.2510419,-33.9792157],[151.2510594,-33.9792242],[151.2510722,-33.9792326],[151.2510695,-33.9792509],[151.2510517,-33.9792614],[151.2510527,-33.9792907],[151.2510874,-33.9793247],[151.2510919,-33.9793291],[151.2511124,-33.9793013],[151.2511392,-33.9793047],[151.2511591,-33.9792873],[151.2511687,-33.9792696],[151.2511823,-33.9792177],[151.2511867,-33.9792124],[151.2511845,-33.9792041],[151.2511655,-33.9791313],[151.2511632,-33.9791226],[151.2511548,-33.9791019],[151.2511357,-33.9790826],[151.2511234,-33.979078],[151.2511075,-33.9790719],[151.2510683,-33.9790614],[151.2510615,-33.9790419],[151.2510615,-33.979026],[151.2510683,-33.9790017],[151.2510774,-33.9789878],[151.2510868,-33.9789723],[151.2510957,-33.9789645],[151.2511094,-33.9789663],[151.2511252,-33.9789684],[151.2511428,-33.9789614],[151.2511651,-33.9789433],[151.2511793,-33.9789247],[151.2511879,-33.9789047],[151.2512019,-33.9788959],[151.251208,-33.9788822],[151.2512159,-33.9788597],[151.2512263,-33.9788415],[151.2512453,-33.978835],[151.2512722,-33.9788224],[151.2512945,-33.9788094],[151.2513123,-33.9787946],[151.2513187,-33.9787731],[151.2513226,-33.9787412],[151.2513062,-33.9787181],[151.2513003,-33.9786922],[151.2513207,-33.9786814],[151.2513304,-33.978668],[151.2513535,-33.978647],[151.2513597,-33.9786239],[151.2513587,-33.9786021],[151.2513592,-33.9785879],[151.2513632,-33.9785756],[151.2513518,-33.978542],[151.2513369,-33.9785173],[151.2513291,-33.9785099],[151.2513184,-33.9785085],[151.2513077,-33.9785114],[151.2512832,-33.9785212],[151.2512551,-33.978539],[151.251241,-33.9785465],[151.2512328,-33.9785639],[151.2512368,-33.9785816],[151.2512464,-33.9785932],[151.2512369,-33.9786073],[151.2512206,-33.9786189],[151.2512147,-33.9786373],[151.2511881,-33.9787017],[151.2511856,-33.9787145],[151.251179,-33.9787353],[151.2511613,-33.9787544],[151.2511374,-33.9787583],[151.2510852,-33.978798],[151.2510568,-33.9788174],[151.2510451,-33.9788339],[151.2510409,-33.9788467],[151.2510394,-33.9788559],[151.2510231,-33.9788587],[151.2509813,-33.9788559],[151.2509508,-33.978862],[151.250931,-33.97887],[151.2509193,-33.9788781],[151.2508942,-33.9788791],[151.2508734,-33.9788753],[151.2508306,-33.978864],[151.2507971,-33.9788519],[151.2507757,-33.9788519],[151.2507605,-33.9788565],[151.2507515,-33.9788617],[151.2507395,-33.9788595],[151.2507134,-33.9788548],[151.2506403,-33.9788378],[151.250608,-33.9788296],[151.2505822,-33.9788235],[151.2505548,-33.9788061],[151.2505287,-33.9787835],[151.2505012,-33.9787466],[151.2504657,-33.9787042],[151.2504393,-33.978667],[151.2504163,-33.978638],[151.2503986,-33.9786165],[151.2503817,-33.9785848]]]}},{"type":"Feature","properties":{"@id":"way/394856340","golf":"fairway"},"geometry":{"type":"Polygon","coordinates":[[[151.2513831,-33.9817782],[151.2512969,-33.9818878],[151.2512485,-33.9819486],[151.2512089,-33.9820004],[151.251187,-33.9820259],[151.2511764,-33.9820315],[151.2511638,-33.9820329],[151.2511503,-33.9820316],[151.2511353,-33.9820275],[151.2511108,-33.982022],[151.2510917,-33.9820214],[151.2510758,-33.9820217],[151.2510607,-33.9820244],[151.2510486,-33.9820267],[151.2510286,-33.9820319],[151.2510127,-33.9820398],[151.2510008,-33.9820488],[151.2509899,-33.9820589],[151.250981,-33.9820699],[151.2509747,-33.9820822],[151.2509739,-33.9820994],[151.2509757,-33.982118],[151.2509892,-33.9821867],[151.2509936,-33.9822083],[151.2509956,-33.9822331],[151.2509965,-33.9822662],[151.2509987,-33.9822791],[151.2510046,-33.9822945],[151.2510129,-33.9823111],[151.2510203,-33.9823245],[151.2510287,-33.9823382],[151.2510366,-33.9823479],[151.251048,-33.9823569],[151.251062,-33.982361],[151.2510811,-33.9823604],[151.2510968,-33.9823588],[151.251118,-33.9823561],[151.2511336,-33.9823535],[151.251149,-33.9823533],[151.2511681,-33.9823534],[151.2511887,-33.9823542],[151.2512101,-33.9823522],[151.2512304,-33.9823493],[151.2512519,-33.9823452],[151.251267,-33.9823378],[151.2512789,-33.9823265],[151.251299,-33.9823015],[151.2513211,-33.9822679],[151.2513299,-33.9822481],[151.2513363,-33.9822237],[151.2513368,-33.9822028],[151.2513364,-33.9821868],[151.2513324,-33.9821716],[151.2513274,-33.9821606],[151.2513232,-33.9821508],[151.2513215,-33.9821417],[151.2513223,-33.9821322],[151.2513249,-33.9821215],[151.2513308,-33.9821126],[151.2513392,-33.9821036],[151.2513521,-33.9820949],[151.2513668,-33.9820871],[151.251378,-33.9820818],[151.2513928,-33.9820781],[151.251416,-33.9820808],[151.2514439,-33.982084],[151.2514702,-33.9820862],[151.2514897,-33.9820862],[151.2515066,-33.9820842],[151.2515209,-33.9820783],[151.2515399,-33.9820648],[151.2516185,-33.9819199],[151.2516647,-33.9818244],[151.2516913,-33.9817841],[151.2516981,-33.9817767],[151.2517442,-33.9817316],[151.2517612,-33.9817115],[151.2517702,-33.9816947],[151.2517778,-33.9816785],[151.2517768,-33.9816655],[151.2517745,-33.9816533],[151.251768,-33.9816401],[151.2517529,-33.9816291],[151.2517415,-33.9816216],[151.2516183,-33.9815741],[151.2515962,-33.9815726],[151.2515764,-33.9815738],[151.2515572,-33.9815766],[151.2515396,-33.9815855],[151.2515281,-33.9815969],[151.2515008,-33.9816261],[151.2514283,-33.9817191],[151.2513831,-33.9817782]]]}},{"type":"Feature","properties":{"@id":"way/394856361","golf":"fairway"},"geometry":{"type":"Polygon","coordinates":[[[151.2502707,-33.98353],[151.2503304,-33.9835646],[151.2506501,-33.9836897],[151.2507463,-33.9837201],[151.2507735,-33.983726],[151.2508039,-33.9837252],[151.250832,-33.9837199],[151.2508616,-33.9837102],[151.2508892,-33.9836877],[151.2509054,-33.9836652],[151.2509158,-33.9836423],[151.2509231,-33.9836169],[151.2509235,-33.9835912],[151.2509188,-33.9835649],[151.2508977,-33.9835343],[151.2508748,-33.983512],[151.2508411,-33.9834961],[151.2504889,-33.9833754],[151.2504679,-33.9833661],[151.2504428,-33.9833496],[151.2502519,-33.9832103],[151.2501562,-33.9831474],[151.2501228,-33.9831264],[151.2500803,-33.9831043],[151.2499369,-33.9830302],[151.249874,-33.9830038],[151.2497842,-33.9829773],[151.2497285,-33.9829653],[151.2492548,-33.9828917],[151.2489679,-33.98286],[151.2487505,-33.9827983],[151.2487261,-33.9827852],[151.2487097,-33.9827739],[151.2486966,-33.9827638],[151.2486822,-33.9827511],[151.2486689,-33.9827369],[151.2486397,-33.9827031],[151.2486203,-33.9826856],[151.2485921,-33.9826661],[151.2485421,-33.9826347],[151.2485075,-33.9826143],[151.2484696,-33.9825967],[151.2484439,-33.9825873],[151.2484204,-33.982583],[151.2483923,-33.9825825],[151.2483631,-33.9825867],[151.2483367,-33.9825924],[151.248309,-33.9826033],[151.2482859,-33.9826156],[151.2482643,-33.9826325],[151.2482416,-33.9826567],[151.2482232,-33.9826845],[151.248208,-33.9827116],[151.2482011,-33.9827403],[151.2481959,-33.9827688],[151.2481934,-33.9827921],[151.2481958,-33.9828144],[151.2482023,-33.982833],[151.2482152,-33.9828509],[151.2482306,-33.9828653],[151.2482504,-33.9828774],[151.248269,-33.9828878],[151.2482931,-33.9828981],[151.2483119,-33.9829037],[151.2483419,-33.9829094],[151.2483824,-33.9829138],[151.2484123,-33.982915],[151.2484424,-33.9829122],[151.2484816,-33.9829071],[151.2485338,-33.9828979],[151.2485651,-33.9828925],[151.24859,-33.9828889],[151.2486099,-33.9828879],[151.2486327,-33.9828894],[151.2486539,-33.9828935],[151.248677,-33.9829054],[151.2486972,-33.9829183],[151.2487228,-33.9829344],[151.248745,-33.9829478],[151.2487779,-33.9829647],[151.2488202,-33.9829778],[151.2492111,-33.9830532],[151.2494728,-33.9831107],[151.2497711,-33.9831902],[151.249848,-33.9832165],[151.2498956,-33.9832384],[151.2499304,-33.9832601],[151.2499667,-33.9832807],[151.2499975,-33.9833005],[151.2500265,-33.9833263],[151.2500512,-33.9833529],[151.2500943,-33.9833886],[151.250207,-33.983476],[151.2502707,-33.98353]]]}},{"type":"Feature","properties":{"@id":"way/394856378","golf":"fairway"},"geometry":{"type":"Polygon","coordinates":[[[151.2497167,-33.9837101],[151.2495436,-33.9836426],[151.2494009,-33.9836041],[151.2493177,-33.9835866],[151.2491305,-33.9835674],[151.2490921,-33.9835633],[151.2490587,-33.9835661],[151.249037,-33.9835707],[151.249009,-33.9835796],[151.2489881,-33.9835889],[151.2489722,-33.9835993],[151.2489628,-33.9836125],[151.2489553,-33.983628],[151.2489512,-33.9836389],[151.2489501,-33.9836498],[151.2489478,-33.9836692],[151.2489525,-33.983685],[151.2489656,-33.983702],[151.2489834,-33.9837164],[151.2490031,-33.9837267],[151.2490384,-33.9837396],[151.2490529,-33.9837416],[151.2490845,-33.9837356],[151.2491378,-33.9837289],[151.249188,-33.9837259],[151.2492427,-33.9837252],[151.249288,-33.9837278],[151.2493242,-33.983736],[151.2493665,-33.9837568],[151.2494221,-33.9837852],[151.2499183,-33.98401],[151.2502323,-33.9841414],[151.2510586,-33.984368],[151.2511438,-33.9843833],[151.2513746,-33.9844011],[151.2514195,-33.9843977],[151.2514444,-33.9843932],[151.2514664,-33.9843888],[151.2514956,-33.9843878],[151.2515296,-33.9843873],[151.2515513,-33.9843907],[151.2515602,-33.9843964],[151.2515717,-33.9844063],[151.2515803,-33.9844198],[151.251587,-33.9844364],[151.2515893,-33.9844532],[151.251593,-33.9844732],[151.2516012,-33.9844912],[151.2516141,-33.9845044],[151.2516302,-33.9845185],[151.251651,-33.9845312],[151.2516757,-33.9845412],[151.2517009,-33.9845455],[151.2517288,-33.9845487],[151.2517522,-33.9845513],[151.2517856,-33.9845581],[151.2518082,-33.9845641],[151.251826,-33.9845712],[151.2518443,-33.9845831],[151.2518653,-33.9846008],[151.2518819,-33.9846191],[151.2518978,-33.9846332],[151.2519138,-33.9846422],[151.2519308,-33.9846503],[151.2519495,-33.9846564],[151.2519734,-33.9846614],[151.2519992,-33.984664],[151.2520285,-33.9846664],[151.2520542,-33.984666],[151.2520825,-33.9846606],[151.2521132,-33.9846544],[151.2521387,-33.984644],[151.2521632,-33.9846295],[151.2521777,-33.9846169],[151.252191,-33.9846017],[151.2522049,-33.9845832],[151.2522125,-33.9845691],[151.2522255,-33.9845552],[151.2522359,-33.9845415],[151.2522409,-33.9845328],[151.2522428,-33.9845217],[151.2522385,-33.9845002],[151.2522315,-33.9844735],[151.252229,-33.9844537],[151.2522261,-33.9844352],[151.2522268,-33.9844199],[151.2522289,-33.9844075],[151.2522283,-33.9843936],[151.2522252,-33.9843827],[151.2522147,-33.9843745],[151.2522027,-33.9843677],[151.2521903,-33.9843625],[151.2521739,-33.9843567],[151.2521569,-33.9843533],[151.2521385,-33.9843542],[151.2521223,-33.9843555],[151.252106,-33.9843583],[151.2520879,-33.9843604],[151.2520693,-33.9843594],[151.2520538,-33.9843537],[151.2520413,-33.9843489],[151.2520303,-33.9843405],[151.25202,-33.9843319],[151.2520025,-33.9843151],[151.2519764,-33.9842892],[151.2519618,-33.9842709],[151.2519497,-33.9842575],[151.2519319,-33.984247],[151.2519151,-33.9842428],[151.2519019,-33.9842429],[151.2518882,-33.984246],[151.2518796,-33.9842515],[151.2518696,-33.9842671],[151.2518637,-33.9842839],[151.2518602,-33.9842995],[151.2518595,-33.9843164],[151.2518639,-33.9843332],[151.2518617,-33.9843448],[151.2518561,-33.9843557],[151.2518509,-33.984366],[151.2518438,-33.9843703],[151.251827,-33.9843703],[151.2518053,-33.9843685],[151.2517779,-33.9843609],[151.2517304,-33.984349],[151.2515253,-33.9842919],[151.2514623,-33.9842729],[151.2514263,-33.984256],[151.2513852,-33.9842357],[151.2508825,-33.9840894],[151.2502991,-33.9839271],[151.2498688,-33.9837864],[151.2497167,-33.9837101]]]}},{"type":"Feature","properties":{"@id":"way/394856385","golf":"fairway"},"geometry":{"type":"Polygon","coordinates":[[[151.2484869,-33.9817022],[151.2484391,-33.9817727],[151.2484013,-33.9818119],[151.2483558,-33.9818436],[151.248297,-33.9818727],[151.2481796,-33.981922],[151.2481509,-33.9819399],[151.2480189,-33.9820449],[151.2479579,-33.9820967],[151.2479476,-33.9821102],[151.2479363,-33.982144],[151.2479354,-33.9821811],[151.2479369,-33.9822104],[151.2479431,-33.9822303],[151.247956,-33.9822491],[151.2479692,-33.9822562],[151.2479891,-33.9822628],[151.248016,-33.9822648],[151.2480469,-33.9822614],[151.2480837,-33.9822515],[151.2481176,-33.9822324],[151.248168,-33.9821921],[151.2482013,-33.9821649],[151.2482584,-33.9821063],[151.2482839,-33.9820872],[151.2483149,-33.982073],[151.2483604,-33.9820467],[151.2484381,-33.9819997],[151.2484877,-33.9819597],[151.2485219,-33.9819214],[151.2485494,-33.9818871],[151.2485634,-33.9818632],[151.2486022,-33.9817723],[151.2487168,-33.9815513],[151.2487325,-33.9815253],[151.2487539,-33.9815024],[151.248774,-33.9814851],[151.2487948,-33.9814696],[151.2488236,-33.9814503],[151.2488574,-33.9814315],[151.2488985,-33.9814118],[151.2489277,-33.9813994],[151.2489542,-33.9813951],[151.2489814,-33.9813935],[151.2490315,-33.9813918],[151.249077,-33.9813902],[151.2491084,-33.9813859],[151.2491251,-33.9813804],[151.2491397,-33.9813713],[151.2491519,-33.9813558],[151.2491568,-33.9813367],[151.2491519,-33.9813085],[151.2491358,-33.9812832],[151.2491189,-33.9812638],[151.2490921,-33.981242],[151.2490551,-33.9812173],[151.2490312,-33.9812063],[151.2489921,-33.9811899],[151.2489607,-33.9811802],[151.2489247,-33.9811759],[151.2488778,-33.9811812],[151.2488419,-33.9811877],[151.2488011,-33.9812034],[151.2487372,-33.9812564],[151.2486117,-33.9813212],[151.2485383,-33.9813664],[151.2485191,-33.9813913],[151.2485075,-33.9814194],[151.2484922,-33.9814873],[151.2484894,-33.9815182],[151.2484975,-33.9816431],[151.2484959,-33.9816783],[151.2484869,-33.9817022]]]}},{"type":"Feature","properties":{"@id":"way/394856400","golf":"tee","natural":"grass"},"geometry":{"type":"Polygon","coordinates":[[[151.2482964,-33.977847],[151.2482356,-33.9778584],[151.2482588,-33.9779435],[151.2483139,-33.9779331],[151.2483176,-33.977931],[151.2483183,-33.9779273],[151.2482964,-33.977847]]]}},{"type":"Feature","properties":{"@id":"way/394856424","natural":"scrub"},"geometry":{"type":"Polygon","coordinates":[[[151.2472634,-33.9834407],[151.2472396,-33.9834316],[151.2472157,-33.9834318],[151.2471977,-33.9834406],[151.2471847,-33.9834637],[151.2471758,-33.9834979],[151.2471716,-33.9835378],[151.2471772,-33.9835624],[151.2471785,-33.9835946],[151.2471882,-33.9836214],[151.2472013,-33.9836335],[151.2472253,-33.9836387],[151.24725,-33.9836325],[151.2472668,-33.9836195],[151.2472763,-33.9836],[151.2472751,-33.9835745],[151.2472802,-33.9835488],[151.2472862,-33.9835187],[151.2472912,-33.9835024],[151.2472931,-33.9834834],[151.2472814,-33.9834684],[151.2472634,-33.9834407]]]}},{"type":"Feature","properties":{"@id":"way/394856435","golf":"fairway","natural":"grass"},"geometry":{"type":"Polygon","coordinates":[[[151.2506348,-33.9774777],[151.2506019,-33.9774829],[151.250563,-33.9774984],[151.2505374,-33.9775103],[151.2505219,-33.9775267],[151.2505148,-33.9775517],[151.250472,-33.9778544],[151.2504701,-33.9778736],[151.2504699,-33.9778944],[151.2504693,-33.9781376],[151.2504722,-33.9781587],[151.2504999,-33.978352],[151.2507565,-33.9782857],[151.2507287,-33.9779407],[151.2507288,-33.9779239],[151.2507296,-33.9779062],[151.2507424,-33.9777968],[151.2507445,-33.9777764],[151.2507693,-33.9776796],[151.2507868,-33.977625],[151.2507938,-33.9775787],[151.2507927,-33.9775554],[151.25079,-33.9775381],[151.2507797,-33.9775219],[151.2507629,-33.9775049],[151.2507454,-33.9774938],[151.2507249,-33.977486],[151.2507006,-33.9774809],[151.2506738,-33.9774771],[151.2506348,-33.9774777]]]}},{"type":"Feature","properties":{"@id":"way/394856444","natural":"scrub"},"geometry":{"type":"Polygon","coordinates":[[[151.2500364,-33.9820152],[151.2500527,-33.9820043],[151.2500537,-33.9819937],[151.2500389,-33.9819837],[151.250023,-33.9819745],[151.2500119,-33.9819627],[151.2499978,-33.98195],[151.2499803,-33.9819428],[151.2499573,-33.9819356],[151.2499175,-33.9819355],[151.2498986,-33.9819477],[151.2498796,-33.9819576],[151.249852,-33.9819657],[151.2498221,-33.9819579],[151.2497954,-33.9819505],[151.2497739,-33.9819354],[151.2497285,-33.9819362],[151.2495861,-33.9819388],[151.2495494,-33.9819412],[151.2495618,-33.9819954],[151.2495701,-33.9820245],[151.249579,-33.9820511],[151.2495901,-33.9820826],[151.249599,-33.9821036],[151.2496151,-33.9821346],[151.2496287,-33.9821558],[151.2496462,-33.9821797],[151.2496637,-33.9821987],[151.2496908,-33.9822252],[151.24972,-33.9822504],[151.2497447,-33.9822693],[151.2497612,-33.9822688],[151.2498042,-33.9822539],[151.2498266,-33.9822467],[151.249853,-33.9822405],[151.2498768,-33.9822217],[151.2498792,-33.982196],[151.2499013,-33.9821598],[151.2499123,-33.9821305],[151.249919,-33.9821012],[151.2499248,-33.9820773],[151.2499366,-33.9820651],[151.2499545,-33.9820609],[151.2499856,-33.9820542],[151.2500034,-33.9820422],[151.2500143,-33.9820241],[151.2500364,-33.9820152]]]}},{"type":"Feature","properties":{"@id":"way/394856454","golf":"fairway","natural":"grass"},"geometry":{"type":"Polygon","coordinates":[[[151.2507886,-33.9784397],[151.2507803,-33.9783995],[151.250766,-33.9783386],[151.2505158,-33.9784077],[151.2505423,-33.9785338],[151.2505557,-33.9785958],[151.2505632,-33.9786181],[151.2505746,-33.9786438],[151.2505874,-33.9786599],[151.2506072,-33.9786735],[151.2506402,-33.9786864],[151.250958,-33.9787324],[151.2509872,-33.978734],[151.2510088,-33.9787305],[151.2510336,-33.9787246],[151.2510558,-33.9787146],[151.251065,-33.9787049],[151.2511311,-33.978588],[151.2511308,-33.9785766],[151.2511258,-33.9785585],[151.2511158,-33.9785334],[151.251101,-33.9785091],[151.2510814,-33.9784814],[151.2510542,-33.9784605],[151.2510259,-33.9784483],[151.2509957,-33.9784422],[151.2509639,-33.9784422],[151.2509396,-33.9784437],[151.250922,-33.9784498],[151.2508813,-33.9784703],[151.2508647,-33.9784806],[151.2508505,-33.9784891],[151.2508361,-33.9784953],[151.2508261,-33.9784991],[151.2508142,-33.9784976],[151.2508048,-33.9784917],[151.2507956,-33.9784679],[151.2507886,-33.9784397]]]}},{"type":"Feature","properties":{"@id":"way/394856462","golf":"tee"},"geometry":{"type":"Polygon","coordinates":[[[151.2509962,-33.9785128],[151.2509791,-33.9785058],[151.2509549,-33.9785018],[151.2509319,-33.9785029],[151.250909,-33.9785068],[151.2508905,-33.9785148],[151.2508787,-33.9785268],[151.2508712,-33.9785426],[151.2508658,-33.9785608],[151.2508638,-33.9785825],[151.2508659,-33.9786011],[151.2508732,-33.9786195],[151.2508864,-33.9786318],[151.250903,-33.9786358],[151.2509311,-33.9786408],[151.2509569,-33.9786391],[151.2509811,-33.9786369],[151.2510002,-33.9786293],[151.2510159,-33.9786147],[151.2510283,-33.9785993],[151.2510354,-33.9785804],[151.2510332,-33.97856],[151.2510239,-33.9785393],[151.2510108,-33.9785226],[151.2509962,-33.9785128]]]}},{"type":"Feature","properties":{"@id":"way/394856465","golf":"hole","ref":"10","par":"4"},"geometry":{"type":"LineString","coordinates":[[151.2505727,-33.9792826],[151.2484674,-33.9775388]]}},{"type":"Feature","properties":{"@id":"way/394856468","golf":"hole","ref":"11","par":"5"},"geometry":{"type":"LineString","coordinates":[[151.2485533,-33.9781413],[151.2502752,-33.9772711],[151.2501575,-33.9758931]]}},{"type":"Feature","properties":{"@id":"way/394856471","golf":"hole","ref":"12","par":"3"},"geometry":{"type":"LineString","coordinates":[[151.2507297,-33.9757165],[151.2516563,-33.9760883],[151.252498,-33.9762303]]}},{"type":"Feature","properties":{"@id":"way/394856474","golf":"hole","ref":"13","par":"4"},"geometry":{"type":"LineString","coordinates":[[151.2529071,-33.9762182],[151.2572314,-33.9765737]]}},{"type":"Feature","properties":{"@id":"way/394856478","golf":"hole","ref":"14","par":"4"},"geometry":{"type":"LineString","coordinates":[[151.2567366,-33.976789],[151.2529879,-33.9782411]]}},{"type":"Feature","properties":{"@id":"way/394856481","golf":"hole","ref":"15","par":"3"},"geometry":{"type":"LineString","coordinates":[[151.2525857,-33.9775957],[151.2542624,-33.9771578]]}},{"type":"Feature","properties":{"@id":"way/394856483","golf":"hole","ref":"16","par":"4"},"geometry":{"type":"LineString","coordinates":[[151.2546873,-33.9768918],[151.2543213,-33.9768775],[151.2521913,-33.9767946],[151.2513316,-33.9765039]]}},{"type":"Feature","properties":{"@id":"way/394856486","golf":"hole","ref":"17","par":"4"},"geometry":{"type":"LineString","coordinates":[[151.2510418,-33.976372],[151.2508905,-33.9785148],[151.2508308,-33.9793601]]}},{"type":"Feature","properties":{"@id":"way/394856489","golf":"hole","ref":"18","par":"4"},"geometry":{"type":"LineString","coordinates":[[151.2508157,-33.9798294],[151.2515073,-33.9818623],[151.2511221,-33.9821844]]}},{"type":"Feature","properties":{"@id":"way/394856491","golf":"hole","ref":"1","par":"4"},"geometry":{"type":"LineString","coordinates":[[151.2520778,-33.9840738],[151.2514824,-33.9838417],[151.2498177,-33.983193],[151.2483977,-33.9827464]]}},{"type":"Feature","properties":{"@id":"way/394856493","golf":"hole","ref":"2","par":"5"},"geometry":{"type":"LineString","coordinates":[[151.2473403,-33.9835933],[151.2479277,-33.9836116],[151.2480018,-33.9836139],[151.2482329,-33.9836211],[151.2493362,-33.9836555],[151.2520502,-33.984496]]}},{"type":"Feature","properties":{"@id":"way/394856496","golf":"hole","ref":"7","par":"4"},"geometry":{"type":"LineString","coordinates":[[151.2466092,-33.9841945],[151.2466876,-33.9840648],[151.2468235,-33.98384],[151.2474814,-33.9827517],[151.2489187,-33.9813207]]}},{"type":"Feature","properties":{"@id":"way/394856498","golf":"hole","ref":"8","par":"3"},"geometry":{"type":"LineString","coordinates":[[151.2490727,-33.9811215],[151.2493183,-33.9813259],[151.2493255,-33.9813319],[151.2503207,-33.9821603],[151.2505094,-33.9821935]]}},{"type":"Feature","properties":{"@id":"way/394856500","golf":"hole","ref":"9","par":"3"},"geometry":{"type":"LineString","coordinates":[[151.2508303,-33.9823021],[151.2506712,-33.9813728],[151.2505993,-33.9808975]]}},{"type":"Feature","properties":{"@id":"way/394856502","golf":"driving_range","ref":"Practice Fairway"},"geometry":{"type":"Polygon","coordinates":[[[151.2522978,-33.9808863],[151.252274,-33.9808949],[151.2522556,-33.9809101],[151.252242,-33.9809275],[151.2522334,-33.9809478],[151.2520989,-33.9813692],[151.2519934,-33.9816655],[151.2518931,-33.9820744],[151.2518317,-33.9823277],[151.2518348,-33.982355],[151.2518439,-33.9823937],[151.2519281,-33.9825715],[151.2519335,-33.9825862],[151.2519366,-33.9826452],[151.2519333,-33.9827128],[151.2519146,-33.9827778],[151.2518942,-33.9828579],[151.2518915,-33.9828874],[151.2518948,-33.9829127],[151.2519001,-33.9829373],[151.2519079,-33.9829618],[151.2519192,-33.9829759],[151.2519324,-33.9829901],[151.2519486,-33.9830031],[151.251972,-33.9830147],[151.2519889,-33.9830193],[151.2520159,-33.9830209],[151.252034,-33.9830178],[151.2520536,-33.98301],[151.2520687,-33.9829992],[151.2520787,-33.9829868],[151.2520888,-33.9829731],[151.2520912,-33.982958],[151.2520912,-33.9829422],[151.2520832,-33.9829212],[151.2520781,-33.982903],[151.2520747,-33.9828886],[151.2520708,-33.9828334],[151.2520748,-33.9827855],[151.2520764,-33.9827149],[151.2520716,-33.9826427],[151.2520635,-33.9825911],[151.2520592,-33.9825189],[151.2520623,-33.9824528],[151.2520754,-33.9823819],[151.2520835,-33.9823594],[151.2521178,-33.9822787],[151.2521659,-33.9821119],[151.2522842,-33.9816625],[151.2524618,-33.9809777],[151.2524644,-33.980962],[151.2524614,-33.9809387],[151.2524522,-33.9809212],[151.2524293,-33.9809041],[151.2522978,-33.9808863]]]}},{"type":"Feature","properties":{"@id":"way/394856505","golf":"green","ref":"Practice Green"},"geometry":{"type":"Polygon","coordinates":[[[151.2510795,-33.9828255],[151.2508781,-33.9828054],[151.2508608,-33.9828046],[151.250842,-33.9828088],[151.250828,-33.9828156],[151.2508162,-33.982825],[151.2508099,-33.982835],[151.2508074,-33.9828471],[151.2508096,-33.9828557],[151.2508172,-33.9828658],[151.2508263,-33.9828733],[151.2508452,-33.9828808],[151.2508679,-33.9828855],[151.2510835,-33.9829106],[151.2511035,-33.9829076],[151.251118,-33.9829006],[151.2511269,-33.9828929],[151.2511341,-33.9828811],[151.2511345,-33.9828698],[151.2511303,-33.9828567],[151.2511233,-33.9828463],[151.2511139,-33.9828361],[151.2510968,-33.9828291],[151.2510795,-33.9828255]]]}},{"type":"Feature","properties":{"@id":"way/739509725","golf":"green"},"geometry":{"type":"Polygon","coordinates":[[[151.2553966,-33.9758763],[151.255376,-33.9758804],[151.2553331,-33.9758949],[151.2552875,-33.9759216],[151.25525,-33.9759505],[151.2552401,-33.9759679],[151.2552366,-33.9759905],[151.255239,-33.9760059],[151.2552452,-33.9760224],[151.2552559,-33.976037],[151.2552748,-33.9760512],[151.2552961,-33.9760587],[151.2553302,-33.9760679],[151.2553634,-33.9760723],[151.255397,-33.9760764],[151.2554264,-33.9760754],[151.2554544,-33.9760655],[151.2554784,-33.976057],[151.2554928,-33.9760381],[151.2554993,-33.9760176],[151.2555018,-33.9759911],[151.2554983,-33.9759647],[151.2554925,-33.9759407],[151.2554841,-33.9759188],[151.2554673,-33.9758994],[151.2554431,-33.975884],[151.2554198,-33.9758765],[151.2553966,-33.9758763]]]}},{"type":"Feature","properties":{"@id":"way/739509726","golf":"green"},"geometry":{"type":"Polygon","coordinates":[[[151.258006,-33.976243],[151.2579926,-33.9762401],[151.2579728,-33.9762459],[151.2579226,-33.9762613],[151.2578587,-33.9762856],[151.257814,-33.9763098],[151.2577986,-33.9763229],[151.2577918,-33.9763389],[151.2577871,-33.9763704],[151.2578058,-33.976397],[151.2578327,-33.9764163],[151.2578665,-33.9764222],[151.2578992,-33.9764071],[151.2579442,-33.9763805],[151.2579874,-33.9763437],[151.2580201,-33.9763137],[151.2580417,-33.9762958],[151.2580446,-33.976274],[151.2580317,-33.9762551],[151.2580206,-33.9762468],[151.258006,-33.976243]]]}},{"type":"Feature","properties":{"@id":"way/739509727","golf":"bunker","natural":"sand"},"geometry":{"type":"Polygon","coordinates":[[[151.2578008,-33.9761731],[151.2577894,-33.9761681],[151.2577794,-33.9761665],[151.2577704,-33.9761685],[151.2577637,-33.9761739],[151.2577609,-33.9762019],[151.2577647,-33.9762371],[151.2577683,-33.9762501],[151.2577713,-33.976259],[151.2577799,-33.9762652],[151.25779,-33.9762673],[151.2577993,-33.9762655],[151.2578068,-33.9762634],[151.2578153,-33.9762577],[151.2578228,-33.976252],[151.2578277,-33.9762456],[151.2578265,-33.9762389],[151.2578194,-33.9762345],[151.2578111,-33.9762304],[151.2578074,-33.9762246],[151.2578079,-33.976218],[151.25781,-33.9762129],[151.2578167,-33.9762088],[151.2578233,-33.9762043],[151.2578196,-33.9761949],[151.2578114,-33.9761834],[151.2578008,-33.9761731]]]}},{"type":"Feature","properties":{"@id":"way/739509746","golf":"water_hazard","natural":"water"},"geometry":{"type":"Polygon","coordinates":[[[151.2553951,-33.9748267],[151.2553682,-33.974827],[151.2553323,-33.9748317],[151.255286,-33.9748434],[151.2552487,-33.974855],[151.2552258,-33.9748632],[151.2552134,-33.9748704],[151.2552007,-33.974888],[151.2551933,-33.9749149],[151.2551874,-33.9749433],[151.2551788,-33.974978],[151.2551715,-33.9750215],[151.2551662,-33.9750543],[151.2551468,-33.9751597],[151.2551347,-33.9752178],[151.2551257,-33.9752887],[151.2551233,-33.9753494],[151.2551258,-33.9754081],[151.2551306,-33.9754433],[151.2551394,-33.9754622],[151.2551786,-33.975477],[151.2552015,-33.9754732],[151.2552326,-33.975466],[151.2552657,-33.9754649],[151.2552948,-33.9754475],[151.2553334,-33.9754251],[151.2553866,-33.975402],[151.2554135,-33.97539],[151.2554396,-33.9753737],[151.2554691,-33.9753521],[151.2555055,-33.9753257],[151.2555324,-33.9753028],[151.2555549,-33.9752724],[151.2555677,-33.9752541],[151.2555733,-33.9752352],[151.2555763,-33.9752095],[151.25558,-33.9751632],[151.2555777,-33.9751021],[151.2555712,-33.9750572],[151.2555644,-33.9750116],[151.2555505,-33.9749627],[151.2555338,-33.9749264],[151.2555141,-33.9748996],[151.2555006,-33.9748867],[151.2554829,-33.9748711],[151.2554629,-33.9748545],[151.2554487,-33.974845],[151.2554218,-33.9748304],[151.2553951,-33.9748267]]]}},{"type":"Feature","properties":{"@id":"way/739509747","golf":"green"},"geometry":{"type":"Polygon","coordinates":[[[151.2576571,-33.9756323],[151.2576367,-33.9756346],[151.2576192,-33.9756405],[151.2576041,-33.9756478],[151.2575936,-33.9756595],[151.2575869,-33.9756705],[151.2575798,-33.9756934],[151.2575773,-33.9757078],[151.2575757,-33.9757215],[151.2575764,-33.9757339],[151.2575791,-33.9757433],[151.2575856,-33.9757527],[151.2576008,-33.9757624],[151.2576149,-33.9757668],[151.2576517,-33.9757717],[151.2576791,-33.9757743],[151.2577095,-33.9757737],[151.2577408,-33.9757654],[151.2577595,-33.9757565],[151.2577735,-33.9757453],[151.2577808,-33.9757326],[151.2577849,-33.9757182],[151.2577856,-33.9757012],[151.2577814,-33.975681],[151.2577728,-33.9756622],[151.2577611,-33.9756482],[151.2577474,-33.9756403],[151.2577269,-33.9756363],[151.2577057,-33.9756336],[151.2576799,-33.975632],[151.2576571,-33.9756323]]]}},{"type":"Feature","properties":{"@id":"way/739509748","golf":"green"},"geometry":{"type":"Polygon","coordinates":[[[151.2582208,-33.9750686],[151.2581972,-33.975069],[151.2581858,-33.9750708],[151.2581651,-33.9750784],[151.258151,-33.9750914],[151.258141,-33.9751032],[151.2581354,-33.9751147],[151.2581331,-33.9751341],[151.2581361,-33.975153],[151.2581427,-33.9751757],[151.2581572,-33.9752018],[151.2581758,-33.9752322],[151.2581993,-33.9752579],[151.2582206,-33.9752766],[151.2582448,-33.9752858],[151.258275,-33.9752877],[151.2583057,-33.9752785],[151.2583286,-33.9752636],[151.2583417,-33.9752482],[151.2583484,-33.9752272],[151.2583497,-33.9752039],[151.2583433,-33.9751819],[151.258332,-33.9751536],[151.2583135,-33.9751303],[151.2582944,-33.9751082],[151.2582711,-33.9750903],[151.2582463,-33.9750765],[151.2582208,-33.9750686]]]}},{"type":"Feature","properties":{"@id":"way/739509763","golf":"tee"},"geometry":{"type":"Polygon","coordinates":[[[151.2574707,-33.9759833],[151.2574653,-33.9760764],[151.2579088,-33.9760665],[151.2579034,-33.9759674],[151.2574707,-33.9759833]]]}},{"type":"Feature","properties":{"@id":"way/739509764","golf":"hole","ref":"6","par":"3"},"geometry":{"type":"LineString","coordinates":[[151.2577501,-33.976019],[151.2553712,-33.9759953]]}},{"type":"Feature","properties":{"@id":"way/739509765","golf":"tee"},"geometry":{"type":"Polygon","coordinates":[[[151.2549163,-33.9760599],[151.2549331,-33.9761106],[151.2549697,-33.9761188],[151.2551285,-33.9759693],[151.2550644,-33.9759256],[151.2549163,-33.9760599]]]}},{"type":"Feature","properties":{"@id":"way/739509766","golf":"hole","ref":"7","par":"4"},"geometry":{"type":"LineString","coordinates":[[151.2549741,-33.9760609],[151.2558956,-33.9751482],[151.2556149,-33.9739336]]}},{"type":"Feature","properties":{"@id":"way/739509771","golf":"tee"},"geometry":{"type":"Polygon","coordinates":[[[151.2558754,-33.9755822],[151.2558651,-33.9757055],[151.2562544,-33.9757043],[151.2562603,-33.9755834],[151.2558754,-33.9755822]]]}},{"type":"Feature","properties":{"@id":"way/739509772","golf":"hole","ref":"15","par":"3"},"geometry":{"type":"LineString","coordinates":[[151.2559691,-33.9756426],[151.2576795,-33.9757051]]}},{"type":"Feature","properties":{"@id":"way/739509774","golf":"hole","ref":"14","par":"4"},"geometry":{"type":"LineString","coordinates":[[151.2556366,-33.9727494],[151.2566282,-33.9751901]]}},{"type":"Feature","properties":{"@id":"way/739509775","golf":"green"},"geometry":{"type":"Polygon","coordinates":[[[151.2566525,-33.9750963],[151.2566204,-33.9750996],[151.2565877,-33.9751124],[151.2565603,-33.97513],[151.2565433,-33.9751434],[151.2565287,-33.9751644],[151.25652,-33.9751928],[151.2565203,-33.9752222],[151.2565245,-33.9752484],[151.2565396,-33.9752687],[151.256569,-33.9752823],[151.2566013,-33.9752849],[151.2566298,-33.9752828],[151.2566638,-33.9752755],[151.2566895,-33.9752611],[151.256706,-33.9752403],[151.2567226,-33.9752178],[151.2567355,-33.9751963],[151.2567416,-33.975174],[151.256747,-33.9751564],[151.2567449,-33.9751402],[151.2567389,-33.9751276],[151.2567171,-33.9751072],[151.2566878,-33.9750981],[151.2566525,-33.9750963]]]}},{"type":"Feature","properties":{"@id":"way/740052961","golf":"hole","ref":"4","par":"3"},"geometry":{"type":"LineString","coordinates":[[151.2574566,-33.9736226],[151.2582398,-33.975193]]}},{"type":"Feature","properties":{"@id":"way/740052963","golf":"hole","ref":"5","par":"3"},"geometry":{"type":"LineString","coordinates":[[151.2585701,-33.9754077],[151.2583153,-33.9761261],[151.2579076,-33.9763374]]}},{"type":"Feature","properties":{"@id":"way/740052967","golf":"tee"},"geometry":{"type":"Polygon","coordinates":[[[151.2581106,-33.9758117],[151.2581562,-33.9757871],[151.2581649,-33.9757736],[151.2581665,-33.9757648],[151.2581612,-33.9757557],[151.2580563,-33.9755792],[151.2579537,-33.9756176],[151.2580784,-33.9758058],[151.2580859,-33.975812],[151.2580944,-33.9758142],[151.2581106,-33.9758117]]]}},{"type":"Feature","properties":{"@id":"way/740052968","golf":"hole","ref":"16","par":"4"},"geometry":{"type":"LineString","coordinates":[[151.2580687,-33.9757313],[151.2563521,-33.9730176]]}},{"type":"Feature","properties":{"@id":"way/825389083","golf":"green"},"geometry":{"type":"Polygon","coordinates":[[[151.2462973,-33.9869375],[151.2462855,-33.9869466],[151.2462767,-33.9869576],[151.2462708,-33.9869722],[151.2462708,-33.986988],[151.2462708,-33.9870014],[151.2462745,-33.9870166],[151.2462804,-33.9870288],[151.2462899,-33.9870398],[151.2462973,-33.9870483],[151.2463105,-33.9870581],[151.2463288,-33.9870654],[151.2463443,-33.987069],[151.2463604,-33.9870715],[151.2463766,-33.9870715],[151.2463928,-33.9870708],[151.2464119,-33.9870672],[151.2464302,-33.9870617],[151.2464515,-33.9870556],[151.2464691,-33.9870501],[151.2464875,-33.9870447],[151.2465051,-33.9870398],[151.2465242,-33.9870343],[151.2465419,-33.9870294],[151.2465573,-33.9870239],[151.2465683,-33.9870179],[151.2465779,-33.9870112],[151.2465889,-33.9870032],[151.246597,-33.9869935],[151.2466043,-33.9869813],[151.2466058,-33.9869691],[151.2466028,-33.9869569],[151.246594,-33.9869442],[151.2465845,-33.9869326],[151.2465698,-33.9869222],[151.2465544,-33.9869131],[151.2465382,-33.9869058],[151.246514,-33.9869033],[151.2464875,-33.9869009],[151.2464596,-33.9868985],[151.2464332,-33.9868948],[151.2464074,-33.9868942],[151.2463795,-33.9868979],[151.2463531,-33.9869046],[151.2463355,-33.9869131],[151.2463164,-33.9869222],[151.2462973,-33.9869375]]]}},{"type":"Feature","properties":{"@id":"way/825389084","golf":"bunker","natural":"sand"},"geometry":{"type":"Polygon","coordinates":[[[151.2463068,-33.9867072],[151.2462914,-33.9867157],[151.2462831,-33.9867208],[151.2462803,-33.986733],[151.2462809,-33.9867416],[151.2462836,-33.9867489],[151.2462863,-33.9867562],[151.2462936,-33.9867622],[151.2462932,-33.9867709],[151.2462929,-33.9867812],[151.2462879,-33.9867871],[151.2462805,-33.9867899],[151.2462726,-33.9867889],[151.24627,-33.9867811],[151.2462659,-33.9867753],[151.2462579,-33.986773],[151.246248,-33.9867737],[151.2462404,-33.9867773],[151.2462368,-33.9867834],[151.246237,-33.9867929],[151.2462342,-33.9867997],[151.2462259,-33.9868016],[151.2462163,-33.9868035],[151.246209,-33.9868021],[151.2462041,-33.9868057],[151.2462021,-33.9868114],[151.2462048,-33.9868197],[151.2462102,-33.986823],[151.2462113,-33.9868284],[151.2462094,-33.9868348],[151.2462054,-33.986838],[151.2462005,-33.9868459],[151.2461951,-33.9868516],[151.2461893,-33.9868584],[151.246189,-33.9868661],[151.2461894,-33.9868752],[151.2461883,-33.9868843],[151.2461806,-33.9868895],[151.2461683,-33.9868938],[151.2461601,-33.9869001],[151.2461567,-33.9869103],[151.2461582,-33.9869213],[151.2461623,-33.986933],[151.2461736,-33.9869387],[151.24619,-33.9869362],[151.2462056,-33.9869282],[151.246217,-33.9869177],[151.2462218,-33.9869059],[151.2462247,-33.9868956],[151.2462351,-33.9868944],[151.2462482,-33.9868926],[151.2462573,-33.9868868],[151.2462638,-33.9868793],[151.2462724,-33.9868746],[151.2462804,-33.986873],[151.2462868,-33.9868697],[151.2462877,-33.9868633],[151.2462885,-33.9868557],[151.2462936,-33.9868497],[151.2463006,-33.9868432],[151.2463099,-33.9868355],[151.2463229,-33.9868295],[151.2463604,-33.9868175],[151.24637,-33.9868083],[151.2463708,-33.9867999],[151.2463739,-33.986791],[151.2463797,-33.9867839],[151.2463785,-33.9867772],[151.24638,-33.9867713],[151.2463865,-33.9867665],[151.2463928,-33.9867676],[151.2464022,-33.9867731],[151.2464168,-33.9867771],[151.2464307,-33.9867813],[151.2464454,-33.9867881],[151.2464621,-33.9867877],[151.2464696,-33.9867801],[151.2464635,-33.98677],[151.2464543,-33.9867613],[151.2464523,-33.9867511],[151.2464545,-33.9867407],[151.2464493,-33.9867304],[151.2464427,-33.9867267],[151.2464478,-33.98672],[151.2464592,-33.9867128],[151.2464712,-33.9866992],[151.2464648,-33.9866935],[151.2464518,-33.9866906],[151.2464373,-33.9866889],[151.2464309,-33.9866914],[151.2464214,-33.9866942],[151.2464076,-33.9866971],[151.2463956,-33.9866987],[151.2463839,-33.986701],[151.2463781,-33.9867091],[151.2463759,-33.9867176],[151.2463751,-33.9867255],[151.2463691,-33.9867301],[151.2463631,-33.9867283],[151.2463575,-33.9867279],[151.2463536,-33.9867256],[151.2463509,-33.9867212],[151.2463435,-33.9867157],[151.2463347,-33.9867127],[151.2463215,-33.9867084],[151.2463068,-33.9867072]]]}},{"type":"Feature","properties":{"@id":"way/825389090","golf":"hole","ref":"5","par":"3"},"geometry":{"type":"LineString","coordinates":[[151.2448058,-33.9881786],[151.244996,-33.9880373],[151.245321,-33.9877959],[151.2460995,-33.9872177],[151.2461672,-33.9871674],[151.2464256,-33.9869755]]}},{"type":"Feature","properties":{"@id":"way/825389091","golf":"bunker","natural":"sand"},"geometry":{"type":"Polygon","coordinates":[[[151.2485049,-33.9862477],[151.2484889,-33.9862491],[151.2484772,-33.9862518],[151.2484634,-33.9862647],[151.2484651,-33.9862711],[151.2484704,-33.9862771],[151.24848,-33.9862776],[151.2484919,-33.9862785],[151.2484961,-33.9862826],[151.2484969,-33.9862886],[151.2484921,-33.9862922],[151.2484847,-33.986294],[151.24848,-33.9862991],[151.2484792,-33.9863056],[151.2484864,-33.9863085],[151.2484978,-33.9863122],[151.2485038,-33.9863185],[151.2485118,-33.9863241],[151.2485184,-33.9863273],[151.2485259,-33.986325],[151.2485292,-33.9863208],[151.2485316,-33.9863133],[151.248536,-33.9863087],[151.24854,-33.9863018],[151.2485464,-33.9862977],[151.2485527,-33.9862942],[151.2485573,-33.9862912],[151.2485581,-33.9862854],[151.2485626,-33.9862843],[151.2485692,-33.9862847],[151.2485756,-33.9862815],[151.2485799,-33.9862766],[151.248587,-33.9862745],[151.2485946,-33.986278],[151.2485989,-33.9862852],[151.2485989,-33.9862915],[151.2485931,-33.9862922],[151.2485828,-33.9862884],[151.2485768,-33.9862901],[151.2485721,-33.9862955],[151.2485684,-33.9863036],[151.2485689,-33.9863128],[151.2485772,-33.9863189],[151.2485881,-33.9863213],[151.2485985,-33.9863217],[151.248608,-33.986319],[151.2486165,-33.9863141],[151.2486247,-33.986306],[151.2486297,-33.986298],[151.2486302,-33.9862899],[151.2486289,-33.9862794],[151.2486254,-33.9862657],[151.24862,-33.986262],[151.24861,-33.9862586],[151.2485982,-33.9862555],[151.2485914,-33.9862489],[151.2485888,-33.9862438],[151.2485919,-33.9862371],[151.2485875,-33.9862331],[151.2485725,-33.9862328],[151.2485561,-33.9862337],[151.2485457,-33.9862369],[151.2485418,-33.9862441],[151.2485386,-33.9862475],[151.2485234,-33.9862478],[151.2485049,-33.9862477]]]}},{"type":"Feature","properties":{"@id":"way/825389092","golf":"bunker","natural":"sand"},"geometry":{"type":"Polygon","coordinates":[[[151.2487977,-33.9863294],[151.2487999,-33.9863222],[151.2488031,-33.9863174],[151.2488112,-33.9863163],[151.2488197,-33.986317],[151.2488258,-33.9863207],[151.2488305,-33.9863268],[151.2488294,-33.9863351],[151.2488309,-33.9863413],[151.2488345,-33.9863464],[151.2488351,-33.9863547],[151.2488308,-33.9863595],[151.2488224,-33.986364],[151.2488122,-33.9863665],[151.2488092,-33.986373],[151.2488134,-33.9863789],[151.2488187,-33.986385],[151.2488292,-33.9863883],[151.2488395,-33.9863902],[151.2488535,-33.9863921],[151.2488652,-33.9863893],[151.2488722,-33.9863844],[151.2488778,-33.9863788],[151.2488794,-33.9863718],[151.2488782,-33.986364],[151.2488733,-33.986358],[151.248866,-33.9863555],[151.2488628,-33.9863511],[151.2488633,-33.9863449],[151.2488671,-33.9863399],[151.2488753,-33.986338],[151.2488844,-33.9863392],[151.2488931,-33.9863421],[151.2488979,-33.9863479],[151.2489031,-33.986353],[151.2489083,-33.9863569],[151.2489159,-33.9863608],[151.2489254,-33.9863605],[151.2489328,-33.9863593],[151.2489389,-33.9863532],[151.2489416,-33.9863472],[151.2489432,-33.9863373],[151.2489422,-33.9863282],[151.2489434,-33.9863185],[151.2489447,-33.9863101],[151.2489435,-33.986303],[151.2489493,-33.9863002],[151.248956,-33.9863005],[151.2489606,-33.9863042],[151.2489648,-33.9863083],[151.2489725,-33.9863122],[151.2489787,-33.986314],[151.2489861,-33.9863153],[151.2489888,-33.9863184],[151.2489888,-33.9863253],[151.2489886,-33.986332],[151.2489844,-33.986335],[151.2489777,-33.9863344],[151.2489695,-33.9863392],[151.2489665,-33.9863476],[151.2489638,-33.9863541],[151.2489687,-33.9863597],[151.2489753,-33.9863623],[151.248978,-33.9863693],[151.2489811,-33.9863769],[151.2489849,-33.9863821],[151.2489917,-33.9863824],[151.2490005,-33.9863821],[151.2490089,-33.9863828],[151.2490192,-33.9863825],[151.2490259,-33.9863799],[151.2490308,-33.9863754],[151.2490405,-33.9863767],[151.2490495,-33.986381],[151.2490593,-33.9863844],[151.249068,-33.9863843],[151.2490741,-33.9863804],[151.2490797,-33.9863755],[151.2490827,-33.9863683],[151.249081,-33.9863609],[151.2490752,-33.9863566],[151.2490654,-33.9863546],[151.2490563,-33.9863487],[151.2490467,-33.9863466],[151.2490333,-33.9863447],[151.2490251,-33.9863444],[151.2490154,-33.986338],[151.2490094,-33.9863298],[151.2490095,-33.9863175],[151.2490122,-33.9863068],[151.2490157,-33.9862997],[151.2490188,-33.9862938],[151.2490167,-33.9862863],[151.2490095,-33.9862814],[151.2490023,-33.9862781],[151.2489936,-33.9862744],[151.2489886,-33.9862679],[151.2489839,-33.9862665],[151.2489758,-33.9862706],[151.2489632,-33.9862758],[151.2489499,-33.9862788],[151.2489387,-33.9862774],[151.2489321,-33.9862732],[151.2489321,-33.9862666],[151.2489408,-33.9862614],[151.2489486,-33.9862573],[151.2489526,-33.9862532],[151.2489496,-33.9862482],[151.2489391,-33.9862422],[151.2489299,-33.9862406],[151.2489231,-33.9862433],[151.2489209,-33.9862488],[151.2489114,-33.986254],[151.2489076,-33.9862647],[151.2488954,-33.9862747],[151.248887,-33.9862814],[151.2488777,-33.9862909],[151.2488653,-33.9862934],[151.2488541,-33.9862907],[151.2488436,-33.9862898],[151.2488363,-33.9862855],[151.2488381,-33.9862809],[151.2488429,-33.9862736],[151.2488387,-33.9862658],[151.2488326,-33.9862631],[151.2488243,-33.9862595],[151.2488156,-33.9862601],[151.2488045,-33.9862628],[151.2487931,-33.9862658],[151.2487798,-33.9862657],[151.2487691,-33.9862694],[151.2487643,-33.9862744],[151.2487659,-33.9862813],[151.2487716,-33.9862881],[151.2487804,-33.9862927],[151.248784,-33.9862992],[151.2487835,-33.9863052],[151.2487826,-33.9863124],[151.2487829,-33.9863193],[151.2487839,-33.9863261],[151.2487897,-33.98633],[151.2487977,-33.9863294]]]}},{"type":"Feature","properties":{"@id":"way/825389093","golf":"bunker","natural":"sand"},"geometry":{"type":"Polygon","coordinates":[[[151.2493117,-33.9860422],[151.2493048,-33.9860426],[151.2492962,-33.9860398],[151.2492901,-33.9860359],[151.2492798,-33.9860384],[151.2492728,-33.9860455],[151.2492696,-33.9860532],[151.2492699,-33.9860619],[151.2492756,-33.9860671],[151.2492878,-33.9860681],[151.2492977,-33.9860703],[151.2493124,-33.9860695],[151.2493195,-33.9860753],[151.2493253,-33.9860847],[151.2493314,-33.9860888],[151.2493388,-33.9860874],[151.2493437,-33.9860808],[151.2493475,-33.9860741],[151.2493491,-33.9860613],[151.2493494,-33.9860458],[151.2493448,-33.9860343],[151.2493383,-33.9860274],[151.2493319,-33.9860246],[151.2493236,-33.9860272],[151.2493189,-33.986032],[151.2493184,-33.9860376],[151.2493117,-33.9860422]]]}},{"type":"Feature","properties":{"@id":"way/825389094","golf":"bunker","natural":"sand"},"geometry":{"type":"Polygon","coordinates":[[[151.2494754,-33.9861863],[151.2494617,-33.9861785],[151.2494565,-33.986181],[151.2494628,-33.9861869],[151.2494716,-33.9861922],[151.2494848,-33.9861965],[151.2494991,-33.9862003],[151.2495157,-33.9862083],[151.249529,-33.9862136],[151.2495389,-33.9862143],[151.2495453,-33.9862091],[151.2495436,-33.9862031],[151.2495347,-33.9861985],[151.2495302,-33.9861946],[151.2495235,-33.9861938],[151.2495186,-33.9861986],[151.2495106,-33.9861985],[151.2495063,-33.9861962],[151.2495091,-33.9861903],[151.2495061,-33.9861858],[151.2494974,-33.9861859],[151.2494851,-33.9861863],[151.2494754,-33.9861863]]]}},{"type":"Feature","properties":{"@id":"way/825389096","golf":"bunker","natural":"sand"},"geometry":{"type":"Polygon","coordinates":[[[151.2503426,-33.9860302],[151.2503515,-33.9860294],[151.25037,-33.9860211],[151.2503801,-33.9860115],[151.2503856,-33.9860037],[151.250388,-33.9859945],[151.2503865,-33.9859853],[151.2503877,-33.9859775],[151.2503917,-33.9859683],[151.2503957,-33.9859595],[151.2503975,-33.9859528],[151.2503927,-33.9859464],[151.2503845,-33.985944],[151.2503816,-33.9859401],[151.2503849,-33.9859354],[151.2503945,-33.9859315],[151.2504037,-33.9859297],[151.250411,-33.9859267],[151.2504181,-33.9859238],[151.2504197,-33.9859161],[151.2504169,-33.9859092],[151.2504102,-33.9859043],[151.2503997,-33.9859041],[151.2503848,-33.9859044],[151.2503596,-33.9859022],[151.2503502,-33.9858979],[151.2503369,-33.9858969],[151.2503308,-33.985895],[151.2503261,-33.98589],[151.2503156,-33.9858883],[151.2503065,-33.9858921],[151.2502974,-33.9858959],[151.2502802,-33.9859039],[151.2502704,-33.9859062],[151.2502602,-33.9859128],[151.2502507,-33.9859096],[151.2502433,-33.9859055],[151.2502338,-33.9859025],[151.2502254,-33.985907],[151.2502236,-33.9859124],[151.2502328,-33.985919],[151.2502407,-33.9859283],[151.250235,-33.9859359],[151.2502278,-33.9859397],[151.2502189,-33.985934],[151.2502152,-33.985925],[151.2502084,-33.9859159],[151.2502022,-33.9859075],[151.2502009,-33.9859021],[151.2502057,-33.9858969],[151.250205,-33.9858909],[151.2501984,-33.9858912],[151.2501916,-33.9858954],[151.2501854,-33.9858906],[151.2501757,-33.9858902],[151.2501652,-33.9858882],[151.2501548,-33.9858899],[151.2501445,-33.9859112],[151.2501486,-33.9859175],[151.2501898,-33.9859416],[151.2501945,-33.9859496],[151.2502035,-33.9859516],[151.2502112,-33.9859619],[151.2502167,-33.9859699],[151.250223,-33.9859766],[151.2502359,-33.9859788],[151.2502445,-33.9859828],[151.250256,-33.9859847],[151.2502598,-33.9859934],[151.2502672,-33.9859973],[151.2502769,-33.9859977],[151.2502892,-33.9859953],[151.2502983,-33.985996],[151.2503081,-33.9860025],[151.2503156,-33.9860116],[151.2503178,-33.9860187],[151.2503264,-33.9860221],[151.2503356,-33.9860268],[151.2503426,-33.9860302]]]}},{"type":"Feature","properties":{"@id":"way/825389097","golf":"bunker","natural":"sand"},"geometry":{"type":"Polygon","coordinates":[[[151.2504613,-33.9858115],[151.250447,-33.9858158],[151.2504371,-33.9858188],[151.2504259,-33.985824],[151.2504224,-33.9858305],[151.2504241,-33.9858376],[151.2504275,-33.9858487],[151.2504382,-33.9858534],[151.250441,-33.985859],[151.2504386,-33.9858685],[151.2504463,-33.9858813],[151.2504547,-33.9858726],[151.2504546,-33.9858574],[151.2504664,-33.9858506],[151.2504729,-33.9858445],[151.250479,-33.9858406],[151.2504858,-33.9858406],[151.2504924,-33.985844],[151.2504963,-33.9858489],[151.2504971,-33.9858558],[151.2505,-33.9858609],[151.2505108,-33.9858629],[151.2505201,-33.9858676],[151.2505282,-33.9858693],[151.2505428,-33.9858685],[151.2505525,-33.9858621],[151.2505608,-33.9858571],[151.2505676,-33.9858544],[151.2505688,-33.9858503],[151.2505637,-33.985844],[151.2505654,-33.9858399],[151.2505719,-33.9858369],[151.250576,-33.9858312],[151.2505715,-33.9858238],[151.2505663,-33.9858184],[151.2505552,-33.9858185],[151.2505503,-33.9858155],[151.2505394,-33.9858169],[151.2505331,-33.9858142],[151.2505274,-33.9858072],[151.2505245,-33.9858006],[151.2505289,-33.9857956],[151.2505304,-33.9857888],[151.2505251,-33.9857833],[151.2505181,-33.9857808],[151.2505108,-33.9857824],[151.2505079,-33.9857874],[151.2505066,-33.9857938],[151.2505082,-33.9858007],[151.250506,-33.9858069],[151.2505013,-33.9858115],[151.2504934,-33.9858112],[151.2504891,-33.9858072],[151.2504818,-33.9858026],[151.2504769,-33.9858017],[151.2504693,-33.9858084],[151.2504613,-33.9858115]]]}},{"type":"Feature","properties":{"@id":"way/825389098","golf":"bunker","natural":"sand"},"geometry":{"type":"Polygon","coordinates":[[[151.2505083,-33.9859473],[151.2505131,-33.9859528],[151.2505224,-33.985957],[151.2505324,-33.9859545],[151.2505471,-33.985953],[151.2505628,-33.9859452],[151.2505757,-33.9859285],[151.2506079,-33.9859212],[151.2506243,-33.9859124],[151.2506403,-33.9858977],[151.2506369,-33.9858905],[151.2506376,-33.9858835],[151.2506245,-33.9858883],[151.2506174,-33.9858909],[151.2506106,-33.9858912],[151.2506042,-33.9858915],[151.2505938,-33.9859038],[151.2505844,-33.9859092],[151.2505742,-33.9859089],[151.2505706,-33.9859032],[151.2505743,-33.9858925],[151.2505808,-33.9858797],[151.2505762,-33.9858769],[151.2505643,-33.985878],[151.2505582,-33.9858873],[151.250553,-33.985896],[151.2505404,-33.9859038],[151.2505342,-33.9859134],[151.2505268,-33.9859229],[151.2505132,-33.9859342],[151.2505102,-33.9859414],[151.2505083,-33.9859473]]]}},{"type":"Feature","properties":{"@id":"way/825389100","golf":"bunker","natural":"sand"},"geometry":{"type":"Polygon","coordinates":[[[151.2508405,-33.9857862],[151.2508401,-33.9857903],[151.2508437,-33.9857931],[151.2508589,-33.9857916],[151.2508655,-33.985792],[151.2508672,-33.9857953],[151.2508625,-33.9858001],[151.250856,-33.9858007],[151.2508505,-33.9858041],[151.2508431,-33.9858059],[151.2508382,-33.9858062],[151.2508369,-33.9858087],[151.2508388,-33.9858128],[151.2508419,-33.9858155],[151.2508495,-33.985814],[151.2508599,-33.9858127],[151.250865,-33.9858109],[151.2508672,-33.985807],[151.2508723,-33.9857998],[151.2508786,-33.9857967],[151.2508903,-33.9857962],[151.2509001,-33.9857967],[151.250908,-33.9857996],[151.2509147,-33.9857998],[151.2509198,-33.9857963],[151.2509251,-33.9857937],[151.2509319,-33.9857936],[151.2509377,-33.9857919],[151.250939,-33.9857886],[151.2509347,-33.9857848],[151.2509336,-33.9857795],[151.2509386,-33.9857748],[151.2509431,-33.9857695],[151.2509447,-33.9857647],[151.2509428,-33.9857594],[151.2509389,-33.985757],[151.2509347,-33.9857548],[151.2509321,-33.9857565],[151.2509334,-33.98576],[151.2509357,-33.9857645],[151.2509344,-33.9857689],[151.2509315,-33.985773],[151.2509261,-33.9857754],[151.250921,-33.9857752],[151.2509188,-33.9857718],[151.2509149,-33.9857705],[151.2509123,-33.9857719],[151.2509117,-33.9857756],[151.2509091,-33.9857777],[151.2509062,-33.9857781],[151.2509044,-33.9857829],[151.2509004,-33.9857857],[151.250895,-33.985785],[151.2508899,-33.9857847],[151.2508856,-33.9857848],[151.2508819,-33.9857875],[151.2508743,-33.9857863],[151.2508718,-33.9857837],[151.2508577,-33.9857836],[151.25085,-33.9857824],[151.2508447,-33.9857829],[151.2508405,-33.9857862]]]}},{"type":"Feature","properties":{"@id":"way/825389101","golf":"bunker","natural":"sand"},"geometry":{"type":"Polygon","coordinates":[[[151.2509277,-33.985852],[151.2509237,-33.9858563],[151.2509241,-33.9858602],[151.250929,-33.9858634],[151.2509383,-33.985866],[151.2509435,-33.9858689],[151.2509487,-33.9858689],[151.250953,-33.9858671],[151.2509595,-33.9858663],[151.2509652,-33.9858681],[151.2509691,-33.9858709],[151.2509689,-33.9858748],[151.250968,-33.9858785],[151.25097,-33.9858806],[151.2509751,-33.9858818],[151.2509831,-33.9858799],[151.2509911,-33.9858746],[151.2509938,-33.9858713],[151.2509944,-33.985867],[151.2509927,-33.9858626],[151.2509861,-33.9858568],[151.2509792,-33.9858525],[151.2509714,-33.9858502],[151.2509621,-33.9858487],[151.2509561,-33.9858457],[151.2509524,-33.9858415],[151.2509484,-33.9858409],[151.2509406,-33.9858426],[151.2509335,-33.9858456],[151.2509277,-33.985852]]]}},{"type":"Feature","properties":{"@id":"way/825389102","golf":"bunker","natural":"sand"},"geometry":{"type":"Polygon","coordinates":[[[151.2510919,-33.9858207],[151.2510898,-33.9858228],[151.2510902,-33.9858265],[151.2510863,-33.985831],[151.2510807,-33.9858322],[151.2510729,-33.9858323],[151.2510692,-33.9858344],[151.2510656,-33.9858378],[151.2510612,-33.9858439],[151.251059,-33.9858486],[151.2510629,-33.9858528],[151.2510631,-33.9858551],[151.2510588,-33.9858589],[151.2510594,-33.985862],[151.2510631,-33.9858649],[151.2510732,-33.9858684],[151.2510824,-33.9858681],[151.2510895,-33.9858664],[151.2510918,-33.9858632],[151.2510894,-33.9858602],[151.2510882,-33.9858561],[151.251091,-33.985852],[151.2510927,-33.9858468],[151.2510948,-33.9858438],[151.251099,-33.9858426],[151.2511044,-33.9858437],[151.2511104,-33.9858429],[151.2511153,-33.9858396],[151.2511167,-33.9858351],[151.2511162,-33.9858303],[151.251114,-33.9858262],[151.2511093,-33.9858229],[151.251103,-33.9858207],[151.2510965,-33.9858194],[151.2510919,-33.9858207]]]}},{"type":"Feature","properties":{"@id":"way/825389103","golf":"bunker","natural":"sand"},"geometry":{"type":"Polygon","coordinates":[[[151.2510243,-33.9858061],[151.2510311,-33.9858008],[151.2510369,-33.9857962],[151.2510441,-33.9857926],[151.2510501,-33.98579],[151.2510564,-33.9857852],[151.2510569,-33.9857785],[151.2510554,-33.9857721],[151.2510529,-33.9857663],[151.2510479,-33.9857629],[151.2510425,-33.9857626],[151.2510353,-33.9857619],[151.2510289,-33.9857599],[151.2510218,-33.9857571],[151.2510186,-33.9857598],[151.2510175,-33.985763],[151.2510207,-33.9857671],[151.2510292,-33.9857698],[151.2510333,-33.9857748],[151.251037,-33.985779],[151.2510352,-33.9857833],[151.2510268,-33.9857848],[151.2510184,-33.9857863],[151.2510105,-33.9857898],[151.2510058,-33.9857898],[151.2510006,-33.9857855],[151.2509972,-33.9857837],[151.2509925,-33.9857861],[151.2509899,-33.9857889],[151.2509908,-33.9857934],[151.2509898,-33.9857964],[151.2509863,-33.9858006],[151.2509879,-33.9858058],[151.2509926,-33.9858101],[151.2509992,-33.9858147],[151.2510056,-33.9858165],[151.2510116,-33.9858149],[151.2510177,-33.9858113],[151.2510243,-33.9858061]]]}},{"type":"Feature","properties":{"@id":"way/825389104","golf":"bunker","natural":"sand"},"geometry":{"type":"Polygon","coordinates":[[[151.2511876,-33.9857151],[151.2511817,-33.9857175],[151.251178,-33.9857215],[151.2511751,-33.9857244],[151.2511708,-33.9857274],[151.2511702,-33.9857339],[151.2511727,-33.985742],[151.2511709,-33.985745],[151.2511657,-33.9857458],[151.251158,-33.9857451],[151.2511508,-33.9857474],[151.2511453,-33.9857501],[151.2511417,-33.9857528],[151.2511332,-33.9857552],[151.2511287,-33.9857591],[151.2511262,-33.9857659],[151.2511285,-33.9857762],[151.2511322,-33.9857812],[151.2511376,-33.9857836],[151.2511426,-33.9857831],[151.251145,-33.9857804],[151.2511468,-33.9857776],[151.251151,-33.9857765],[151.2511573,-33.9857754],[151.2511636,-33.9857769],[151.2511707,-33.9857781],[151.2511766,-33.985781],[151.2511828,-33.9857858],[151.2511885,-33.9857901],[151.2511895,-33.9857934],[151.2511863,-33.9857974],[151.2511838,-33.9858012],[151.2511861,-33.9858048],[151.2511886,-33.9858066],[151.2511922,-33.9858087],[151.2511971,-33.9858085],[151.2512034,-33.9858077],[151.2512079,-33.985804],[151.2512124,-33.9858008],[151.2512143,-33.9857949],[151.2512117,-33.985788],[151.2512075,-33.9857807],[151.2512021,-33.9857745],[151.2511963,-33.9857702],[151.2511912,-33.9857671],[151.2511898,-33.9857634],[151.2511911,-33.985761],[151.2511962,-33.98576],[151.2512015,-33.9857604],[151.2512079,-33.9857581],[151.2512103,-33.9857538],[151.2512139,-33.9857488],[151.2512147,-33.985741],[151.2512123,-33.9857346],[151.2512085,-33.985729],[151.2512033,-33.9857238],[151.2511998,-33.9857189],[151.2511986,-33.9857153],[151.251193,-33.9857142],[151.2511876,-33.9857151]]]}},{"type":"Feature","properties":{"@id":"way/825389105","golf":"bunker","natural":"sand"},"geometry":{"type":"Polygon","coordinates":[[[151.2509732,-33.9855081],[151.2509801,-33.9855005],[151.2509771,-33.9854955],[151.2509704,-33.9854898],[151.2509609,-33.9854857],[151.2509529,-33.9854821],[151.2509372,-33.9854785],[151.2509267,-33.9854772],[151.2509197,-33.9854758],[151.2509159,-33.985472],[151.2509127,-33.9854669],[151.2509056,-33.9854635],[151.2508993,-33.985459],[151.2508919,-33.9854551],[151.2508745,-33.9854512],[151.250861,-33.9854519],[151.2508545,-33.9854533],[151.2508497,-33.9854598],[151.2508447,-33.985466],[151.2508349,-33.9854676],[151.2508258,-33.9854638],[151.2508195,-33.9854642],[151.2508124,-33.9854624],[151.2508071,-33.9854586],[151.250798,-33.9854608],[151.2507929,-33.9854659],[151.250785,-33.9854684],[151.2507772,-33.9854693],[151.2507702,-33.9854745],[151.2507647,-33.9854852],[151.2507583,-33.9854896],[151.250749,-33.9854886],[151.250742,-33.985483],[151.2507356,-33.9854827],[151.250727,-33.9854857],[151.2507205,-33.9854835],[151.2507131,-33.9854752],[151.2507074,-33.985473],[151.2506944,-33.9854752],[151.2506728,-33.9854739],[151.2506695,-33.9854776],[151.2506711,-33.9854862],[151.250668,-33.9854892],[151.2506579,-33.9854931],[151.250648,-33.9854913],[151.2506426,-33.985488],[151.2506356,-33.9854843],[151.2506301,-33.9854775],[151.2506245,-33.9854752],[151.2506162,-33.9854763],[151.2505984,-33.9854795],[151.2505859,-33.9854821],[151.2505693,-33.9854854],[151.25056,-33.9854903],[151.2505543,-33.985495],[151.2505457,-33.985496],[151.2505502,-33.9855021],[151.2505499,-33.9855079],[151.2505467,-33.9855136],[151.2505367,-33.9855235],[151.2505282,-33.9855274],[151.2505237,-33.9855364],[151.2505266,-33.9855447],[151.250534,-33.9855466],[151.2505407,-33.9855484],[151.2505426,-33.9855531],[151.2505407,-33.9855581],[151.2505382,-33.9855619],[151.2505365,-33.9855744],[151.2505405,-33.9855819],[151.250538,-33.9855938],[151.2505348,-33.9856037],[151.2505407,-33.9856067],[151.250547,-33.98561],[151.2505578,-33.9856101],[151.2505707,-33.9856062],[151.2505744,-33.9855932],[151.2505919,-33.9855879],[151.2506058,-33.9855879],[151.2506254,-33.9855831],[151.2506334,-33.9855806],[151.2506375,-33.9855738],[151.2506494,-33.9855635],[151.2506596,-33.9855574],[151.2506758,-33.9855536],[151.2506867,-33.9855537],[151.2506991,-33.985551],[151.2507094,-33.9855428],[151.2507247,-33.9855378],[151.2507379,-33.9855386],[151.2507436,-33.9855451],[151.2507551,-33.9855463],[151.2507669,-33.9855429],[151.2507776,-33.9855387],[151.2507887,-33.9855313],[151.2508015,-33.9855258],[151.2508167,-33.9855228],[151.25083,-33.9855214],[151.2508387,-33.9855232],[151.2508484,-33.9855251],[151.2508631,-33.9855231],[151.250875,-33.9855255],[151.2508872,-33.9855277],[151.2509023,-33.9855228],[151.2509126,-33.9855155],[151.2509174,-33.9855118],[151.2509309,-33.9855107],[151.2509417,-33.9855111],[151.2509473,-33.9855174],[151.2509522,-33.9855214],[151.2509584,-33.9855192],[151.2509645,-33.9855138],[151.2509732,-33.9855081]]]}},{"type":"Feature","properties":{"@id":"way/825389106","golf":"bunker","natural":"sand"},"geometry":{"type":"Polygon","coordinates":[[[151.2503184,-33.9856919],[151.2503144,-33.985687],[151.2503167,-33.9856829],[151.2503175,-33.985677],[151.2503107,-33.9856692],[151.2503037,-33.9856596],[151.2502995,-33.9856557],[151.2502922,-33.9856557],[151.2502886,-33.985652],[151.250288,-33.9856459],[151.2502829,-33.9856503],[151.2502723,-33.9856614],[151.2502482,-33.9856821],[151.2502255,-33.9856965],[151.2502114,-33.9857022],[151.2502119,-33.985708],[151.2502181,-33.9857121],[151.2502254,-33.9857114],[151.2502348,-33.985712],[151.2502419,-33.9857157],[151.2502448,-33.9857204],[151.2502405,-33.9857251],[151.2502326,-33.9857277],[151.250221,-33.9857323],[151.2502149,-33.9857355],[151.2502138,-33.9857443],[151.2502169,-33.9857535],[151.2502201,-33.9857603],[151.250218,-33.9857659],[151.250212,-33.9857718],[151.2502068,-33.9857765],[151.2502013,-33.9857847],[151.2502008,-33.9857902],[151.250202,-33.9857949],[151.2501983,-33.9858],[151.250189,-33.9858034],[151.2501867,-33.9858091],[151.250188,-33.9858146],[151.2501875,-33.9858206],[151.2501808,-33.9858255],[151.250179,-33.9858323],[151.2501823,-33.9858381],[151.2501927,-33.9858405],[151.2502024,-33.9858426],[151.2502042,-33.9858478],[151.2502011,-33.9858528],[151.2501922,-33.9858581],[151.2501821,-33.9858635],[151.2501788,-33.9858678],[151.2501855,-33.9858743],[151.2501984,-33.9858759],[151.2502006,-33.9858712],[151.2502062,-33.9858631],[151.2502122,-33.9858535],[151.2502222,-33.9858447],[151.2502352,-33.9858366],[151.2502465,-33.9858491],[151.2502397,-33.9858607],[151.2502349,-33.985869],[151.2502379,-33.9858769],[151.2502445,-33.9858859],[151.250256,-33.9858921],[151.2502645,-33.9858937],[151.2502711,-33.9858861],[151.2502794,-33.9858799],[151.2502896,-33.9858797],[151.2502969,-33.9858725],[151.2502975,-33.9858643],[151.2502922,-33.9858597],[151.2502862,-33.9858537],[151.2502858,-33.9858482],[151.2503,-33.9858437],[151.2503065,-33.9858376],[151.2503167,-33.985823],[151.2503204,-33.9858138],[151.2503324,-33.9857993],[151.2503416,-33.9857962],[151.2503693,-33.9857916],[151.2503933,-33.9857901],[151.2504109,-33.9857863],[151.2504266,-33.9857725],[151.2504266,-33.9857617],[151.2504351,-33.9857415],[151.2504444,-33.9857343],[151.2504554,-33.9857305],[151.2504785,-33.9857292],[151.25049,-33.9857323],[151.2504972,-33.9857368],[151.2504985,-33.9857445],[151.2504994,-33.985751],[151.2505103,-33.9857563],[151.2505198,-33.9857555],[151.2505369,-33.9857501],[151.2505387,-33.9857461],[151.250533,-33.9857385],[151.250531,-33.985731],[151.250534,-33.9857269],[151.2505419,-33.9857229],[151.2505393,-33.9857012],[151.2505522,-33.9856936],[151.2505642,-33.9856859],[151.250555,-33.9856824],[151.2505396,-33.9856722],[151.2505323,-33.9856625],[151.2505219,-33.9856573],[151.2505133,-33.9856689],[151.2505173,-33.9856754],[151.2505147,-33.9856833],[151.2504987,-33.9856956],[151.2504872,-33.9857008],[151.2504726,-33.9857003],[151.2504564,-33.9857007],[151.2504498,-33.985698],[151.2504435,-33.9856894],[151.2504292,-33.9856906],[151.2503948,-33.9856948],[151.2503685,-33.9856987],[151.2503488,-33.9856986],[151.2503382,-33.9856973],[151.2503274,-33.985691],[151.2503184,-33.9856919]]]}},{"type":"Feature","properties":{"@id":"way/825389108","golf":"fairway"},"geometry":{"type":"Polygon","coordinates":[[[151.2462857,-33.9869022],[151.2462257,-33.9869345],[151.2461767,-33.9869709],[151.2461471,-33.9870033],[151.2461308,-33.9870268],[151.2460997,-33.9870564],[151.2460292,-33.9870911],[151.2460183,-33.9870981],[151.2460116,-33.9871136],[151.2460125,-33.9871263],[151.2460178,-33.9871402],[151.2460261,-33.9871511],[151.2460377,-33.9871595],[151.2460491,-33.9871661],[151.2460653,-33.9871699],[151.2460817,-33.987172],[151.2461488,-33.9871663],[151.2461672,-33.9871674],[151.246184,-33.9871693],[151.2462025,-33.987172],[151.2462201,-33.9871772],[151.2462374,-33.9871847],[151.2462569,-33.9871928],[151.2462752,-33.9872002],[151.2462946,-33.9872071],[151.2463174,-33.9872094],[151.2463401,-33.9872101],[151.2463741,-33.9872038],[151.2464108,-33.9871979],[151.2464528,-33.987191],[151.2464974,-33.9871841],[151.2465333,-33.9871757],[151.2465577,-33.9871688],[151.2465806,-33.987155],[151.2465961,-33.9871368],[151.2466061,-33.9871207],[151.2466152,-33.9871017],[151.2466276,-33.9870729],[151.246637,-33.9870509],[151.2466469,-33.9870249],[151.2466501,-33.9869971],[151.2466481,-33.9869798],[151.2466436,-33.9869569],[151.2466335,-33.9869332],[151.2466239,-33.9869155],[151.2466149,-33.986899],[151.2466034,-33.9868847],[151.246589,-33.9868734],[151.2465713,-33.9868613],[151.2465584,-33.9868536],[151.246545,-33.9868457],[151.2465291,-33.9868394],[151.2465142,-33.9868334],[151.2464882,-33.9868274],[151.2464646,-33.9868219],[151.2464408,-33.9868217],[151.2464065,-33.9868295],[151.2463811,-33.9868406],[151.2463583,-33.9868559],[151.2463369,-33.986871],[151.2463153,-33.9868845],[151.2462857,-33.9869022]]]}},{"type":"Feature","properties":{"@id":"way/825393950","golf":"bunker","natural":"sand"},"geometry":{"type":"Polygon","coordinates":[[[151.2470533,-33.9864644],[151.2470666,-33.9864602],[151.2470807,-33.9864547],[151.247085,-33.9864492],[151.2470838,-33.9864422],[151.2470737,-33.986439],[151.2470557,-33.9864369],[151.2470446,-33.9864403],[151.2470421,-33.9864466],[151.2470405,-33.986457],[151.2470307,-33.9864615],[151.2470206,-33.986462],[151.2470081,-33.9864638],[151.2469972,-33.9864595],[151.2469874,-33.9864602],[151.2469821,-33.9864638],[151.2469852,-33.9864701],[151.2469912,-33.9864755],[151.2469972,-33.9864782],[151.2470065,-33.986478],[151.2470163,-33.9864786],[151.247021,-33.9864818],[151.2470274,-33.9864852],[151.2470389,-33.9864868],[151.2470476,-33.9864872],[151.2470487,-33.9864809],[151.2470476,-33.9864712],[151.2470533,-33.9864644]]]}},{"type":"Feature","properties":{"@id":"way/825393951","golf":"bunker","natural":"sand"},"geometry":{"type":"Polygon","coordinates":[[[151.2476425,-33.98598],[151.2476332,-33.9859751],[151.2476214,-33.9859729],[151.2476131,-33.9859731],[151.2475901,-33.9859785],[151.2475829,-33.9859841],[151.2475791,-33.9859949],[151.2475856,-33.9860027],[151.2475969,-33.9860097],[151.2476072,-33.9860144],[151.2476228,-33.9860203],[151.2476385,-33.9860252],[151.2476467,-33.986025],[151.2476533,-33.986023],[151.2476643,-33.986026],[151.2476792,-33.9860282],[151.247691,-33.9860287],[151.247697,-33.9860224],[151.2476923,-33.9860136],[151.247683,-33.9860075],[151.2476719,-33.9860004],[151.2476597,-33.9859953],[151.2476506,-33.9859856],[151.2476425,-33.98598]]]}},{"type":"Feature","properties":{"@id":"way/825393952","golf":"bunker","natural":"sand"},"geometry":{"type":"Polygon","coordinates":[[[151.2474082,-33.9860268],[151.2473961,-33.9860173],[151.2473842,-33.9860101],[151.2473696,-33.9860082],[151.2473579,-33.9860118],[151.2473437,-33.9860208],[151.2473247,-33.9860247],[151.2473059,-33.9860174],[151.2472941,-33.9860089],[151.2472901,-33.9859938],[151.2472803,-33.9859872],[151.2472673,-33.9859836],[151.2472448,-33.985984],[151.247229,-33.9859905],[151.2472169,-33.9860017],[151.2472052,-33.9860181],[151.2471974,-33.9860329],[151.2472006,-33.9860448],[151.2472038,-33.9860562],[151.2471988,-33.9860645],[151.2471859,-33.9860717],[151.2471758,-33.9860701],[151.2471687,-33.9860631],[151.2471634,-33.9860547],[151.2471524,-33.9860541],[151.2471344,-33.9860543],[151.2471109,-33.9860538],[151.2471029,-33.9860616],[151.2471036,-33.9860726],[151.2470957,-33.9860779],[151.2470844,-33.986085],[151.2470679,-33.9860804],[151.2470529,-33.986077],[151.247043,-33.986079],[151.2470362,-33.9860847],[151.2470292,-33.9860957],[151.2470318,-33.9861074],[151.2470389,-33.9861175],[151.247051,-33.986125],[151.2470642,-33.9861272],[151.2470794,-33.9861289],[151.2470901,-33.9861237],[151.2470983,-33.9861246],[151.2471061,-33.9861286],[151.2471152,-33.9861265],[151.2471245,-33.9861193],[151.2471303,-33.9861111],[151.2471386,-33.9861072],[151.2471471,-33.9861101],[151.2471576,-33.9861141],[151.2471688,-33.9861121],[151.247177,-33.9861062],[151.2471876,-33.9860957],[151.2472034,-33.9860829],[151.2472251,-33.9860751],[151.2472426,-33.9860711],[151.2472565,-33.9860679],[151.2472761,-33.9860662],[151.2472929,-33.9860656],[151.2473013,-33.986069],[151.2473092,-33.9860763],[151.2473203,-33.9860776],[151.2473283,-33.9860739],[151.2473467,-33.9860735],[151.2473548,-33.9860771],[151.2473514,-33.986086],[151.2473391,-33.9860905],[151.2473318,-33.9860991],[151.2473335,-33.9861071],[151.2473434,-33.9861088],[151.2473562,-33.9861178],[151.2473683,-33.9861255],[151.2473819,-33.9861296],[151.2473996,-33.9861293],[151.2474096,-33.9861218],[151.2474134,-33.9861108],[151.2474096,-33.9861032],[151.2474094,-33.9860947],[151.2474157,-33.9860867],[151.2474134,-33.986079],[151.2474058,-33.9860746],[151.2473941,-33.9860751],[151.2473858,-33.9860702],[151.2473891,-33.9860612],[151.247393,-33.986055],[151.247399,-33.9860509],[151.2474078,-33.9860522],[151.24742,-33.98605],[151.2474282,-33.9860421],[151.2474212,-33.9860332],[151.2474082,-33.9860268]]]}},{"type":"Feature","properties":{"@id":"way/825393953","golf":"bunker","natural":"sand"},"geometry":{"type":"Polygon","coordinates":[[[151.2469624,-33.9859193],[151.2469592,-33.9859277],[151.2469568,-33.9859353],[151.2469596,-33.9859414],[151.2469699,-33.9859421],[151.2469781,-33.985939],[151.2469846,-33.9859309],[151.246991,-33.9859206],[151.246996,-33.9859123],[151.2469935,-33.9859081],[151.2469856,-33.9859063],[151.2469766,-33.985907],[151.2469677,-33.9859109],[151.2469624,-33.9859193]]]}},{"type":"Feature","properties":{"@id":"way/825393954","golf":"green"},"geometry":{"type":"Polygon","coordinates":[[[151.2464071,-33.9864684],[151.2464185,-33.9864621],[151.2464293,-33.9864526],[151.2464363,-33.9864425],[151.2464433,-33.9864288],[151.2464452,-33.9864162],[151.2464427,-33.9864035],[151.2464376,-33.9863951],[151.2464262,-33.9863866],[151.2464147,-33.9863808],[151.2463994,-33.9863766],[151.2463842,-33.9863761],[151.2463619,-33.9863808],[151.2463473,-33.986385],[151.2462913,-33.9864019],[151.246227,-33.9864204],[151.246178,-33.9864341],[151.2461513,-33.9864436],[151.246136,-33.986452],[151.2461207,-33.9864636],[151.2461061,-33.9864774],[151.2460927,-33.9864942],[151.2460877,-33.986508],[151.2460857,-33.986519],[151.2460877,-33.9865312],[151.2460927,-33.9865454],[151.2461004,-33.9865565],[151.2461087,-33.986567],[151.2461169,-33.9865739],[151.2461277,-33.9865813],[151.2461411,-33.9865845],[151.2461545,-33.986586],[151.2461685,-33.986585],[151.2461812,-33.9865808],[151.2461984,-33.9865734],[151.2462136,-33.9865644],[151.2462327,-33.9865544],[151.246269,-33.9865386],[151.2463161,-33.9865153],[151.24636,-33.9864932],[151.2464071,-33.9864684]]]}},{"type":"Feature","properties":{"@id":"way/825393957","golf":"green"},"geometry":{"type":"Polygon","coordinates":[[[151.2502707,-33.9850824],[151.2502518,-33.9850763],[151.250233,-33.9850737],[151.2502205,-33.9850754],[151.2502058,-33.9850789],[151.2501943,-33.9850841],[151.2501818,-33.9850962],[151.2501755,-33.9851075],[151.2501721,-33.985119],[151.2501709,-33.985131],[151.2501701,-33.9851431],[151.2501739,-33.9851568],[151.2501769,-33.9851683],[151.2501843,-33.9851806],[151.2501959,-33.9851941],[151.2502089,-33.9852037],[151.2502282,-33.9852127],[151.2502455,-33.9852172],[151.2502641,-33.9852183],[151.2502804,-33.9852229],[151.2502916,-33.9852301],[151.2503073,-33.9852411],[151.2503147,-33.9852484],[151.2503272,-33.9852618],[151.2503397,-33.9852729],[151.2503516,-33.9852835],[151.2503636,-33.985292],[151.2503751,-33.9852978],[151.2503872,-33.9853023],[151.2504012,-33.9853048],[151.2504161,-33.9853079],[151.2504347,-33.9853087],[151.2504483,-33.9853078],[151.2504613,-33.9853021],[151.2504745,-33.9852949],[151.2504813,-33.9852826],[151.2504851,-33.9852706],[151.2504851,-33.9852532],[151.2504819,-33.9852307],[151.2504796,-33.9852138],[151.2504782,-33.9852008],[151.2504756,-33.9851827],[151.2504745,-33.9851698],[151.2504678,-33.9851523],[151.2504608,-33.9851384],[151.2504518,-33.9851299],[151.2504413,-33.9851214],[151.2504287,-33.9851169],[151.250414,-33.9851134],[151.2503974,-33.9851117],[151.250381,-33.9851104],[151.2503626,-33.9851085],[151.2503467,-33.9851065],[151.2503297,-33.9851033],[151.250309,-33.9850953],[151.2502884,-33.9850879],[151.2502707,-33.9850824]]]}},{"type":"Feature","properties":{"@id":"way/825393958","golf":"bunker","natural":"sand"},"geometry":{"type":"Polygon","coordinates":[[[151.2502995,-33.9852576],[151.250294,-33.9852491],[151.250286,-33.9852466],[151.250276,-33.9852438],[151.2502668,-33.9852414],[151.2502575,-33.9852457],[151.2502529,-33.9852479],[151.2502484,-33.985254],[151.2502463,-33.9852641],[151.2502508,-33.9852743],[151.2502547,-33.9852859],[151.2502665,-33.9852999],[151.2502784,-33.9853138],[151.2502884,-33.9853202],[151.2502994,-33.9853232],[151.2503116,-33.9853195],[151.2503209,-33.9853136],[151.2503302,-33.9853052],[151.2503385,-33.9852954],[151.2503386,-33.9852869],[151.2503338,-33.9852787],[151.2503249,-33.985275],[151.2503157,-33.9852739],[151.250305,-33.9852663],[151.2502995,-33.9852576]]]}},{"type":"Feature","properties":{"@id":"way/825393959","golf":"bunker","natural":"sand"},"geometry":{"type":"Polygon","coordinates":[[[151.2503656,-33.9853031],[151.2503585,-33.9853078],[151.2503534,-33.9853134],[151.2503479,-33.9853204],[151.2503473,-33.9853276],[151.2503493,-33.9853354],[151.2503526,-33.9853418],[151.2503601,-33.9853462],[151.2503664,-33.9853523],[151.2503801,-33.9853566],[151.2503916,-33.9853579],[151.250403,-33.9853546],[151.2504112,-33.9853517],[151.2504175,-33.985345],[151.2504209,-33.9853372],[151.250425,-33.985329],[151.2504243,-33.9853213],[151.2504185,-33.9853154],[151.2504064,-33.9853124],[151.2503952,-33.9853114],[151.2503837,-33.9853128],[151.2503742,-33.9853052],[151.2503656,-33.9853031]]]}},{"type":"Feature","properties":{"@id":"way/825393960","golf":"green"},"geometry":{"type":"Polygon","coordinates":[[[151.2506816,-33.9851262],[151.2506645,-33.9851291],[151.2506548,-33.9851357],[151.2506454,-33.9851472],[151.2506407,-33.985158],[151.2506372,-33.9851746],[151.2506378,-33.9851924],[151.2506399,-33.9852103],[151.2506413,-33.9852255],[151.2506392,-33.9852381],[151.2506335,-33.9852524],[151.2506268,-33.9852666],[151.2506185,-33.985284],[151.250612,-33.9852986],[151.2506095,-33.9853075],[151.2506103,-33.9853176],[151.2506144,-33.9853291],[151.2506211,-33.9853378],[151.2506286,-33.985344],[151.2506397,-33.9853497],[151.2506516,-33.9853517],[151.250663,-33.9853538],[151.2506757,-33.9853562],[151.2506932,-33.9853575],[151.2507087,-33.9853543],[151.2507242,-33.9853481],[151.2507347,-33.9853403],[151.2507452,-33.9853307],[151.2507567,-33.9853184],[151.2507641,-33.9853035],[151.250774,-33.9852847],[151.2507824,-33.9852653],[151.2507859,-33.9852455],[151.2507872,-33.9852265],[151.2507888,-33.9852104],[151.2507914,-33.9851983],[151.2507925,-33.985183],[151.2507901,-33.9851716],[151.2507852,-33.9851609],[151.2507798,-33.9851501],[151.2507708,-33.9851413],[151.2507606,-33.9851364],[151.2507449,-33.9851311],[151.2507299,-33.985127],[151.2507152,-33.9851248],[151.2506983,-33.9851245],[151.2506816,-33.9851262]]]}},{"type":"Feature","properties":{"@id":"way/825393961","golf":"tee"},"geometry":{"type":"Polygon","coordinates":[[[151.2512365,-33.9853215],[151.2512186,-33.9853281],[151.251206,-33.9853375],[151.2511968,-33.9853541],[151.2511951,-33.9853644],[151.2511963,-33.9853758],[151.251201,-33.9853857],[151.2512144,-33.9853977],[151.2512314,-33.9854057],[151.2512457,-33.9854082],[151.2512608,-33.9854132],[151.2512806,-33.9854132],[151.2513066,-33.9854132],[151.2513347,-33.9854094],[151.2513566,-33.9854012],[151.2513738,-33.9853893],[151.2513875,-33.9853729],[151.2513907,-33.9853571],[151.2513862,-33.9853418],[151.2513754,-33.9853317],[151.2513646,-33.9853264],[151.251347,-33.9853226],[151.2513216,-33.9853213],[151.251276,-33.9853213],[151.2512365,-33.9853215]]]}},{"type":"Feature","properties":{"@id":"way/825393963","golf":"path"},"geometry":{"type":"LineString","coordinates":[[151.2507936,-33.9857963],[151.2508024,-33.9857751],[151.2508127,-33.9857647],[151.2508289,-33.9857592],[151.2508548,-33.9857582],[151.2508766,-33.9857576],[151.2508975,-33.9857548],[151.2509205,-33.9857469],[151.2509429,-33.9857377],[151.2509672,-33.985731],[151.250997,-33.9857239],[151.2510286,-33.9857143],[151.251059,-33.9857048],[151.2510796,-33.9856926],[151.2511024,-33.9856763],[151.251125,-33.9856627],[151.2511506,-33.9856519],[151.2511833,-33.9856418],[151.2512062,-33.9856358],[151.251244,-33.9856316],[151.2512778,-33.9856284],[151.2513072,-33.9856237],[151.2513309,-33.9856156],[151.2513523,-33.9856045],[151.2513693,-33.9855903],[151.2513765,-33.9855761],[151.2513777,-33.9855617],[151.2513775,-33.9855432],[151.2513704,-33.9855234],[151.2513614,-33.9855062],[151.2513458,-33.9854923],[151.2513295,-33.985482],[151.251311,-33.9854741],[151.2512879,-33.9854713],[151.2512617,-33.9854727],[151.2512462,-33.9854755],[151.2512313,-33.9854807],[151.2512085,-33.985492],[151.2511949,-33.9855001],[151.2511788,-33.9855061],[151.2511598,-33.9855101],[151.2511394,-33.9855121],[151.2511129,-33.9855137],[151.2510883,-33.9855139],[151.2510632,-33.9855128],[151.2510481,-33.9855102],[151.2510289,-33.9855045],[151.25101,-33.985497],[151.2509971,-33.9854883],[151.2509839,-33.9854789],[151.2509713,-33.9854679],[151.2509577,-33.9854563],[151.2509408,-33.9854466],[151.2509225,-33.9854381],[151.2509024,-33.9854333],[151.2508806,-33.9854326],[151.2508589,-33.9854345],[151.250833,-33.9854378],[151.2507988,-33.9854436],[151.2507596,-33.9854491],[151.2507217,-33.9854535],[151.2506845,-33.9854548],[151.250649,-33.9854562],[151.2506226,-33.9854585],[151.2506016,-33.9854603],[151.2505811,-33.9854644],[151.2505637,-33.9854701],[151.2505427,-33.9854782],[151.2505228,-33.9854892],[151.2505037,-33.9855005],[151.2504878,-33.9855117],[151.2504702,-33.9855284],[151.2504558,-33.9855441],[151.2504379,-33.9855651],[151.2504284,-33.985578],[151.2504113,-33.9855912],[151.2503958,-33.9855967],[151.2503749,-33.9856039],[151.2503507,-33.9856081],[151.250329,-33.9856143],[151.250304,-33.9856253],[151.2502852,-33.9856376],[151.2502637,-33.985652],[151.2502503,-33.9856631],[151.2502342,-33.9856765],[151.25022,-33.9856859],[151.2502009,-33.9856943],[151.2501823,-33.9856989],[151.2501552,-33.9857031],[151.2501225,-33.9857068],[151.2500921,-33.9857097],[151.2500514,-33.9857117]]}},{"type":"Feature","properties":{"@id":"way/825393964","golf":"path"},"geometry":{"type":"LineString","coordinates":[[151.2498679,-33.985013],[151.2498176,-33.9850104],[151.2497725,-33.9850029],[151.2497353,-33.9849934],[151.2496972,-33.9849848],[151.2496613,-33.9849812],[151.2496283,-33.9849814],[151.2495913,-33.9849866],[151.2495509,-33.9849931],[151.2495086,-33.9849982],[151.2494675,-33.9850013],[151.2493996,-33.9850047],[151.2493432,-33.9850065],[151.2492909,-33.9850094],[151.2492581,-33.9850083],[151.2491316,-33.9849913],[151.2490436,-33.9849794],[151.248975,-33.9849684],[151.2489121,-33.9849621],[151.2488412,-33.9849556],[151.2487845,-33.984951],[151.2487322,-33.984948],[151.2486598,-33.9849521],[151.2485747,-33.9849615]]}},{"type":"Feature","properties":{"@id":"way/825393965","golf":"fairway"},"geometry":{"type":"Polygon","coordinates":[[[151.24932,-33.985514],[151.2494198,-33.9854883],[151.2495195,-33.9854612],[151.2496175,-33.9854384],[151.2496983,-33.9854184],[151.2497774,-33.9853999],[151.2498514,-33.9853771],[151.249915,-33.9853685],[151.2499769,-33.9853457],[151.2500216,-33.9853215],[151.2500525,-33.9852958],[151.2500921,-33.9852744],[151.250123,-33.9852702],[151.2501678,-33.9852858],[151.2502004,-33.9853044],[151.2502176,-33.9853243],[151.2502469,-33.9853514],[151.2502864,-33.9853728],[151.2503174,-33.9853842],[151.2503655,-33.9854013],[151.2504102,-33.985407],[151.2504446,-33.9854013],[151.2505163,-33.9853947],[151.250588,-33.985404],[151.2506502,-33.9853986],[151.2507133,-33.9853959],[151.2507592,-33.985386],[151.2507892,-33.9853654],[151.250802,-33.9853348],[151.2508182,-33.9853083],[151.2508184,-33.9852791],[151.2508281,-33.9852201],[151.2508281,-33.9851285],[151.2507382,-33.9851042],[151.2506591,-33.9851069],[151.2505993,-33.9851341],[151.2505581,-33.985119],[151.250534,-33.9850976],[151.2504962,-33.9850905],[151.2504532,-33.9850862],[151.2504119,-33.9850777],[151.2503758,-33.9850634],[151.2503414,-33.9850506],[151.2503122,-33.9850363],[151.2502537,-33.9850278],[151.2501884,-33.9850278],[151.250142,-33.9850406],[151.2501179,-33.9850549],[151.2500869,-33.9850634],[151.2500525,-33.9850677],[151.250025,-33.9850663],[151.2499683,-33.9850663],[151.249927,-33.9850748],[151.2499012,-33.9850848],[151.2498445,-33.9850976],[151.2497843,-33.9851133],[151.2496811,-33.9851304],[151.249547,-33.9851646],[151.2494043,-33.9851989],[151.2492513,-33.9852245],[151.2490449,-33.9852473],[151.2488833,-33.9852702],[151.2487629,-33.9852887],[151.2486082,-33.9853158],[151.2483932,-33.9853543],[151.2482591,-33.9853771],[151.2481422,-33.985407],[151.248039,-33.9854313],[151.2479324,-33.9854598],[151.2478533,-33.9854926],[151.2477828,-33.9855154],[151.2477398,-33.9855168],[151.2476848,-33.9855182],[151.2476418,-33.9855239],[151.2476178,-33.9855453],[151.2475937,-33.9855639],[151.2475696,-33.9855781],[151.2474957,-33.9855838],[151.2474544,-33.9856009],[151.2474338,-33.985618],[151.24742,-33.9856437],[151.2473977,-33.9856708],[151.2473581,-33.9856793],[151.2473289,-33.9856851],[151.2473031,-33.9856936],[151.2472721,-33.9857064],[151.2472343,-33.9857307],[151.2472102,-33.9857706],[151.2472034,-33.9858119],[151.2472137,-33.9858519],[151.2472446,-33.9858847],[151.2472962,-33.9859132],[151.2473444,-33.9859189],[151.2474613,-33.9859046],[151.247702,-33.9858476],[151.24807,-33.9857763],[151.2482746,-33.9857164],[151.2484242,-33.9856722],[151.2485944,-33.985638],[151.248885,-33.9855838],[151.2491068,-33.9855553],[151.24932,-33.985514]]]}},{"type":"Feature","properties":{"@id":"way/825393966","golf":"tee"},"geometry":{"type":"Polygon","coordinates":[[[151.2463232,-33.9860843],[151.2463123,-33.9860827],[151.2463007,-33.9860854],[151.2462666,-33.9860946],[151.2462369,-33.9861054],[151.2462253,-33.9861109],[151.2462148,-33.9861214],[151.2462085,-33.986134],[151.2462005,-33.9861665],[151.2461985,-33.9861825],[151.2462048,-33.9861922],[151.2462156,-33.9861976],[151.2462326,-33.9861971],[151.246248,-33.9861901],[151.2462703,-33.9861786],[151.2462996,-33.9861717],[151.2463354,-33.9861658],[151.2463492,-33.9861577],[151.2463575,-33.9861431],[151.2463563,-33.9861301],[151.2463467,-33.9861055],[151.2463355,-33.9860908],[151.2463232,-33.9860843]]]}},{"type":"Feature","properties":{"@id":"way/825393967","golf":"tee"},"geometry":{"type":"Polygon","coordinates":[[[151.2463989,-33.98603],[151.2463827,-33.9860362],[151.246366,-33.9860476],[151.2463583,-33.9860619],[151.2463549,-33.9860784],[151.246358,-33.9860984],[151.2463666,-33.9861206],[151.2463812,-33.986132],[151.2463984,-33.9861398],[151.2464178,-33.986141],[151.2464342,-33.9861361],[151.2464628,-33.9861239],[151.2464856,-33.9861115],[151.2464965,-33.986101],[151.2465004,-33.9860875],[151.2464968,-33.9860767],[151.246488,-33.9860625],[151.2464806,-33.9860508],[151.2464673,-33.9860378],[151.2464505,-33.9860287],[151.2464345,-33.9860244],[151.2464193,-33.9860262],[151.2463989,-33.98603]]]}},{"type":"Feature","properties":{"@id":"way/825393968","golf":"bunker","natural":"sand"},"geometry":{"type":"Polygon","coordinates":[[[151.247467,-33.9854922],[151.2474757,-33.9854881],[151.2474867,-33.9854838],[151.2474978,-33.9854859],[151.2475088,-33.9854886],[151.24752,-33.985488],[151.2475297,-33.9854828],[151.2475414,-33.9854809],[151.2475511,-33.9854781],[151.2475588,-33.9854692],[151.2475567,-33.985456],[151.2475497,-33.985448],[151.2475391,-33.9854408],[151.247531,-33.9854403],[151.247525,-33.9854457],[151.2475174,-33.9854455],[151.2475098,-33.9854429],[151.2475041,-33.9854378],[151.2474961,-33.9854378],[151.2474873,-33.9854402],[151.2474833,-33.9854344],[151.2474819,-33.9854257],[151.2474767,-33.9854212],[151.247466,-33.9854175],[151.2474515,-33.9854141],[151.2474402,-33.9854173],[151.2474314,-33.9854237],[151.2474253,-33.9854376],[151.2474134,-33.9854447],[151.2474044,-33.9854396],[151.2473951,-33.9854258],[151.2473764,-33.9854258],[151.2473588,-33.9854306],[151.2473452,-33.985437],[151.2473312,-33.9854451],[151.247319,-33.985459],[151.247319,-33.9854703],[151.2473202,-33.9854794],[151.2473305,-33.9854887],[151.2473233,-33.985495],[151.2473221,-33.9855068],[151.247339,-33.9855147],[151.2473516,-33.9855147],[151.2473639,-33.985513],[151.2473752,-33.9855167],[151.247394,-33.985517],[151.2474107,-33.9855132],[151.2474225,-33.9855092],[151.2474319,-33.9854996],[151.247429,-33.9854923],[151.2474242,-33.9854839],[151.2474297,-33.9854806],[151.2474365,-33.9854815],[151.2474467,-33.9854854],[151.2474575,-33.9854903],[151.247467,-33.9854922]]]}},{"type":"Feature","properties":{"@id":"way/825393969","golf":"bunker","natural":"sand"},"geometry":{"type":"Polygon","coordinates":[[[151.2471187,-33.985452],[151.2471102,-33.985454],[151.2471006,-33.985452],[151.2470888,-33.9854439],[151.2470762,-33.9854436],[151.247069,-33.9854487],[151.247065,-33.9854561],[151.2470632,-33.985464],[151.2470581,-33.9854702],[151.2470527,-33.9854798],[151.2470542,-33.9854905],[151.2470579,-33.9854977],[151.2470701,-33.9855012],[151.2470809,-33.9855016],[151.2470906,-33.9855],[151.2471027,-33.985497],[151.2471144,-33.9854917],[151.247124,-33.9854908],[151.2471329,-33.9854866],[151.2471396,-33.9854798],[151.2471411,-33.9854667],[151.2471379,-33.9854585],[151.2471299,-33.9854533],[151.2471187,-33.985452]]]}},{"type":"Feature","properties":{"@id":"way/825393970","golf":"bunker","natural":"sand"},"geometry":{"type":"Polygon","coordinates":[[[151.2469348,-33.9858323],[151.2469519,-33.9858247],[151.2469609,-33.9858259],[151.2469729,-33.9858256],[151.2469882,-33.9858163],[151.2470004,-33.9858113],[151.2470114,-33.9857949],[151.2470142,-33.9857783],[151.247023,-33.9857591],[151.2470333,-33.9857423],[151.2470418,-33.9857315],[151.2470503,-33.9857239],[151.2470577,-33.9857203],[151.2470633,-33.9857221],[151.2470715,-33.9857256],[151.2470813,-33.9857261],[151.2470937,-33.9857247],[151.2471029,-33.9857178],[151.2471139,-33.9857082],[151.2471171,-33.9857008],[151.2471226,-33.9856899],[151.247126,-33.9856814],[151.2471244,-33.9856684],[151.2471215,-33.9856569],[151.2471231,-33.985647],[151.247122,-33.9856401],[151.2471182,-33.9856342],[151.2471103,-33.9856297],[151.2471019,-33.9856302],[151.2470947,-33.9856349],[151.247088,-33.9856337],[151.2470825,-33.9856277],[151.2470713,-33.9856186],[151.2470649,-33.9856093],[151.2470628,-33.9856002],[151.2470624,-33.9855912],[151.2470608,-33.9855801],[151.2470511,-33.9855736],[151.2470378,-33.9855699],[151.2470266,-33.9855716],[151.2470184,-33.9855786],[151.2470098,-33.985596],[151.2470071,-33.9856109],[151.2470113,-33.9856233],[151.2470211,-33.9856331],[151.2470156,-33.9856417],[151.2470178,-33.9856485],[151.2470284,-33.9856494],[151.2470356,-33.9856474],[151.2470424,-33.985645],[151.2470511,-33.9856523],[151.2470537,-33.9856605],[151.2470627,-33.9856631],[151.2470709,-33.9856677],[151.2470774,-33.9856769],[151.2470789,-33.9856857],[151.2470754,-33.985695],[151.247063,-33.9856973],[151.2470487,-33.9856948],[151.2470345,-33.9856907],[151.2470216,-33.9856902],[151.2470127,-33.985697],[151.2470039,-33.9857003],[151.2469914,-33.9856995],[151.2469837,-33.9857048],[151.2469792,-33.9857197],[151.2469742,-33.9857243],[151.2469654,-33.9857245],[151.2469545,-33.9857182],[151.2469416,-33.9857128],[151.2469311,-33.9857149],[151.2469278,-33.985722],[151.246928,-33.9857304],[151.2469353,-33.9857402],[151.2469424,-33.9857544],[151.24694,-33.9857661],[151.2469389,-33.9857726],[151.2469266,-33.9857793],[151.246915,-33.9857859],[151.2469035,-33.985794],[151.2468994,-33.9858028],[151.2468981,-33.9858091],[151.2469007,-33.9858188],[151.2469052,-33.9858287],[151.2469106,-33.9858358],[151.2469198,-33.9858381],[151.2469348,-33.9858323]]]}},{"type":"Feature","properties":{"@id":"way/825393975","golf":"green"},"geometry":{"type":"Polygon","coordinates":[[[151.2465857,-33.9853189],[151.2465719,-33.9853154],[151.2465588,-33.985312],[151.2465372,-33.9853068],[151.2465172,-33.9853023],[151.2464997,-33.9852987],[151.246479,-33.9852991],[151.2464624,-33.9853014],[151.2464469,-33.9853072],[151.2464342,-33.9853129],[151.2464226,-33.9853212],[151.2464061,-33.9853383],[151.2463974,-33.9853508],[151.2463923,-33.9853616],[151.2463873,-33.9853747],[151.2463821,-33.9853861],[151.2463772,-33.9853973],[151.2463733,-33.9854104],[151.2463716,-33.985422],[151.2463703,-33.9854352],[151.2463711,-33.985449],[151.2463751,-33.9854641],[151.2463818,-33.9854777],[151.246391,-33.9854907],[151.2463989,-33.985499],[151.2464124,-33.9855078],[151.2464308,-33.9855131],[151.2464497,-33.9855175],[151.2464688,-33.98552],[151.2464883,-33.9855183],[151.2465066,-33.9855154],[151.2465307,-33.9855044],[151.2465471,-33.9854983],[151.2465611,-33.9854937],[151.2465728,-33.9854925],[151.2465932,-33.985492],[151.2466127,-33.9854951],[151.2466342,-33.9854959],[151.2466501,-33.9854961],[151.2466699,-33.9854966],[151.2466883,-33.9854941],[151.2467052,-33.9854897],[151.2467202,-33.9854815],[151.2467311,-33.98547],[151.2467376,-33.9854555],[151.24674,-33.985436],[151.2467376,-33.9854225],[151.2467332,-33.9854074],[151.2467249,-33.9853929],[151.2467182,-33.9853827],[151.246706,-33.9853716],[151.2466904,-33.9853601],[151.2466768,-33.9853522],[151.2466611,-33.9853427],[151.2466488,-33.9853363],[151.2466339,-33.9853306],[151.2466206,-33.985325],[151.2466021,-33.9853211],[151.2465857,-33.9853189]]]}},{"type":"Feature","properties":{"@id":"way/825393976","golf":"bunker","natural":"sand"},"geometry":{"type":"Polygon","coordinates":[[[151.2470363,-33.9852084],[151.2470263,-33.98521],[151.247017,-33.9852092],[151.2470096,-33.9852121],[151.2470095,-33.9852179],[151.2470117,-33.9852246],[151.2470079,-33.9852289],[151.2470003,-33.9852277],[151.2469944,-33.9852327],[151.2469872,-33.9852438],[151.2469802,-33.9852534],[151.2469745,-33.9852645],[151.2469738,-33.9852751],[151.2469817,-33.9852822],[151.2469891,-33.9852879],[151.2470026,-33.9852893],[151.2470189,-33.9852843],[151.2470292,-33.9852755],[151.2470386,-33.9852679],[151.2470504,-33.9852669],[151.2470575,-33.9852703],[151.2470664,-33.9852695],[151.2470757,-33.9852651],[151.2470835,-33.9852584],[151.2470835,-33.9852507],[151.2470835,-33.9852438],[151.2470853,-33.9852346],[151.2470896,-33.9852286],[151.2470923,-33.9852201],[151.2470906,-33.9852113],[151.2470869,-33.9852035],[151.2470798,-33.9851975],[151.2470705,-33.9851959],[151.2470597,-33.9851949],[151.2470497,-33.9851974],[151.247041,-33.9852017],[151.2470363,-33.9852084]]]}},{"type":"Feature","properties":{"@id":"way/825393977","golf":"bunker","natural":"sand"},"geometry":{"type":"Polygon","coordinates":[[[151.2471646,-33.985247],[151.2471716,-33.9852449],[151.247181,-33.9852459],[151.2471908,-33.9852454],[151.2471994,-33.9852438],[151.2472036,-33.9852377],[151.2472119,-33.9852308],[151.2472142,-33.9852235],[151.2472165,-33.9852155],[151.2472077,-33.9852051],[151.2471989,-33.9852009],[151.2471973,-33.9851994],[151.2471931,-33.985192],[151.2471887,-33.985185],[151.2471876,-33.9851792],[151.2472063,-33.9851791],[151.2472169,-33.9851825],[151.2472276,-33.9851845],[151.2472354,-33.9851902],[151.2472447,-33.9851887],[151.2472495,-33.985191],[151.2472534,-33.9851929],[151.2472631,-33.9851933],[151.2472673,-33.9851982],[151.2472761,-33.9852044],[151.2472798,-33.9852093],[151.2472876,-33.9852105],[151.2472959,-33.985207],[151.2473001,-33.9852009],[151.2473019,-33.9851944],[151.2473079,-33.9851917],[151.2473167,-33.9851879],[151.2473176,-33.9851814],[151.247321,-33.9851776],[151.2473177,-33.9851707],[151.2473131,-33.9851633],[151.2473051,-33.9851602],[151.2472982,-33.9851558],[151.2472926,-33.9851542],[151.2472908,-33.9851492],[151.2472927,-33.9851409],[151.2472867,-33.9851316],[151.2472853,-33.9851262],[151.2472775,-33.9851197],[151.2472654,-33.9851174],[151.2472544,-33.9851197],[151.247247,-33.9851243],[151.247246,-33.9851339],[151.2472465,-33.9851416],[151.2472382,-33.9851442],[151.247229,-33.9851439],[151.247222,-33.9851366],[151.2472146,-33.9851305],[151.2472137,-33.9851251],[151.2472063,-33.985119],[151.2472003,-33.9851144],[151.2471934,-33.9851098],[151.2471883,-33.9851063],[151.2471805,-33.9851029],[151.2471717,-33.9851017],[151.247162,-33.9851029],[151.2471551,-33.9851052],[151.2471454,-33.9851067],[151.2471407,-33.9851121],[151.2471412,-33.9851186],[151.2471444,-33.9851251],[151.2471426,-33.9851312],[151.247138,-33.985135],[151.2471361,-33.9851419],[151.247137,-33.9851496],[151.2471407,-33.9851542],[151.2471463,-33.9851596],[151.2471481,-33.9851657],[151.2471463,-33.9851703],[151.2471407,-33.9851737],[151.2471407,-33.9851787],[151.2471361,-33.9851802],[151.2471297,-33.9851814],[151.247125,-33.9851856],[151.24712,-33.9851864],[151.2471212,-33.985193],[151.2471205,-33.985202],[151.2471256,-33.9852082],[151.247125,-33.9852158],[151.2471244,-33.985222],[151.2471186,-33.9852251],[151.2471167,-33.9852289],[151.247119,-33.9852363],[151.2471248,-33.9852433],[151.2471285,-33.9852481],[151.2471354,-33.9852502],[151.2471441,-33.9852536],[151.2471522,-33.985253],[151.2471573,-33.9852514],[151.2471646,-33.985247]]]}},{"type":"Feature","properties":{"@id":"way/825393978","golf":"bunker","natural":"sand"},"geometry":{"type":"Polygon","coordinates":[[[151.2474392,-33.984957],[151.2474414,-33.9849644],[151.2474439,-33.9849705],[151.2474449,-33.9849776],[151.247446,-33.9849831],[151.2474507,-33.984986],[151.2474564,-33.9849908],[151.2474631,-33.984992],[151.2474705,-33.9849928],[151.247474,-33.9849881],[151.247471,-33.9849816],[151.2474692,-33.9849755],[151.2474703,-33.9849681],[151.2474708,-33.9849611],[151.2474703,-33.9849557],[151.2474648,-33.9849503],[151.2474558,-33.9849469],[151.2474482,-33.9849494],[151.2474424,-33.9849522],[151.2474392,-33.984957]]]}},{"type":"Feature","properties":{"@id":"way/825393979","golf":"bunker","natural":"sand"},"geometry":{"type":"Polygon","coordinates":[[[151.247319,-33.9850305],[151.247307,-33.9850305],[151.247302,-33.9850346],[151.2473036,-33.9850443],[151.2473034,-33.9850534],[151.247306,-33.9850606],[151.247307,-33.9850711],[151.2473056,-33.985078],[151.247295,-33.9850795],[151.2472848,-33.9850826],[151.2472844,-33.985089],[151.2472904,-33.9850952],[151.247301,-33.9850983],[151.2473102,-33.9850964],[151.2473181,-33.9850902],[151.2473227,-33.9850837],[151.2473288,-33.9850777],[151.2473312,-33.9850715],[151.2473288,-33.9850645],[151.2473307,-33.9850591],[151.2473296,-33.9850523],[151.2473273,-33.9850481],[151.2473271,-33.9850424],[151.2473276,-33.9850351],[151.247319,-33.9850305]]]}},{"type":"Feature","properties":{"@id":"way/825393980","golf":"bunker","natural":"sand"},"geometry":{"type":"Polygon","coordinates":[[[151.2473956,-33.9851366],[151.2473972,-33.9851256],[151.247398,-33.985113],[151.247399,-33.9851059],[151.2474069,-33.985102],[151.2474149,-33.985104],[151.2474187,-33.9851096],[151.2474218,-33.9851188],[151.2474275,-33.9851246],[151.2474384,-33.9851258],[151.2474508,-33.9851265],[151.2474634,-33.9851242],[151.247471,-33.98512],[151.2474766,-33.9851142],[151.2474805,-33.9851093],[151.247482,-33.9851041],[151.247477,-33.9850994],[151.2474714,-33.9850948],[151.2474659,-33.9850941],[151.2474576,-33.9850948],[151.2474515,-33.9850947],[151.2474478,-33.9850915],[151.2474511,-33.9850859],[151.2474477,-33.9850808],[151.247443,-33.9850757],[151.2474351,-33.9850703],[151.2474264,-33.9850651],[151.2474175,-33.9850618],[151.2474117,-33.9850576],[151.2474081,-33.985051],[151.2474045,-33.9850471],[151.2473968,-33.985046],[151.2473882,-33.9850475],[151.2473772,-33.9850519],[151.2473726,-33.9850518],[151.247366,-33.9850558],[151.2473617,-33.9850623],[151.2473642,-33.9850699],[151.2473637,-33.9850762],[151.2473574,-33.9850822],[151.2473523,-33.985086],[151.2473463,-33.9850876],[151.2473421,-33.9850925],[151.2473412,-33.9850968],[151.2473384,-33.9851006],[151.2473356,-33.9851044],[151.2473343,-33.9851086],[151.2473329,-33.9851132],[151.2473325,-33.9851179],[151.2473311,-33.9851225],[151.2473313,-33.9851299],[151.2473349,-33.9851372],[151.247335,-33.9851446],[151.2473384,-33.9851523],[151.2473462,-33.9851552],[151.2473491,-33.98516],[151.2473559,-33.9851634],[151.2473629,-33.9851632],[151.2473705,-33.9851636],[151.2473776,-33.9851614],[151.2473839,-33.9851589],[151.2473906,-33.9851576],[151.2473925,-33.9851534],[151.2473934,-33.9851488],[151.2473923,-33.9851419],[151.2473956,-33.9851366]]]}},{"type":"Feature","properties":{"@id":"way/825397991","golf":"tee"},"geometry":{"type":"Polygon","coordinates":[[[151.2492993,-33.9849749],[151.249313,-33.9849806],[151.249339,-33.9849806],[151.2495127,-33.9849668],[151.2496059,-33.984958],[151.2496672,-33.9849529],[151.2497026,-33.9849542],[151.2497368,-33.9849523],[151.2497648,-33.9849483],[151.2497814,-33.984942],[151.24979,-33.9849318],[151.2497931,-33.9849205],[151.2497922,-33.9849104],[151.2497847,-33.9849016],[151.2497741,-33.9848946],[151.2497599,-33.9848893],[151.2495993,-33.9848638],[151.249576,-33.9848588],[151.2495594,-33.9848589],[151.2495415,-33.9848624],[151.2495285,-33.9848729],[151.2495129,-33.9848847],[151.2494972,-33.9848987],[151.24948,-33.9849069],[151.2494592,-33.9849124],[151.249433,-33.9849176],[151.2494116,-33.9849209],[151.2493871,-33.9849224],[151.2493499,-33.9849145],[151.249327,-33.9849123],[151.249305,-33.9849123],[151.2492893,-33.9849166],[151.2492769,-33.9849248],[151.2492693,-33.9849359],[151.2492681,-33.9849455],[151.2492741,-33.9849569],[151.249282,-33.9849661],[151.2492993,-33.9849749]]]}},{"type":"Feature","properties":{"@id":"way/825397992","golf":"bunker","natural":"sand"},"geometry":{"type":"Polygon","coordinates":[[[151.2479065,-33.9847061],[151.2479055,-33.9847216],[151.2479084,-33.9847312],[151.2479167,-33.9847359],[151.2479255,-33.98474],[151.2479348,-33.984743],[151.2479438,-33.9847454],[151.2479548,-33.9847438],[151.2479659,-33.9847397],[151.2479731,-33.9847364],[151.2479772,-33.9847261],[151.2479791,-33.9847158],[151.2479829,-33.9847059],[151.2479945,-33.9847051],[151.2480033,-33.9847019],[151.2480097,-33.9846906],[151.2480091,-33.9846777],[151.2480014,-33.9846664],[151.2479955,-33.9846607],[151.2479897,-33.9846502],[151.2479832,-33.9846395],[151.2479718,-33.9846256],[151.2479566,-33.984622],[151.2479367,-33.984621],[151.2479176,-33.9846195],[151.2479021,-33.9846179],[151.2478941,-33.9846236],[151.2478908,-33.9846339],[151.2478924,-33.9846467],[151.2478978,-33.9846553],[151.2479037,-33.9846669],[151.2479056,-33.9846803],[151.2479071,-33.9846924],[151.2479065,-33.9847061]]]}},{"type":"Feature","properties":{"@id":"way/825397993","golf":"bunker","natural":"sand"},"geometry":{"type":"Polygon","coordinates":[[[151.2475789,-33.9847471],[151.2475594,-33.9847471],[151.2475497,-33.9847495],[151.2475399,-33.9847568],[151.247537,-33.9847661],[151.2475364,-33.9847776],[151.2475447,-33.9847864],[151.247555,-33.9847913],[151.2475667,-33.9847983],[151.2475729,-33.9848071],[151.2475822,-33.9848168],[151.2475932,-33.9848223],[151.2476008,-33.9848257],[151.24761,-33.9848294],[151.2476201,-33.9848312],[151.2476329,-33.9848334],[151.2476409,-33.9848405],[151.2476473,-33.9848426],[151.2476554,-33.9848438],[151.2476597,-33.9848383],[151.2476655,-33.9848343],[151.2476704,-33.9848286],[151.2476722,-33.9848205],[151.2476693,-33.9848131],[151.2476644,-33.9848066],[151.2476549,-33.9848008],[151.2476436,-33.9847976],[151.2476387,-33.98479],[151.2476334,-33.9847835],[151.2476233,-33.9847776],[151.2476162,-33.9847702],[151.2476139,-33.9847616],[151.2476077,-33.9847555],[151.2475972,-33.984751],[151.2475896,-33.9847495],[151.2475789,-33.9847471]]]}},{"type":"Feature","properties":{"@id":"way/825397994","golf":"green"},"geometry":{"type":"Polygon","coordinates":[[[151.2477054,-33.9846454],[151.2476694,-33.9846421],[151.2476421,-33.9846438],[151.2476207,-33.9846494],[151.2476012,-33.9846599],[151.2475925,-33.9846744],[151.2475905,-33.9846914],[151.2475954,-33.9847075],[151.2476022,-33.9847221],[151.2476129,-33.984735],[151.2476207,-33.9847487],[151.2476314,-33.984764],[151.247648,-33.9847778],[151.2476636,-33.9847899],[151.2476782,-33.9847971],[151.2476976,-33.984802],[151.2477151,-33.9848044],[151.2477405,-33.9848036],[151.2477687,-33.9848012],[151.2477979,-33.9847971],[151.2478222,-33.9847931],[151.2478417,-33.984785],[151.2478553,-33.9847753],[151.247866,-33.9847624],[151.2478729,-33.9847479],[151.2478787,-33.9847285],[151.2478816,-33.9847116],[151.2478787,-33.9846954],[151.2478709,-33.9846793],[151.2478621,-33.9846647],[151.2478436,-33.9846534],[151.2478232,-33.9846446],[151.2477989,-33.9846413],[151.2477745,-33.9846413],[151.2477405,-33.984643],[151.2477054,-33.9846454]]]}},{"type":"Feature","properties":{"@id":"way/825397995","golf":"bunker","natural":"sand"},"geometry":{"type":"Polygon","coordinates":[[[151.2472998,-33.984847],[151.2472855,-33.984836],[151.2472822,-33.9848214],[151.2472934,-33.9848075],[151.2472836,-33.9847943],[151.2472703,-33.9847863],[151.2472546,-33.9847866],[151.2472403,-33.9847885],[151.2472204,-33.984793],[151.2472072,-33.984804],[151.2471874,-33.984825],[151.2471664,-33.9848351],[151.2471628,-33.9848377],[151.2471499,-33.984847],[151.2471532,-33.984857],[151.2471664,-33.9848634],[151.2471708,-33.9848725],[151.2471601,-33.984876],[151.2471546,-33.9848835],[151.2471497,-33.9848903],[151.2471501,-33.9849019],[151.2471614,-33.9849098],[151.2471757,-33.9849159],[151.2471857,-33.9849261],[151.2471954,-33.9849348],[151.2472063,-33.9849394],[151.2472175,-33.9849406],[151.2472291,-33.9849385],[151.2472326,-33.9849301],[151.2472427,-33.9849259],[151.2472491,-33.9849201],[151.2472601,-33.9849137],[151.2472665,-33.9849057],[151.2472721,-33.9848984],[151.2472809,-33.9848949],[151.2472844,-33.9848872],[151.247296,-33.9848854],[151.2473138,-33.9848862],[151.2473088,-33.9848973],[151.2473009,-33.984904],[151.2473047,-33.984911],[151.2473132,-33.9849146],[151.2473254,-33.9849138],[151.2473309,-33.9849082],[151.2473403,-33.9849034],[151.2473459,-33.9848954],[151.2473477,-33.9848851],[151.2473486,-33.9848747],[151.247356,-33.9848643],[151.2473428,-33.9848552],[151.2473307,-33.9848479],[151.2473185,-33.9848415],[151.247313,-33.984847],[151.2472998,-33.984847]]]}},{"type":"Feature","properties":{"@id":"way/825397996","golf":"fairway"},"geometry":{"type":"Polygon","coordinates":[[[151.2465812,-33.9856058],[151.246608,-33.9856058],[151.2466321,-33.9855999],[151.2466631,-33.9855917],[151.24669,-33.9855824],[151.2467154,-33.9855742],[151.246755,-33.9855695],[151.2467918,-33.985566],[151.2468257,-33.985566],[151.2468737,-33.9855706],[151.246902,-33.9855777],[151.2469303,-33.9855706],[151.2469585,-33.985566],[151.2469811,-33.9855589],[151.2469981,-33.9855437],[151.2470151,-33.9855261],[151.2470314,-33.9855015],[151.2470402,-33.9854643],[151.247049,-33.9854499],[151.24706,-33.9854415],[151.2470778,-33.9854355],[151.2470933,-33.9854353],[151.2471126,-33.9854388],[151.2471322,-33.9854442],[151.2471465,-33.9854523],[151.2471606,-33.9854687],[151.2471818,-33.9854745],[151.2472129,-33.9854757],[151.2472412,-33.9854745],[151.2472695,-33.9854617],[151.2472949,-33.9854441],[151.2473161,-33.98543],[151.2473528,-33.9854183],[151.2473981,-33.9854113],[151.2474249,-33.9854066],[151.2474659,-33.9854101],[151.2474998,-33.9854124],[151.2475366,-33.9854136],[151.2475776,-33.9854101],[151.2476072,-33.9854054],[151.2476369,-33.9853995],[151.2476765,-33.9853878],[151.2477231,-33.9853808],[151.2477542,-33.9853726],[151.247791,-33.9853644],[151.2478306,-33.9853609],[151.2478645,-33.9853538],[151.247904,-33.9853351],[151.247962,-33.9853011],[151.2480115,-33.985273],[151.248044,-33.9852531],[151.2480963,-33.9852238],[151.2481443,-33.9852003],[151.2481895,-33.9851827],[151.2482333,-33.9851581],[151.248263,-33.9851464],[151.2482941,-33.9851335],[151.2483224,-33.9851206],[151.2483662,-33.9851089],[151.2483959,-33.9850984],[151.2484326,-33.985089],[151.2484637,-33.9850656],[151.2484835,-33.9850456],[151.2484934,-33.9850245],[151.2484948,-33.9849941],[151.2484892,-33.9849613],[151.2484764,-33.9849296],[151.2484552,-33.9848991],[151.2484256,-33.9848792],[151.2483916,-33.9848605],[151.2483337,-33.9848499],[151.2482955,-33.9848452],[151.2482475,-33.9848499],[151.2481966,-33.9848628],[151.2481358,-33.9848827],[151.2480948,-33.984898],[151.248044,-33.9849132],[151.247979,-33.9849273],[151.2479069,-33.9849413],[151.2478532,-33.9849531],[151.2477783,-33.9849812],[151.2477458,-33.9849999],[151.2477147,-33.9850152],[151.2476765,-33.9850269],[151.2476412,-33.9850398],[151.2475988,-33.9850538],[151.2475592,-33.9850702],[151.2475196,-33.9850913],[151.2474998,-33.9851089],[151.24748,-33.98513],[151.2474603,-33.9851406],[151.2474348,-33.9851464],[151.2474094,-33.9851534],[151.2473868,-33.9851757],[151.2473613,-33.9851804],[151.2473458,-33.9851898],[151.2473246,-33.9852027],[151.2472959,-33.985207],[151.2472723,-33.9852238],[151.247244,-33.985232],[151.24722,-33.9852495],[151.2471691,-33.9852695],[151.2471437,-33.9852788],[151.247114,-33.9852835],[151.2470857,-33.985287],[151.2470589,-33.9852929],[151.247025,-33.9852952],[151.246991,-33.9852952],[151.2469599,-33.9853035],[151.2469246,-33.985314],[151.2469006,-33.9853257],[151.2468808,-33.9853374],[151.2468384,-33.9853398],[151.2468271,-33.9853316],[151.2468172,-33.9853128],[151.2468002,-33.9853035],[151.2467861,-33.9852906],[151.2467691,-33.9852765],[151.2467564,-33.9852601],[151.2467366,-33.9852449],[151.2467126,-33.9852355],[151.2466829,-33.9852355],[151.2466603,-33.9852402],[151.2466391,-33.9852495],[151.2466165,-33.9852519],[151.2465995,-33.9852449],[151.2465741,-33.9852437],[151.2465402,-33.985246],[151.2465176,-33.9852519],[151.2465006,-33.985266],[151.2464772,-33.9852702],[151.2464497,-33.9852744],[151.246422,-33.9852839],[151.2463923,-33.9853029],[151.2463708,-33.9853248],[151.2463562,-33.9853518],[151.2463446,-33.9853749],[151.2463366,-33.9853985],[151.2463365,-33.9854228],[151.2463396,-33.9854527],[151.2463468,-33.9854777],[151.246361,-33.9854978],[151.246383,-33.9855226],[151.2464144,-33.9855624],[151.2464314,-33.9855824],[151.2464483,-33.9855906],[151.2464822,-33.9855929],[151.2465162,-33.9855917],[151.2465543,-33.9855976],[151.2465812,-33.9856058]]]}},{"type":"Feature","properties":{"@id":"way/825397997","golf":"green"},"geometry":{"type":"Polygon","coordinates":[[[151.2464123,-33.9849854],[151.2464049,-33.9849926],[151.2463955,-33.9850066],[151.2463883,-33.9850265],[151.2463813,-33.9850442],[151.2463768,-33.9850572],[151.2463712,-33.9850728],[151.2463678,-33.9850872],[151.2463652,-33.9851015],[151.2463652,-33.9851177],[151.246369,-33.9851313],[151.246378,-33.9851412],[151.246392,-33.985149],[151.2464129,-33.985154],[151.2464352,-33.9851548],[151.2464596,-33.9851508],[151.2464839,-33.9851411],[151.2465044,-33.9851306],[151.2465199,-33.9851185],[151.2465417,-33.9851016],[151.2465536,-33.9850869],[151.2465589,-33.9850754],[151.246567,-33.9850573],[151.2465725,-33.9850407],[151.2465757,-33.9850295],[151.2465707,-33.9850081],[151.2465362,-33.985],[151.2465167,-33.9849948],[151.2464975,-33.9849909],[151.2464766,-33.9849865],[151.2464527,-33.9849808],[151.2464377,-33.9849785],[151.2464246,-33.9849805],[151.2464123,-33.9849854]]]}},{"type":"Feature","properties":{"@id":"way/825397998","golf":"green"},"geometry":{"type":"Polygon","coordinates":[[[151.24696,-33.9849338],[151.2469336,-33.984928],[151.2469146,-33.9849267],[151.2468983,-33.9849304],[151.2468832,-33.984937],[151.2468749,-33.9849433],[151.2468672,-33.9849502],[151.2468594,-33.9849607],[151.2468522,-33.9849758],[151.2468454,-33.9849944],[151.2468409,-33.985015],[151.246837,-33.9850313],[151.2468363,-33.9850478],[151.2468402,-33.9850572],[151.2468476,-33.9850658],[151.2468561,-33.9850741],[151.2468661,-33.9850804],[151.2468837,-33.9850854],[151.2469029,-33.9850873],[151.2469217,-33.9850813],[151.246945,-33.9850701],[151.2469619,-33.98506],[151.2469765,-33.9850511],[151.2469911,-33.9850418],[151.2470047,-33.9850317],[151.2470174,-33.9850216],[151.2470281,-33.985009],[151.2470337,-33.9849987],[151.2470382,-33.9849887],[151.2470392,-33.9849762],[151.2470344,-33.9849663],[151.247027,-33.9849568],[151.2470168,-33.9849506],[151.2470035,-33.9849441],[151.2469859,-33.9849391],[151.24696,-33.9849338]]]}},{"type":"Feature","properties":{"@id":"way/825397999","golf":"hole","ref":"7","par":"5"},"geometry":{"type":"LineString","coordinates":[[151.251691,-33.9853126],[151.2516063,-33.9853316],[151.2488879,-33.9859421],[151.24737,-33.9863392],[151.2462401,-33.9864847]]}},{"type":"Feature","properties":{"@id":"way/825398000","golf":"hole","ref":"8","par":"4"},"geometry":{"type":"LineString","coordinates":[[151.2462203,-33.9861576],[151.2489183,-33.9854051],[151.2503484,-33.9851897]]}},{"type":"Feature","properties":{"@id":"way/825398001","golf":"hole","ref":"9","par":"4"},"geometry":{"type":"LineString","coordinates":[[151.2497446,-33.984924],[151.249147,-33.9850141],[151.2491268,-33.9850171],[151.2490417,-33.98503],[151.2489526,-33.9850434],[151.2487895,-33.985068],[151.2486924,-33.9850826],[151.2474071,-33.9852764],[151.2467182,-33.9853827],[151.2465632,-33.9854066]]}},{"type":"Feature","properties":{"@id":"way/825405102","golf":"bunker","natural":"sand"},"geometry":{"type":"Polygon","coordinates":[[[151.2459585,-33.985197],[151.2459405,-33.9852018],[151.2459281,-33.9852047],[151.2459171,-33.9852092],[151.2459103,-33.9852142],[151.2459037,-33.9852283],[151.2458987,-33.9852368],[151.2458954,-33.9852606],[151.2458932,-33.9852654],[151.2458859,-33.9852665],[151.2458794,-33.9852677],[151.2458734,-33.9852729],[151.2458708,-33.9852798],[151.2458724,-33.9852889],[151.2458811,-33.9852929],[151.245891,-33.9852942],[151.2459123,-33.9852941],[151.245918,-33.9852907],[151.2459241,-33.9852886],[151.2459294,-33.9852828],[151.2459422,-33.9852809],[151.245956,-33.9852785],[151.2459624,-33.985272],[151.2459735,-33.9852673],[151.2459782,-33.985255],[151.2459796,-33.9852393],[151.2459747,-33.9852361],[151.2459682,-33.9852325],[151.2459682,-33.9852247],[151.2459805,-33.9852187],[151.2459774,-33.9852108],[151.2459708,-33.9852008],[151.2459585,-33.985197]]]}},{"type":"Feature","properties":{"@id":"way/825405104","golf":"green"},"geometry":{"type":"Polygon","coordinates":[[[151.2458669,-33.9848804],[151.2458497,-33.9848851],[151.2458329,-33.9848979],[151.2458187,-33.9849085],[151.2458039,-33.9849236],[151.2457951,-33.9849364],[151.2457874,-33.984951],[151.2457819,-33.9849693],[151.2457774,-33.984983],[151.2457675,-33.9849977],[151.2457576,-33.9850114],[151.2457455,-33.9850315],[151.2457345,-33.9850516],[151.2457267,-33.9850699],[151.2457223,-33.9850845],[151.2457179,-33.9850991],[151.2457179,-33.9851119],[151.2457168,-33.9851229],[151.2457179,-33.9851357],[151.2457256,-33.9851466],[151.2457334,-33.9851558],[151.2457444,-33.985164],[151.2457543,-33.9851704],[151.2457653,-33.985175],[151.2457774,-33.9851786],[151.245794,-33.9851786],[151.2458083,-33.9851786],[151.2458215,-33.9851741],[151.2458326,-33.9851658],[151.2458436,-33.9851567],[151.2458546,-33.9851412],[151.2458645,-33.9851274],[151.2458755,-33.985111],[151.2458855,-33.9850964],[151.2458954,-33.9850845],[151.2459053,-33.9850726],[151.2459152,-33.9850598],[151.2459249,-33.9850516],[151.2459362,-33.9850379],[151.2459483,-33.9850232],[151.2459582,-33.9850091],[151.2459656,-33.9849964],[151.2459699,-33.9849796],[151.2459712,-33.9849661],[151.2459706,-33.9849483],[151.2459687,-33.9849344],[151.245964,-33.9849164],[151.2459533,-33.9849047],[151.2459429,-33.9848944],[151.2459246,-33.9848853],[151.2459037,-33.9848786],[151.2458817,-33.9848781],[151.2458669,-33.9848804]]]}},{"type":"Feature","properties":{"@id":"way/825405105","golf":"bunker","natural":"sand"},"geometry":{"type":"Polygon","coordinates":[[[151.2458728,-33.9847092],[151.2458588,-33.9847022],[151.2458516,-33.9847018],[151.245847,-33.9847048],[151.2458464,-33.9847114],[151.2458451,-33.984716],[151.245843,-33.9847207],[151.2458469,-33.984727],[151.2458557,-33.9847317],[151.2458656,-33.9847351],[151.2458757,-33.984734],[151.2458868,-33.9847338],[151.2458965,-33.9847355],[151.2459047,-33.9847411],[151.2459099,-33.9847486],[151.2459116,-33.9847576],[151.2459138,-33.9847637],[151.2459227,-33.9847676],[151.2459331,-33.9847695],[151.2459393,-33.9847672],[151.2459439,-33.9847624],[151.2459514,-33.9847565],[151.2459581,-33.9847515],[151.2459591,-33.9847461],[151.2459549,-33.9847426],[151.2459518,-33.9847346],[151.24595,-33.984729],[151.2459435,-33.984723],[151.2459394,-33.9847195],[151.2459313,-33.9847213],[151.245923,-33.984718],[151.2459147,-33.9847129],[151.245905,-33.9847132],[151.2458976,-33.9847157],[151.2458869,-33.9847139],[151.2458728,-33.9847092]]]}},{"type":"Feature","properties":{"@id":"way/825405106","golf":"fairway"},"geometry":{"type":"Polygon","coordinates":[[[151.2454975,-33.9853477],[151.245488,-33.9853824],[151.2454485,-33.9854704],[151.2453937,-33.9855573],[151.245317,-33.9856472],[151.2452433,-33.9857366],[151.2451524,-33.9858349],[151.2450771,-33.985925],[151.2450213,-33.9860277],[151.2449463,-33.9861155],[151.2448879,-33.9861813],[151.244846,-33.9862499],[151.2448107,-33.9863102],[151.244771,-33.9863723],[151.244738,-33.9864153],[151.2447071,-33.9864555],[151.2446729,-33.9865003],[151.2446365,-33.9865423],[151.2446057,-33.9865789],[151.2445836,-33.9866182],[151.244566,-33.9866529],[151.244555,-33.986684],[151.2445451,-33.9867224],[151.2445462,-33.9867626],[151.2445506,-33.9867992],[151.2445627,-33.9868321],[151.2445858,-33.9868604],[151.2446178,-33.9868842],[151.2446597,-33.9869043],[151.2447192,-33.9869107],[151.2447732,-33.986907],[151.2448372,-33.9868823],[151.2448923,-33.9868522],[151.2449231,-33.9868184],[151.2449474,-33.9867855],[151.2449584,-33.9867498],[151.2449694,-33.9867178],[151.2449739,-33.9866831],[151.2449694,-33.9866456],[151.2449628,-33.9866027],[151.2449705,-33.9865469],[151.2449866,-33.9865189],[151.2449904,-33.9865122],[151.245021,-33.9864787],[151.2450422,-33.9864555],[151.2451502,-33.9863303],[151.2452439,-33.9861923],[151.2453492,-33.9859733],[151.2454384,-33.9858093],[151.2455219,-33.9856575],[151.2456235,-33.9855062],[151.2456361,-33.9854909],[151.2456647,-33.9854697],[151.2456968,-33.9854538],[151.2457525,-33.9854338],[151.2457853,-33.9854232],[151.2458243,-33.9854149],[151.2458487,-33.9854146],[151.2458744,-33.9854214],[151.24589,-33.9854312],[151.2458995,-33.985447],[151.2459057,-33.9854612],[151.2459068,-33.9854809],[151.2458426,-33.9855877],[151.245834,-33.9856076],[151.2458326,-33.9856264],[151.245839,-33.9856383],[151.2458508,-33.9856463],[151.2458656,-33.985653],[151.2458854,-33.9856565],[151.2459032,-33.9856554],[151.2459188,-33.9856439],[151.2459333,-33.9856211],[151.2461166,-33.9853497],[151.2461461,-33.9853197],[151.2461667,-33.9852955],[151.2461851,-33.9852717],[151.2462003,-33.9852451],[151.2462105,-33.9852199],[151.246219,-33.9852006],[151.2462166,-33.9851898],[151.2462001,-33.9851939],[151.2461773,-33.985195],[151.2461575,-33.9851938],[151.2461387,-33.9851858],[151.2460931,-33.9851605],[151.24608,-33.9851553],[151.2460588,-33.9851553],[151.2460429,-33.9851523],[151.2460335,-33.9851459],[151.2460364,-33.9851198],[151.2460473,-33.9851052],[151.2460587,-33.9850861],[151.2460629,-33.9850645],[151.2460519,-33.984983],[151.2460486,-33.9849437],[151.2460442,-33.9849069],[151.2460396,-33.9848925],[151.2460337,-33.9848774],[151.2460285,-33.984862],[151.2460224,-33.9848499],[151.2460137,-33.9848352],[151.2459995,-33.98482],[151.2459834,-33.9848095],[151.2459631,-33.9848016],[151.2459417,-33.9847961],[151.2459196,-33.9847915],[151.2458946,-33.9847876],[151.2458703,-33.9847852],[151.2458453,-33.9847852],[151.2458185,-33.984787],[151.2457929,-33.9847947],[151.245773,-33.9848048],[151.2457543,-33.984824],[151.2457311,-33.9848423],[151.2456981,-33.9848587],[151.2456738,-33.9848779],[151.245654,-33.984898],[151.245633,-33.9849278],[151.2456216,-33.9849587],[151.2456093,-33.9849864],[151.2455963,-33.9850171],[151.2455761,-33.9850493],[151.2455496,-33.9850838],[151.2455262,-33.9851171],[151.2455123,-33.9851557],[151.245509,-33.985188],[151.2455096,-33.9852311],[151.2455041,-33.9852892],[151.2454975,-33.9853477]]]}},{"type":"Feature","properties":{"@id":"way/825405107","golf":"tee"},"geometry":{"type":"Polygon","coordinates":[[[151.2462548,-33.9849462],[151.2462435,-33.9849409],[151.2462197,-33.9849349],[151.2462041,-33.984934],[151.2461915,-33.9849381],[151.2461828,-33.9849456],[151.2461727,-33.9849598],[151.2461639,-33.9849784],[151.2461591,-33.984997],[151.2461552,-33.9850172],[151.2461552,-33.9850349],[151.24616,-33.9850527],[151.2461737,-33.9850656],[151.2461902,-33.985072],[151.2462097,-33.9850761],[151.2462262,-33.985072],[151.2462343,-33.985068],[151.2462391,-33.9850591],[151.2462432,-33.9850468],[151.2462454,-33.9850311],[151.2462515,-33.9850004],[151.2462593,-33.9849695],[151.2462608,-33.9849558],[151.2462548,-33.9849462]]]}},{"type":"Feature","properties":{"@id":"way/825405108","golf":"tee"},"geometry":{"type":"Polygon","coordinates":[[[151.2461869,-33.9850918],[151.2461627,-33.9850842],[151.2461434,-33.985083],[151.2461213,-33.985086],[151.2461067,-33.9850921],[151.2460966,-33.985103],[151.2460916,-33.985116],[151.2460909,-33.9851303],[151.2460962,-33.9851501],[151.2461043,-33.9851612],[151.2461189,-33.9851688],[151.2461301,-33.9851734],[151.2461507,-33.985178],[151.2461722,-33.98518],[151.2461882,-33.9851788],[151.2462057,-33.9851757],[151.2462156,-33.9851692],[151.2462226,-33.9851582],[151.2462243,-33.985143],[151.246223,-33.9851267],[151.2462147,-33.9851122],[151.2462045,-33.9851024],[151.2461869,-33.9850918]]]}},{"type":"Feature","properties":{"@id":"way/825405110","golf":"path"},"geometry":{"type":"LineString","coordinates":[[151.2462904,-33.984682],[151.2462808,-33.984696],[151.2462715,-33.9847066],[151.2462551,-33.9847145],[151.246235,-33.9847163],[151.2462105,-33.9847169],[151.2461593,-33.9847088],[151.2457804,-33.984633],[151.2457179,-33.9846205],[151.2456922,-33.9846762],[151.2456823,-33.9846932],[151.2456647,-33.9847142],[151.2456469,-33.9847375],[151.2456362,-33.9847554],[151.2456285,-33.9847758],[151.2456202,-33.9847949],[151.2455741,-33.9848703],[151.2455602,-33.984882],[151.2455461,-33.9848883],[151.2455325,-33.98489],[151.2455178,-33.9848869],[151.2454895,-33.9848735],[151.2451861,-33.9847375],[151.2451276,-33.9848418],[151.245114,-33.9848579],[151.2450961,-33.9848748],[151.245068,-33.9848911],[151.2450486,-33.9849024],[151.2450314,-33.9849148],[151.245014,-33.9849294],[151.2449985,-33.9849452],[151.2449824,-33.9849653],[151.2449755,-33.9849821],[151.2449704,-33.9849982],[151.2449678,-33.9850128],[151.2449648,-33.9850351],[151.2449639,-33.985057],[151.244966,-33.9850826],[151.2449685,-33.9851],[151.2449727,-33.9851178],[151.2449806,-33.9851388],[151.2449873,-33.9851523],[151.2449967,-33.985172],[151.2450049,-33.9851887],[151.2450111,-33.985205],[151.2450148,-33.9852228],[151.2450164,-33.9852398],[151.2450158,-33.9852551],[151.2450143,-33.9852755],[151.2450106,-33.9852948],[151.2450046,-33.9853128],[151.2449972,-33.9853296],[151.2449826,-33.9853546],[151.2449387,-33.9854189]]}},{"type":"Feature","properties":{"@id":"way/825405112","golf":"path"},"geometry":{"type":"LineString","coordinates":[[151.2462089,-33.9852751],[151.2462083,-33.9855232],[151.2462066,-33.9855499],[151.2462026,-33.9855796],[151.2461773,-33.9857135],[151.2461743,-33.9857262],[151.2461727,-33.9857435],[151.2461767,-33.9857714],[151.2462181,-33.9859059]]}},{"type":"Feature","properties":{"@id":"way/825405122","golf":"path"},"geometry":{"type":"LineString","coordinates":[[151.2478723,-33.9868159],[151.2478407,-33.9868335],[151.2478111,-33.9868484],[151.2477815,-33.9868625],[151.2477565,-33.9868739],[151.2477249,-33.9868871],[151.2476816,-33.9869031],[151.2476638,-33.9869091],[151.2476357,-33.9869178],[151.247535,-33.9869516],[151.24743,-33.9869833],[151.2473891,-33.9869909],[151.2473615,-33.9869951],[151.2473446,-33.9869986],[151.2473237,-33.987003],[151.2473079,-33.9870078],[151.2472832,-33.9870183],[151.2472512,-33.9870323],[151.2472109,-33.9870509],[151.2471308,-33.9870856],[151.2471203,-33.9870892],[151.2470844,-33.9871017],[151.2470601,-33.9871082],[151.2470386,-33.9871134],[151.2470164,-33.9871196],[151.2469878,-33.9871273],[151.2469658,-33.9871351],[151.2469408,-33.9871453],[151.2469018,-33.9871628],[151.2468742,-33.9871761],[151.246849,-33.9871897],[151.2468171,-33.9872068],[151.2467874,-33.9872226],[151.2467678,-33.9872331],[151.2467536,-33.9872398],[151.2467382,-33.9872472],[151.2467232,-33.9872541],[151.2467013,-33.9872619],[151.2466748,-33.9872689],[151.2466579,-33.9872718],[151.2466383,-33.9872752],[151.2466209,-33.9872795],[151.2466006,-33.9872848],[151.2465827,-33.9872901],[151.2465603,-33.9872985],[151.2465088,-33.9873202],[151.2464926,-33.9873267],[151.2464815,-33.9873319],[151.2464649,-33.9873383],[151.2464501,-33.9873431],[151.2464346,-33.9873479],[151.2464233,-33.9873504],[151.2464092,-33.9873523],[151.2463928,-33.9873551],[151.2463794,-33.9873558],[151.246369,-33.9873541],[151.2463562,-33.9873514],[151.2463411,-33.9873448],[151.2463313,-33.9873385],[151.246316,-33.9873295],[151.2463015,-33.9873208],[151.2462875,-33.987313],[151.2462736,-33.9873055],[151.2462562,-33.9872969],[151.2462405,-33.9872899],[151.246219,-33.9872797],[151.2461936,-33.9872705],[151.2461725,-33.9872631],[151.246147,-33.9872564],[151.2461146,-33.9872484],[151.2460821,-33.9872422],[151.2460541,-33.9872365],[151.2460181,-33.9872304],[151.24599,-33.9872262],[151.2459616,-33.9872224],[151.2459334,-33.9872193],[151.2459067,-33.9872175],[151.2458857,-33.9872166],[151.2458654,-33.9872167],[151.2458445,-33.9872174],[151.2458264,-33.9872194],[151.2458115,-33.9872221],[151.245797,-33.987226],[151.2457842,-33.9872313],[151.2457499,-33.9872496],[151.2456811,-33.987287],[151.2452998,-33.9875064],[151.2451693,-33.9875799],[151.2451532,-33.9875911],[151.2451321,-33.9876061],[151.2451159,-33.9876242],[151.2451038,-33.9876417],[151.2450917,-33.9876629],[151.2450228,-33.9877947],[151.2448997,-33.9880219],[151.2448875,-33.9880286],[151.2448656,-33.9880385],[151.2447892,-33.9880676],[151.2447649,-33.9880778],[151.2447363,-33.9880923],[151.2447167,-33.9881033],[151.244699,-33.9881156],[151.2446797,-33.9881298],[151.2446643,-33.9881418],[151.2446429,-33.9881556],[151.2446299,-33.9881617],[151.2446107,-33.9881676],[151.2445761,-33.988177]]}},{"type":"Feature","properties":{"@id":"way/825405128","golf":"hole","ref":"10","par":"4"},"geometry":{"type":"LineString","coordinates":[[151.2462208,-33.9849588],[151.2451541,-33.9870815],[151.2443406,-33.9878985]]}},{"type":"Feature","properties":{"@id":"way/825405129","golf":"hole","ref":"18","par":"4"},"geometry":{"type":"LineString","coordinates":[[151.2436964,-33.9881794],[151.243991,-33.9877514],[151.2441718,-33.9874887],[151.2444821,-33.9870381],[151.2450486,-33.9862397],[151.2458401,-33.9850313]]}},{"type":"Feature","properties":{"@id":"way/825411391","golf":"bunker","natural":"sand"},"geometry":{"type":"Polygon","coordinates":[[[151.2509498,-33.9868173],[151.2509441,-33.986823],[151.2509385,-33.9868272],[151.2509322,-33.9868324],[151.2509284,-33.9868387],[151.2509272,-33.9868449],[151.2509259,-33.9868512],[151.2509265,-33.9868585],[151.2509278,-33.9868653],[151.2509316,-33.98687],[151.2509366,-33.9868731],[151.2509441,-33.9868773],[151.2509498,-33.9868804],[151.2509567,-33.9868851],[151.2509643,-33.9868856],[151.2509731,-33.9868841],[151.2509775,-33.9868799],[151.2509838,-33.9868757],[151.2509901,-33.9868736],[151.2509976,-33.9868716],[151.2510027,-33.9868674],[151.2510045,-33.9868611],[151.2510052,-33.9868538],[151.2510052,-33.9868455],[151.2510027,-33.9868382],[151.2509995,-33.9868314],[151.2509945,-33.9868256],[151.2509869,-33.9868194],[151.2509781,-33.9868152],[151.2509699,-33.9868131],[151.2509567,-33.9868142],[151.2509498,-33.9868173]]]}},{"type":"Feature","properties":{"@id":"way/825411392","golf":"bunker","natural":"sand"},"geometry":{"type":"Polygon","coordinates":[[[151.2510333,-33.9868935],[151.2510251,-33.9868955],[151.251018,-33.9868986],[151.2510106,-33.986903],[151.2510043,-33.9869088],[151.2510005,-33.9869155],[151.2509981,-33.9869218],[151.2509968,-33.9869291],[151.2509974,-33.9869359],[151.2509987,-33.9869421],[151.2510005,-33.9869484],[151.2510056,-33.9869547],[151.25101,-33.9869604],[151.2510156,-33.9869646],[151.2510245,-33.9869667],[151.2510364,-33.9869684],[151.2510471,-33.9869692],[151.2510547,-33.9869677],[151.2510635,-33.9869635],[151.2510698,-33.9869594],[151.2510748,-33.9869552],[151.2510786,-33.98695],[151.2510811,-33.9869453],[151.2510843,-33.9869385],[151.2510837,-33.9869317],[151.2510833,-33.9869249],[151.2510795,-33.9869168],[151.2510755,-33.9869105],[151.251071,-33.9869046],[151.2510641,-33.9868999],[151.2510547,-33.9868952],[151.2510452,-33.9868936],[151.2510333,-33.9868935]]]}},{"type":"Feature","properties":{"@id":"way/825411393","golf":"bunker","natural":"sand"},"geometry":{"type":"Polygon","coordinates":[[[151.2513496,-33.9867995],[151.2513471,-33.9868036],[151.2513442,-33.9868086],[151.2513414,-33.9868139],[151.2513372,-33.9868215],[151.2513343,-33.9868275],[151.2513315,-33.9868339],[151.2513287,-33.9868404],[151.2513259,-33.9868477],[151.2513235,-33.9868544],[151.2513223,-33.9868618],[151.2513221,-33.9868684],[151.251324,-33.9868743],[151.2513264,-33.9868768],[151.2513312,-33.9868783],[151.2513378,-33.9868783],[151.2513447,-33.9868759],[151.2513521,-33.9868717],[151.2513575,-33.9868676],[151.2513637,-33.9868617],[151.2513697,-33.9868538],[151.2513754,-33.986845],[151.2513792,-33.9868373],[151.2513814,-33.9868301],[151.2513811,-33.9868241],[151.2513806,-33.9868181],[151.2513787,-33.9868114],[151.2513756,-33.986806],[151.2513705,-33.9867992],[151.2513636,-33.9867955],[151.2513558,-33.986795],[151.2513526,-33.9867969],[151.2513496,-33.9867995]]]}},{"type":"Feature","properties":{"@id":"way/825411394","golf":"green"},"geometry":{"type":"Polygon","coordinates":[[[151.2512963,-33.9869101],[151.2513007,-33.9868934],[151.2512995,-33.9868798],[151.2512957,-33.9868678],[151.251295,-33.9868563],[151.2512937,-33.9868454],[151.2512926,-33.9868319],[151.2512925,-33.9868186],[151.2512926,-33.9868084],[151.2512922,-33.9867946],[151.2512908,-33.9867732],[151.2512899,-33.9867601],[151.2512885,-33.986749],[151.251285,-33.9867416],[151.2512749,-33.9867348],[151.2512618,-33.986729],[151.2512491,-33.9867249],[151.2512353,-33.9867217],[151.2512233,-33.9867191],[151.2512101,-33.986717],[151.2511963,-33.9867155],[151.251178,-33.986715],[151.2511611,-33.986715],[151.2511472,-33.986716],[151.2511296,-33.9867165],[151.2511139,-33.9867191],[151.2510994,-33.9867217],[151.2510849,-33.9867259],[151.2510717,-33.9867322],[151.2510591,-33.98674],[151.2510503,-33.9867483],[151.2510434,-33.9867567],[151.2510401,-33.9867651],[151.2510376,-33.9867745],[151.2510375,-33.9867834],[151.251038,-33.9867948],[151.2510391,-33.9868093],[151.2510422,-33.9868214],[151.2510466,-33.9868305],[151.2510515,-33.9868418],[151.2510572,-33.9868502],[151.2510634,-33.986858],[151.2510691,-33.9868654],[151.2510755,-33.9868733],[151.2510854,-33.9868838],[151.2510928,-33.9868931],[151.2510993,-33.9869031],[151.2511069,-33.9869154],[151.2511162,-33.9869268],[151.2511257,-33.9869358],[151.251134,-33.9869444],[151.2511423,-33.9869513],[151.2511511,-33.9869562],[151.2511606,-33.9869611],[151.2511738,-33.9869663],[151.2511873,-33.9869704],[151.2512005,-33.9869709],[151.2512138,-33.9869698],[151.2512255,-33.9869677],[151.25124,-33.9869638],[151.2512539,-33.9869581],[151.2512653,-33.9869508],[151.2512755,-33.9869419],[151.2512836,-33.986933],[151.2512891,-33.9869256],[151.2512928,-33.9869163],[151.2512963,-33.9869101]]]}},{"type":"Feature","properties":{"@id":"way/825411395","golf":"hole","ref":"13","par":"5"},"geometry":{"type":"LineString","coordinates":[[151.2490187,-33.9905575],[151.249218,-33.990315],[151.2494582,-33.9900228],[151.2503822,-33.9888988],[151.2507845,-33.9882859],[151.2510802,-33.9878355],[151.2511776,-33.9868429]]}},{"type":"Feature","properties":{"@id":"way/825411396","golf":"tee"},"geometry":{"type":"Polygon","coordinates":[[[151.2506105,-33.9867267],[151.2505954,-33.9867324],[151.2505818,-33.9867399],[151.2505746,-33.9867485],[151.2505729,-33.9867597],[151.2505767,-33.9867693],[151.2505819,-33.986776],[151.2505897,-33.9867828],[151.2506028,-33.9867895],[151.2506199,-33.9867935],[151.2506334,-33.9867954],[151.2506482,-33.9867942],[151.2506625,-33.9867907],[151.2506788,-33.9867865],[151.2506924,-33.9867797],[151.2507046,-33.9867689],[151.2507114,-33.9867596],[151.2507157,-33.9867488],[151.2507158,-33.9867353],[151.2507121,-33.9867238],[151.2507046,-33.9867153],[151.250693,-33.9867095],[151.2506784,-33.9867088],[151.2506562,-33.9867139],[151.2506335,-33.9867203],[151.2506105,-33.9867267]]]}},{"type":"Feature","properties":{"@id":"way/825411397","golf":"tee"},"geometry":{"type":"Polygon","coordinates":[[[151.249991,-33.9869737],[151.2499941,-33.986982],[151.2500008,-33.9869879],[151.2500134,-33.9869941],[151.2500316,-33.9869931],[151.2500578,-33.9869866],[151.2500855,-33.986979],[151.2501112,-33.9869728],[151.2501489,-33.9869659],[151.250166,-33.9869625],[151.2501835,-33.9869578],[151.2501977,-33.9869519],[151.2502086,-33.9869455],[151.2502162,-33.9869359],[151.2502219,-33.9869231],[151.2502245,-33.9869108],[151.250225,-33.9869005],[151.2502223,-33.986889],[151.2502168,-33.9868787],[151.250208,-33.9868683],[151.2501984,-33.9868639],[151.2501831,-33.9868611],[151.2501688,-33.9868622],[151.2501539,-33.9868659],[151.2501425,-33.986872],[151.2501202,-33.9868855],[151.2501012,-33.9868979],[151.250074,-33.9869132],[151.2500494,-33.9869274],[151.2500335,-33.9869343],[151.2500093,-33.9869431],[151.2499978,-33.9869528],[151.2499916,-33.9869625],[151.249991,-33.9869737]]]}},{"type":"Feature","properties":{"@id":"way/825411398","golf":"tee"},"geometry":{"type":"Polygon","coordinates":[[[151.2497082,-33.9870875],[151.2497021,-33.9870956],[151.2496999,-33.9871043],[151.2497026,-33.9871125],[151.2497073,-33.9871179],[151.2497138,-33.9871223],[151.2497263,-33.9871239],[151.2497404,-33.9871239],[151.2497544,-33.9871238],[151.2497699,-33.9871209],[151.2497809,-33.9871163],[151.2497915,-33.9871122],[151.2497979,-33.9871077],[151.2498024,-33.9871018],[151.2498055,-33.9870949],[151.2498043,-33.9870874],[151.2498003,-33.9870824],[151.2497953,-33.9870779],[151.2497856,-33.987072],[151.2497745,-33.9870679],[151.2497638,-33.9870673],[151.2497532,-33.9870682],[151.2497332,-33.9870744],[151.2497196,-33.9870814],[151.2497082,-33.9870875]]]}},{"type":"Feature","properties":{"@id":"way/825411399","golf":"bunker","natural":"sand"},"geometry":{"type":"Polygon","coordinates":[[[151.2507165,-33.9868025],[151.2506899,-33.9867996],[151.2506664,-33.9868073],[151.250651,-33.9868169],[151.2506587,-33.9868313],[151.2506607,-33.9868441],[151.2506491,-33.9868584],[151.2506433,-33.986876],[151.2506491,-33.9868935],[151.2506318,-33.9869047],[151.2506087,-33.9869095],[151.2505856,-33.9869111],[151.2505645,-33.986923],[151.2505564,-33.986931],[151.2505524,-33.9869411],[151.2505476,-33.9869478],[151.2505427,-33.9869571],[151.2505484,-33.9869678],[151.2505597,-33.9869745],[151.250571,-33.9869779],[151.2505831,-33.9869725],[151.2505927,-33.9869678],[151.2506008,-33.9869598],[151.2506121,-33.9869598],[151.250621,-33.9869598],[151.2506266,-33.9869678],[151.2506234,-33.9869752],[151.2506202,-33.9869819],[151.2506137,-33.9869879],[151.2506194,-33.9869973],[151.2506291,-33.9870046],[151.2506317,-33.9870053],[151.2506387,-33.9870073],[151.250646,-33.9870133],[151.2506508,-33.9870227],[151.2506524,-33.98703],[151.2506621,-33.9870361],[151.2506766,-33.9870354],[151.2506863,-33.9870274],[151.250696,-33.9870213],[151.2506952,-33.987012],[151.2506912,-33.9870053],[151.250692,-33.9869953],[151.2507017,-33.9869926],[151.2507138,-33.9869926],[151.2507251,-33.9869852],[151.2507267,-33.9869759],[151.2507178,-33.9869631],[151.2507242,-33.9869531],[151.2507234,-33.9869364],[151.2507194,-33.9869223],[151.2507138,-33.986909],[151.2507154,-33.9868976],[151.2507242,-33.9868829],[151.2507218,-33.9868655],[151.2507057,-33.9868648],[151.2506976,-33.9868514],[151.2506936,-33.9868421],[151.2507008,-33.9868341],[151.2506976,-33.9868233],[151.2506896,-33.986818],[151.2507057,-33.9868113],[151.2507165,-33.9868025]]]}},{"type":"Feature","properties":{"@id":"way/825411400","golf":"bunker","natural":"sand"},"geometry":{"type":"Polygon","coordinates":[[[151.250484,-33.9872008],[151.2504806,-33.9872054],[151.2504762,-33.9872122],[151.250472,-33.9872166],[151.2504703,-33.9872196],[151.2504711,-33.9872225],[151.2504746,-33.987228],[151.2504797,-33.9872341],[151.2504847,-33.9872398],[151.250489,-33.9872422],[151.2504954,-33.9872422],[151.2504998,-33.9872405],[151.2505031,-33.9872372],[151.2505057,-33.9872342],[151.250508,-33.9872294],[151.2505105,-33.9872253],[151.2505138,-33.9872232],[151.2505179,-33.9872226],[151.2505246,-33.987223],[151.2505318,-33.9872226],[151.2505366,-33.987221],[151.2505401,-33.9872188],[151.2505423,-33.9872163],[151.2505438,-33.9872133],[151.2505431,-33.9872096],[151.2505423,-33.9872053],[151.2505411,-33.9872021],[151.2505385,-33.9871967],[151.2505366,-33.9871925],[151.2505369,-33.9871889],[151.2505376,-33.9871854],[151.2505365,-33.9871815],[151.2505348,-33.9871784],[151.2505318,-33.9871754],[151.250528,-33.9871738],[151.2505238,-33.9871728],[151.2505166,-33.9871725],[151.2505086,-33.9871746],[151.2505034,-33.9871775],[151.2504998,-33.9871806],[151.2504971,-33.9871853],[151.2504974,-33.9871892],[151.2504971,-33.9871928],[151.2504948,-33.9871965],[151.2504899,-33.9871979],[151.250484,-33.9872008]]]}},{"type":"Feature","properties":{"@id":"way/825411402","golf":"green"},"geometry":{"type":"Polygon","coordinates":[[[151.2504913,-33.9870009],[151.2504675,-33.9870018],[151.2504458,-33.9870095],[151.2504272,-33.9870224],[151.2504096,-33.9870378],[151.2503941,-33.9870507],[151.2503713,-33.9870635],[151.2503506,-33.9870738],[151.2503299,-33.9870867],[151.2503134,-33.9871004],[151.250302,-33.9871107],[151.2502886,-33.9871236],[151.2502793,-33.9871399],[151.250271,-33.9871527],[151.2502689,-33.987169],[151.2502731,-33.987181],[151.2502793,-33.9871965],[151.2502855,-33.9872093],[151.2502958,-33.9872205],[151.2503072,-33.9872308],[151.2503206,-33.9872385],[151.2503362,-33.9872428],[151.2503537,-33.9872454],[151.2503703,-33.9872471],[151.2503889,-33.9872428],[151.2504075,-33.9872394],[151.250423,-33.9872325],[151.2504375,-33.9872222],[151.2504448,-33.9872128],[151.250453,-33.9872033],[151.2504582,-33.9871939],[151.2504654,-33.9871828],[151.2504779,-33.9871716],[151.2504861,-33.9871639],[151.2504985,-33.987157],[151.2505141,-33.9871545],[151.2505306,-33.9871527],[151.2505482,-33.9871527],[151.2505689,-33.9871502],[151.2505844,-33.9871467],[151.2506009,-33.987139],[151.2506134,-33.9871322],[151.2506258,-33.9871227],[151.250632,-33.9871116],[151.2506382,-33.9870979],[151.2506392,-33.987085],[151.2506361,-33.9870713],[151.2506299,-33.9870601],[151.2506216,-33.9870498],[151.2506113,-33.9870378],[151.2505989,-33.9870275],[151.2505865,-33.9870207],[151.2505761,-33.9870138],[151.2505596,-33.9870078],[151.2505441,-33.9870035],[151.2505244,-33.9870009],[151.2505089,-33.9870001],[151.2504913,-33.9870009]]]}},{"type":"Feature","properties":{"@id":"way/825416833","golf":"fairway"},"geometry":{"type":"Polygon","coordinates":[[[151.2483395,-33.9886468],[151.2483222,-33.9886629],[151.2483108,-33.988682],[151.2483002,-33.9887018],[151.2482936,-33.9887348],[151.2482966,-33.9887531],[151.2483059,-33.9887743],[151.2483195,-33.988786],[151.2483357,-33.9887954],[151.2483536,-33.9888045],[151.2483786,-33.9888144],[151.2484086,-33.9888183],[151.2484437,-33.9888184],[151.2484833,-33.9888094],[151.2485261,-33.9887961],[151.2485869,-33.98877],[151.2486397,-33.988744],[151.248693,-33.9887164],[151.2487591,-33.9886815],[151.2488101,-33.9886556],[151.248863,-33.9886219],[151.2489049,-33.9885876],[151.2489691,-33.9885423],[151.249071,-33.9884754],[151.2491605,-33.9884137],[151.2492189,-33.9883693],[151.2492701,-33.9883223],[151.2493306,-33.9882675],[151.2493877,-33.9882224],[151.2494659,-33.9881619],[151.249496,-33.9881373],[151.2495243,-33.9881189],[151.2495555,-33.9880991],[151.2495865,-33.9880791],[151.2496166,-33.9880597],[151.2496437,-33.9880413],[151.2496817,-33.9880118],[151.2497379,-33.9879432],[151.2498134,-33.9878122],[151.2498584,-33.9877529],[151.2499208,-33.9876882],[151.2499756,-33.9876239],[151.2500521,-33.987545],[151.2501051,-33.9874967],[151.2501694,-33.9874271],[151.250217,-33.9873885],[151.2502574,-33.9873619],[151.2502902,-33.9873482],[151.2503296,-33.9873376],[151.2503665,-33.987323],[151.2503995,-33.9873086],[151.2504284,-33.9872948],[151.2504475,-33.9872857],[151.2504751,-33.9872734],[151.2504987,-33.9872605],[151.2505255,-33.9872448],[151.2505524,-33.9872297],[151.2505847,-33.9872146],[151.2506107,-33.987208],[151.2506449,-33.9872031],[151.250672,-33.9872018],[151.2506966,-33.9872022],[151.2507342,-33.9872044],[151.2507627,-33.9872079],[151.2507899,-33.9872143],[151.2508181,-33.9872216],[151.250848,-33.9872295],[151.2508739,-33.987237],[151.2508936,-33.9872446],[151.2509133,-33.9872527],[151.2509305,-33.9872649],[151.2509452,-33.9872762],[151.25096,-33.987289],[151.2509383,-33.9871423],[151.2509511,-33.9870698],[151.2509826,-33.987007],[151.2508993,-33.9869776],[151.2508776,-33.9869827],[151.250856,-33.986986],[151.2508358,-33.9869865],[151.2508176,-33.9869891],[151.2508002,-33.9869896],[151.250785,-33.9869906],[151.2507705,-33.9869913],[151.2507588,-33.9869929],[151.2507462,-33.9869963],[151.2507359,-33.987001],[151.2507264,-33.9870062],[151.2507185,-33.9870117],[151.2507108,-33.9870197],[151.2506972,-33.9870302],[151.250687,-33.9870358],[151.2506768,-33.9870394],[151.2506643,-33.9870401],[151.2506568,-33.9870391],[151.2506487,-33.9870354],[151.2506423,-33.9870282],[151.2506323,-33.9870197],[151.2506232,-33.9870124],[151.2506133,-33.9870041],[151.2506014,-33.9869961],[151.2505881,-33.9869893],[151.2505759,-33.9869846],[151.2505656,-33.9869807],[151.2505526,-33.9869745],[151.2505426,-33.9869679],[151.2505364,-33.9869621],[151.2505339,-33.986955],[151.2505335,-33.9869468],[151.2505384,-33.9869377],[151.2505449,-33.9869286],[151.2505537,-33.9869188],[151.2505681,-33.9869111],[151.2505842,-33.9869054],[151.2505998,-33.9868999],[151.2506101,-33.9868979],[151.2506224,-33.986893],[151.2506296,-33.9868872],[151.2506358,-33.9868803],[151.2506393,-33.9868701],[151.2506423,-33.9868558],[151.2506428,-33.9868418],[151.2506428,-33.9868267],[151.2506421,-33.9868171],[151.2506427,-33.9868079],[151.2506482,-33.9868003],[151.250657,-33.9867958],[151.2506661,-33.9867946],[151.2506784,-33.9867913],[151.2506908,-33.9867872],[151.2507,-33.9867808],[151.2507087,-33.9867718],[151.2507167,-33.9867641],[151.2507193,-33.9867569],[151.2507211,-33.9867494],[151.2507213,-33.986741],[151.2507201,-33.9867328],[151.2507186,-33.9867244],[151.250714,-33.9867171],[151.2507085,-33.9867106],[151.2506992,-33.9867058],[151.2506892,-33.9867034],[151.2506794,-33.9867033],[151.2505989,-33.9867211],[151.2505826,-33.9867259],[151.2505712,-33.986731],[151.2505542,-33.9867437],[151.2505391,-33.986762],[151.2505236,-33.9867824],[151.2504997,-33.986803],[151.2504663,-33.9868217],[151.2504294,-33.9868419],[151.2504126,-33.9868544],[151.2503954,-33.9868705],[151.2503794,-33.9868892],[151.2503672,-33.9869017],[151.2503467,-33.9869088],[151.2503172,-33.9869159],[151.2502901,-33.9869233],[151.2502784,-33.9869308],[151.2502654,-33.9869423],[151.2502519,-33.9869568],[151.2502328,-33.9869834],[151.2502146,-33.9870138],[151.250192,-33.9870483],[151.250179,-33.9870798],[151.250156,-33.987132],[151.2501404,-33.9871568],[151.2501256,-33.9871703],[151.2500981,-33.9871864],[151.2500779,-33.9871951],[151.2500507,-33.9872019],[151.2500255,-33.9872092],[151.25,-33.9872272],[151.2499753,-33.9872477],[151.2499514,-33.9872716],[151.249929,-33.9873011],[151.249906,-33.987334],[151.2498864,-33.9873691],[151.2498591,-33.9874106],[151.2498214,-33.9874569],[151.2497802,-33.9875094],[151.2497471,-33.987555],[151.2497056,-33.9875996],[151.249652,-33.9876554],[151.2495942,-33.9877121],[151.2495491,-33.9877516],[151.2494904,-33.9877916],[151.2494421,-33.9878184],[151.249385,-33.9878481],[151.2493339,-33.9878729],[151.2492746,-33.9879031],[151.2492261,-33.9879274],[151.2491749,-33.9879567],[151.2491344,-33.9879852],[151.2491107,-33.9880027],[151.2490642,-33.9880375],[151.2489841,-33.9881023],[151.2489273,-33.9881488],[151.2488803,-33.9881916],[151.2488655,-33.9882115],[151.2488525,-33.9882339],[151.2488321,-33.9882738],[151.2488087,-33.988312],[151.248784,-33.9883495],[151.2487558,-33.9883747],[151.2487223,-33.9884028],[151.2486801,-33.988434],[151.2486402,-33.9884581],[151.2485849,-33.988486],[151.248546,-33.9885057],[151.2485094,-33.9885273],[151.2484598,-33.9885563],[151.2484219,-33.9885809],[151.2483858,-33.9886089],[151.2483586,-33.9886289],[151.2483395,-33.9886468]]]}},{"type":"Feature","properties":{"@id":"way/825416834","golf":"hole","ref":"16","par":"4"},"geometry":{"type":"LineString","coordinates":[[151.2468291,-33.9886178],[151.2496092,-33.9879377],[151.2504429,-33.9871044]]}},{"type":"Feature","properties":{"@id":"way/825416838","golf":"green"},"geometry":{"type":"Polygon","coordinates":[[[151.2514266,-33.9857853],[151.2514102,-33.9857888],[151.2513974,-33.9857936],[151.2513839,-33.9858012],[151.2513696,-33.9858101],[151.2513561,-33.9858207],[151.2513454,-33.9858314],[151.2513397,-33.9858414],[151.2513326,-33.9858562],[151.2513304,-33.9858692],[151.2513304,-33.9858833],[151.2513312,-33.9858975],[151.2513304,-33.9859117],[151.251329,-33.9859265],[151.2513276,-33.9859418],[151.2513262,-33.9859572],[151.2513276,-33.985972],[151.2513262,-33.9859861],[151.2513283,-33.9859944],[151.251329,-33.9860039],[151.2513319,-33.9860139],[151.2513383,-33.9860269],[151.2513447,-33.9860369],[151.2513532,-33.9860458],[151.2513604,-33.9860541],[151.2513682,-33.9860606],[151.2513803,-33.9860653],[151.2513946,-33.9860724],[151.251406,-33.9860742],[151.2514209,-33.9860742],[151.251433,-33.9860718],[151.2514487,-33.9860665],[151.2514665,-33.986057],[151.2514822,-33.9860493],[151.2514957,-33.9860423],[151.2515135,-33.9860328],[151.2515292,-33.9860222],[151.2515413,-33.9860109],[151.2515534,-33.9859997],[151.2515599,-33.9859891],[151.2515648,-33.9859731],[151.2515648,-33.985959],[151.2515634,-33.985946],[151.2515648,-33.985933],[151.2515698,-33.9859212],[151.2515748,-33.9859117],[151.2515784,-33.9858999],[151.2515805,-33.9858887],[151.2515805,-33.9858745],[151.2515755,-33.9858633],[151.2515648,-33.985852],[151.2515527,-33.9858426],[151.2515392,-33.9858325],[151.2515299,-33.9858237],[151.2515214,-33.9858154],[151.2515121,-33.9858071],[151.2515021,-33.9857989],[151.2514893,-33.9857924],[151.2514779,-33.9857882],[151.2514637,-33.9857847],[151.251448,-33.9857817],[151.2514266,-33.9857853]]]}},{"type":"Feature","properties":{"@id":"way/825427203","golf":"bunker","natural":"sand"},"geometry":{"type":"Polygon","coordinates":[[[151.2498808,-33.9870078],[151.2498764,-33.9870153],[151.2498696,-33.9870188],[151.2498586,-33.9870193],[151.2498516,-33.9870177],[151.2498469,-33.9870126],[151.2498433,-33.9870094],[151.2498357,-33.9870101],[151.2498281,-33.9870124],[151.2498176,-33.9870125],[151.2498082,-33.9870107],[151.2498,-33.9870105],[151.2497924,-33.9870136],[151.2497864,-33.9870163],[151.2497866,-33.9870218],[151.2497873,-33.9870264],[151.2497819,-33.9870303],[151.2497736,-33.987032],[151.2497724,-33.9870368],[151.2497767,-33.9870397],[151.2497847,-33.987036],[151.249791,-33.9870354],[151.2497967,-33.9870383],[151.2497995,-33.9870445],[151.2498062,-33.9870487],[151.2498092,-33.9870533],[151.2498156,-33.987058],[151.2498221,-33.9870645],[151.2498273,-33.9870685],[151.2498287,-33.9870781],[151.2498271,-33.9870842],[151.2498284,-33.9870903],[151.2498412,-33.9870887],[151.2498454,-33.9870845],[151.2498507,-33.9870797],[151.2498574,-33.9870742],[151.2498603,-33.9870682],[151.2498614,-33.987062],[151.2498652,-33.9870585],[151.2498721,-33.9870579],[151.2498784,-33.9870579],[151.2498842,-33.9870564],[151.249889,-33.9870521],[151.2498942,-33.9870438],[151.249895,-33.987039],[151.2499006,-33.9870368],[151.2499079,-33.9870356],[151.2499149,-33.9870311],[151.249921,-33.9870232],[151.2499223,-33.9870176],[151.2499241,-33.9870083],[151.2499231,-33.9869976],[151.2499215,-33.9869918],[151.2499153,-33.986986],[151.24991,-33.9869793],[151.2499097,-33.9869722],[151.249908,-33.9869666],[151.2499039,-33.9869656],[151.2498979,-33.9869682],[151.2498931,-33.9869754],[151.2498872,-33.9869794],[151.2498859,-33.9869843],[151.249887,-33.9869896],[151.2498874,-33.9869958],[151.2498839,-33.9870028],[151.2498808,-33.9870078]]]}},{"type":"Feature","properties":{"@id":"way/825427204","golf":"path"},"geometry":{"type":"LineString","coordinates":[[151.2501115,-33.9869954],[151.2500367,-33.987014],[151.2499909,-33.9870288],[151.2499425,-33.9870505],[151.2499259,-33.9870596],[151.2498864,-33.9870862],[151.2498418,-33.9871159],[151.2498177,-33.9871299],[151.249799,-33.9871361],[151.2497443,-33.9871455],[151.2497129,-33.987149],[151.2496708,-33.987155],[151.2496342,-33.9871594],[151.2496048,-33.9871651],[151.249587,-33.9871693],[151.249566,-33.9871769],[151.2495406,-33.9871876],[151.2495212,-33.9871981],[151.2495013,-33.9872118],[151.2494874,-33.9872223],[151.249474,-33.9872354],[151.2494631,-33.9872528],[151.2494467,-33.9872706],[151.249434,-33.9872835],[151.2494189,-33.9872969],[151.2493196,-33.9874075],[151.2492931,-33.9874317],[151.2492773,-33.9874379],[151.2492566,-33.9874427],[151.2492293,-33.9874455],[151.2492077,-33.9874446],[151.2491887,-33.9874404],[151.2491748,-33.9874343]]}},{"type":"Feature","properties":{"@id":"way/825427205","golf":"bunker","natural":"sand"},"geometry":{"type":"Polygon","coordinates":[[[151.2478822,-33.987278],[151.2479073,-33.9872765],[151.2479199,-33.9872691],[151.2479162,-33.9872598],[151.2479029,-33.9872551],[151.247886,-33.9872566],[151.2478685,-33.987256],[151.2478576,-33.9872519],[151.2478406,-33.9872415],[151.2478293,-33.9872436],[151.2478174,-33.9872478],[151.2478086,-33.9872571],[151.2477998,-33.9872629],[151.2477953,-33.9872697],[151.2477916,-33.987278],[151.2477888,-33.9872814],[151.2477788,-33.9872863],[151.2477645,-33.987289],[151.2477576,-33.9872905],[151.2477494,-33.9872978],[151.2477431,-33.9873078],[151.2477387,-33.9873177],[151.2477278,-33.9873253],[151.2477217,-33.9873349],[151.2477293,-33.9873474],[151.2477463,-33.9873558],[151.2477639,-33.9873589],[151.2477865,-33.9873573],[151.2477985,-33.9873469],[151.2478103,-33.9873408],[151.2478199,-33.9873303],[151.2478251,-33.9873252],[151.247837,-33.987319],[151.2478507,-33.9873204],[151.2478608,-33.9873247],[151.2478704,-33.9873335],[151.2478815,-33.9873359],[151.2478941,-33.9873276],[151.247896,-33.9873203],[151.247891,-33.9873104],[151.2478803,-33.9873025],[151.2478677,-33.9873046],[151.2478564,-33.9873041],[151.2478451,-33.9873005],[151.2478375,-33.9872931],[151.2478362,-33.9872827],[151.24784,-33.9872733],[151.2478532,-33.9872686],[151.2478664,-33.9872749],[151.2478822,-33.987278]]]}},{"type":"Feature","properties":{"@id":"way/825427207","golf":"fairway"},"geometry":{"type":"Polygon","coordinates":[[[151.245662,-33.9880711],[151.2456293,-33.9880607],[151.2456091,-33.988057],[151.2455909,-33.988056],[151.245571,-33.9880555],[151.2455479,-33.9880573],[151.2455268,-33.9880599],[151.2455032,-33.988065],[151.245477,-33.9880724],[151.2454578,-33.9880796],[151.2454414,-33.988089],[151.245426,-33.9881005],[151.2454139,-33.9881113],[151.2454034,-33.9881242],[151.2453956,-33.9881361],[151.2453889,-33.9881494],[151.2453852,-33.9881687],[151.2453819,-33.9881846],[151.2453815,-33.9882061],[151.245384,-33.9882246],[151.2453889,-33.9882427],[151.2453998,-33.9882618],[151.2454088,-33.9882732],[151.2454184,-33.988286],[151.2454309,-33.988298],[151.245448,-33.9883105],[151.2454708,-33.9883208],[151.2454946,-33.9883302],[151.2455194,-33.988335],[151.2455412,-33.9883373],[151.2455709,-33.9883385],[151.2456061,-33.9883352],[151.2456381,-33.9883259],[151.2456698,-33.988315],[151.2457066,-33.9883026],[151.2457355,-33.9882916],[151.2457609,-33.9882839],[151.2458011,-33.988273],[151.2458214,-33.9882636],[151.2458458,-33.9882493],[151.2458963,-33.9882151],[151.2459275,-33.9881963],[151.2459502,-33.9881869],[151.2459735,-33.9881802],[151.246015,-33.9881734],[151.2460502,-33.988171],[151.2460817,-33.9881727],[151.2461132,-33.988175],[151.2461365,-33.9881777],[151.2461598,-33.9881799],[151.2461863,-33.9881814],[151.2462096,-33.9881809],[151.2462312,-33.9881782],[151.2462606,-33.9881719],[151.2462913,-33.9881647],[151.2463203,-33.9881559],[151.2463514,-33.9881477],[151.2463869,-33.9881372],[151.246437,-33.9881234],[151.2465158,-33.9881036],[151.2465534,-33.9880924],[151.2465868,-33.988083],[151.2466436,-33.988065],[151.2467081,-33.9880439],[151.2467648,-33.9880262],[151.2468272,-33.9880006],[151.2468857,-33.9879784],[151.2469444,-33.9879569],[151.2469985,-33.9879352],[151.2470611,-33.9879082],[151.2471236,-33.9878869],[151.2471887,-33.9878702],[151.2472992,-33.9878389],[151.2473921,-33.9878093],[151.2475037,-33.9877682],[151.2475732,-33.9877398],[151.2476305,-33.9877191],[151.2478204,-33.9876581],[151.2480313,-33.9876006],[151.2480918,-33.9875869],[151.2481418,-33.9875735],[151.2481994,-33.9875564],[151.2482569,-33.9875358],[151.2483135,-33.987514],[151.2483674,-33.9874935],[151.2484277,-33.9874736],[151.2484789,-33.987454],[151.2485419,-33.9874312],[151.2485931,-33.9874085],[151.2486497,-33.9873858],[151.2487082,-33.9873593],[151.2487566,-33.987329],[151.2488068,-33.9872972],[151.2488543,-33.9872691],[151.2489014,-33.9872349],[151.2489442,-33.987199],[151.2489882,-33.9871657],[151.2490196,-33.9871434],[151.2490388,-33.9871192],[151.2490443,-33.987098],[151.2490434,-33.9870761],[151.2490368,-33.9870553],[151.2490262,-33.9870397],[151.249009,-33.9870266],[151.2489863,-33.9870167],[151.2489607,-33.9870107],[151.2489335,-33.9870048],[151.2489075,-33.9870032],[151.2488819,-33.9870029],[151.2488535,-33.9870051],[151.2488158,-33.9870122],[151.2487763,-33.9870257],[151.2487429,-33.9870381],[151.2487063,-33.987051],[151.248654,-33.9870686],[151.2486051,-33.9870875],[151.2485591,-33.9871035],[151.2484874,-33.9871275],[151.248435,-33.9871453],[151.248401,-33.9871583],[151.2483656,-33.9871716],[151.2483172,-33.9871901],[151.2482826,-33.9872049],[151.248253,-33.98722],[151.2482045,-33.9872518],[151.2481035,-33.9873164],[151.2480432,-33.9873506],[151.2479983,-33.9873778],[151.2479594,-33.9873983],[151.2479173,-33.9874177],[151.2478768,-33.9874317],[151.247831,-33.9874436],[151.2477813,-33.9874563],[151.2477451,-33.9874632],[151.247702,-33.9874668],[151.2476646,-33.987471],[151.2476042,-33.9874766],[151.2475678,-33.9874793],[151.2475291,-33.9874863],[151.2474927,-33.9874952],[151.2474647,-33.9875037],[151.2474037,-33.9875236],[151.2473374,-33.9875481],[151.2472813,-33.9875668],[151.2471284,-33.9876196],[151.247054,-33.9876383],[151.2469083,-33.9876783],[151.2467677,-33.9877178],[151.2466605,-33.9877506],[151.2464419,-33.9878387],[151.2463494,-33.9878777],[151.2462632,-33.987926],[151.2461991,-33.9879624],[151.2461623,-33.9879864],[151.2461265,-33.9880096],[151.2460932,-33.9880317],[151.2460664,-33.9880408],[151.2460332,-33.9880519],[151.2460041,-33.98806],[151.2459754,-33.9880653],[151.2459503,-33.9880719],[151.2459113,-33.9880849],[151.2458773,-33.9880936],[151.2458524,-33.9880976],[151.2458287,-33.9880998],[151.2458111,-33.988101],[151.2457885,-33.9881016],[151.2457663,-33.9880997],[151.2457453,-33.9880941],[151.2457218,-33.988089],[151.2456956,-33.9880811],[151.245662,-33.9880711]]]}},{"type":"Feature","properties":{"@id":"way/825427208","golf":"hole","ref":"17","par":"5"},"geometry":{"type":"LineString","coordinates":[[151.2506972,-33.9867387],[151.2499337,-33.9869485],[151.2481496,-33.9874387],[151.2464291,-33.9879872],[151.245575,-33.988196]]}},{"type":"Feature","properties":{"@id":"way/825427209","golf":"tee"},"geometry":{"type":"Polygon","coordinates":[[[151.2478007,-33.9866973],[151.2477887,-33.9866975],[151.2477785,-33.9867005],[151.2477684,-33.9867068],[151.2477627,-33.9867165],[151.2477605,-33.9867251],[151.2477646,-33.9867348],[151.2477742,-33.986743],[151.2477875,-33.9867482],[151.2478024,-33.9867495],[151.2478141,-33.9867493],[151.247823,-33.9867452],[151.2478312,-33.9867374],[151.2478357,-33.9867279],[151.2478371,-33.9867178],[151.2478321,-33.9867084],[151.2478208,-33.9867015],[151.2478007,-33.9866973]]]}},{"type":"Feature","properties":{"@id":"way/825885499","natural":"wood"},"geometry":{"type":"Polygon","coordinates":[[[151.2461625,-33.987272],[151.2461541,-33.987269],[151.246139,-33.9872863],[151.2461037,-33.9873098],[151.2460621,-33.9873323],[151.2460237,-33.9873507],[151.2459708,-33.9873811],[151.2459103,-33.9874215],[151.2458361,-33.987471],[151.2457602,-33.9875108],[151.2456952,-33.9875519],[151.2456277,-33.9876022],[151.2455713,-33.9876443],[151.2455342,-33.9876815],[151.2453437,-33.9878099],[151.2453377,-33.9878336],[151.2453186,-33.98786],[151.2452805,-33.98789],[151.2452494,-33.9879115],[151.2452143,-33.9879407],[151.2451717,-33.9879661],[151.2451557,-33.9879775],[151.2451404,-33.9879966],[151.2451248,-33.9880129],[151.2450808,-33.9880421],[151.2450607,-33.9880579],[151.2450268,-33.9880808],[151.2449941,-33.9880948],[151.2449588,-33.9881129],[151.244938,-33.9881261],[151.2449242,-33.9881413],[151.2449154,-33.988166],[151.244903,-33.9881815],[151.2448849,-33.9881923],[151.2448612,-33.9882055],[151.2448374,-33.9882156],[151.2448216,-33.9882212],[151.2447968,-33.9882342],[151.2448915,-33.9882553],[151.2449233,-33.9882596],[151.2449585,-33.9882637],[151.2450434,-33.9882713],[151.245107,-33.9882702],[151.245188,-33.988256],[151.2452136,-33.9882514],[151.2452337,-33.9882487],[151.2452563,-33.9882469],[151.2452777,-33.9882498],[151.2452941,-33.9882559],[151.245316,-33.9882405],[151.245342,-33.9881602],[151.2453463,-33.9881516],[151.2453547,-33.9881297],[151.2453646,-33.9881091],[151.2453755,-33.9881055],[151.2453854,-33.9880992],[151.2453895,-33.988089],[151.245387,-33.9880725],[151.245389,-33.9880484],[151.2453993,-33.9880284],[151.2454115,-33.988017],[151.2454251,-33.988013],[151.2454491,-33.9880123],[151.2454843,-33.9880077],[151.245522,-33.988004],[151.2455658,-33.9880015],[151.2456159,-33.9880049],[151.2456293,-33.9880034],[151.2456506,-33.9880011],[151.2456857,-33.9880025],[151.2457214,-33.9879977],[151.245767,-33.9880056],[151.2458003,-33.9880075],[151.2458347,-33.9879998],[151.2458732,-33.9879915],[151.2459312,-33.9879912],[151.2459808,-33.9879979],[151.2460365,-33.9879912],[151.2460752,-33.9879752],[151.2461283,-33.9879346],[151.2461429,-33.9879044],[151.2461596,-33.9878788],[151.2461741,-33.9878525],[151.2461944,-33.9878404],[151.2462361,-33.9878231],[151.24626,-33.9878221],[151.2462742,-33.9878244],[151.246283,-33.9878258],[151.2463017,-33.9878257],[151.246316,-33.9878158],[151.2463281,-33.9878054],[151.2463379,-33.9877864],[151.2463606,-33.9877597],[151.2464008,-33.9877324],[151.2464437,-33.987711],[151.246471,-33.9877083],[151.2464929,-33.9877005],[151.2465654,-33.9876593],[151.2465948,-33.9876432],[151.2466086,-33.98764],[151.2466308,-33.9876419],[151.2466554,-33.9876415],[151.2466742,-33.9876358],[151.2466918,-33.9876194],[151.2467138,-33.9876018],[151.2467374,-33.9875843],[151.2467502,-33.9875607],[151.2467616,-33.9875272],[151.2467607,-33.9874966],[151.246746,-33.9874678],[151.246732,-33.9874441],[151.246716,-33.9874193],[151.2467072,-33.987396],[151.2467,-33.9874045],[151.2466899,-33.9874066],[151.2466792,-33.987404],[151.2466622,-33.9874024],[151.2466515,-33.9874056],[151.2466181,-33.9874077],[151.2465961,-33.9874045],[151.2465736,-33.9873991],[151.2465593,-33.9873945],[151.2465404,-33.9874038],[151.2465197,-33.9874139],[151.2464947,-33.9874249],[151.2464707,-33.9874339],[151.2464415,-33.9874365],[151.2464208,-33.9874351],[151.2464024,-33.9874278],[151.2463931,-33.9874169],[151.2463875,-33.9873914],[151.2463864,-33.9873666],[151.2463606,-33.9873621],[151.2463353,-33.987354],[151.2463053,-33.9873404],[151.2462816,-33.9873273],[151.2462481,-33.9873042],[151.2462153,-33.9872895],[151.2461625,-33.987272]]]}},{"type":"Feature","properties":{"@id":"way/825885503","natural":"wood"},"geometry":{"type":"Polygon","coordinates":[[[151.2455639,-33.9870456],[151.2455667,-33.9870656],[151.245566,-33.9870886],[151.2455881,-33.9871045],[151.2456051,-33.9871151],[151.2456264,-33.9871251],[151.2456556,-33.9871346],[151.2456776,-33.9871416],[151.2456996,-33.9871475],[151.245721,-33.9871534],[151.2457394,-33.9871522],[151.2457601,-33.9871517],[151.2457792,-33.987144],[151.2457878,-33.987131],[151.2457906,-33.9871181],[151.2457906,-33.987108],[151.2458013,-33.9870992],[151.2458176,-33.9870963],[151.2458354,-33.987098],[151.2458517,-33.9871016],[151.2458652,-33.9871057],[151.2458731,-33.9871098],[151.2459,-33.9870944],[151.2459319,-33.9870843],[151.2459649,-33.9870728],[151.2459892,-33.9870608],[151.2460108,-33.987043],[151.2460301,-33.9870326],[151.2460495,-33.9870138],[151.2460704,-33.9869937],[151.2460846,-33.9869732],[151.2460959,-33.9869594],[151.2460977,-33.9869459],[151.2460936,-33.9869281],[151.2460946,-33.9869027],[151.2461031,-33.9868775],[151.2461233,-33.9868618],[151.2461372,-33.9868367],[151.2461537,-33.9868052],[151.2461676,-33.9867865],[151.2461651,-33.986761],[151.2461762,-33.986743],[151.2461874,-33.9867222],[151.24619,-33.9866995],[151.2461794,-33.9866814],[151.2461421,-33.9866526],[151.2460883,-33.986629],[151.2460595,-33.9866101],[151.2460341,-33.9865957],[151.2460134,-33.986582],[151.2460053,-33.9865622],[151.2460093,-33.9865434],[151.2460212,-33.9865238],[151.2460396,-33.9864923],[151.2460518,-33.9864773],[151.2460552,-33.9864551],[151.2460557,-33.9864281],[151.2460449,-33.9864017],[151.2460326,-33.9863687],[151.2460408,-33.9863266],[151.2460603,-33.9863066],[151.2460673,-33.9862895],[151.246087,-33.986285],[151.246106,-33.9862897],[151.2461232,-33.9862985],[151.2461449,-33.9863074],[151.2461703,-33.9863058],[151.2461913,-33.9863038],[151.2462047,-33.9862984],[151.2462068,-33.9862837],[151.246203,-33.986266],[151.2462111,-33.9862514],[151.2462139,-33.9862367],[151.2462125,-33.9862247],[151.246198,-33.9862191],[151.2461781,-33.9862176],[151.2461702,-33.9862092],[151.2461767,-33.9861852],[151.2461758,-33.9861561],[151.2461811,-33.9861375],[151.2461764,-33.9861253],[151.2461621,-33.986115],[151.246133,-33.9861123],[151.2461271,-33.9861114],[151.246099,-33.9861074],[151.2460695,-33.9861136],[151.2460458,-33.9861276],[151.2460332,-33.9861392],[151.2460102,-33.9861365],[151.2459793,-33.9861076],[151.2459518,-33.9860838],[151.2459201,-33.9860701],[151.2458915,-33.9860698],[151.2458601,-33.9860755],[151.245823,-33.9860927],[151.2458032,-33.9861184],[151.2457893,-33.9861523],[151.2457761,-33.9861956],[151.245765,-33.9862325],[151.2457473,-33.9862789],[151.2457373,-33.9863194],[151.2457335,-33.9863554],[151.2457408,-33.98639],[151.2457667,-33.9864133],[151.2457893,-33.9864303],[151.2458016,-33.9864527],[151.2458008,-33.9864724],[151.2457934,-33.9864872],[151.2457769,-33.9864965],[151.2457422,-33.9865009],[151.2457118,-33.9865004],[151.2456914,-33.9865095],[151.2456823,-33.9865299],[151.2456748,-33.9865765],[151.2456698,-33.9866321],[151.2456705,-33.9866863],[151.24568,-33.986711],[151.2456967,-33.9867203],[151.2457147,-33.9867185],[151.2457333,-33.9867043],[151.2457488,-33.9866759],[151.2457698,-33.9866606],[151.2458002,-33.9866606],[151.2458155,-33.9866729],[151.2458135,-33.9866929],[151.2457842,-33.9867182],[151.2457604,-33.9867409],[151.2457443,-33.9867669],[151.2457313,-33.986802],[151.2456587,-33.9868941],[151.2456489,-33.9869136],[151.2456136,-33.9869408],[151.2455667,-33.9869843],[151.2455703,-33.9869931],[151.245571,-33.9870126],[151.2455682,-33.9870308],[151.2455639,-33.9870456]]]}},{"type":"Feature","properties":{"@id":"way/825885504","natural":"wood"},"geometry":{"type":"Polygon","coordinates":[[[151.2466973,-33.9871819],[151.2467254,-33.9872069],[151.2467688,-33.9872176],[151.2469477,-33.9871284],[151.2470628,-33.9870938],[151.2470917,-33.987088],[151.2471061,-33.9870774],[151.2471104,-33.9870622],[151.2471126,-33.9870442],[151.2471112,-33.9870244],[151.2470994,-33.9870142],[151.2470808,-33.9870037],[151.247058,-33.9869894],[151.2470311,-33.9869803],[151.2470014,-33.9869539],[151.2469728,-33.9869492],[151.246943,-33.9869357],[151.2469131,-33.9869253],[151.2468812,-33.986926],[151.2468309,-33.9869151],[151.2468013,-33.9868984],[151.2467922,-33.9868756],[151.2467909,-33.9868519],[151.2467955,-33.9868279],[151.2468116,-33.9868071],[151.2468283,-33.9867914],[151.2468686,-33.9867834],[151.2469249,-33.9867754],[151.2469665,-33.9867651],[151.2470074,-33.9867676],[151.2470288,-33.9867728],[151.2470412,-33.9867758],[151.2470817,-33.9867948],[151.2471166,-33.9868188],[151.2471459,-33.9868268],[151.2471759,-33.9868453],[151.2472006,-33.9868684],[151.2472105,-33.9868893],[151.2472154,-33.9868996],[151.247231,-33.9869287],[151.2472465,-33.9869411],[151.2472735,-33.9869538],[151.2473149,-33.9869803],[151.2473454,-33.9869823],[151.2473777,-33.986982],[151.2474201,-33.9869753],[151.247571,-33.9869309],[151.2477278,-33.9868782],[151.2477769,-33.9868535],[151.2478011,-33.9868405],[151.2478279,-33.9868187],[151.2478453,-33.9867998],[151.2478379,-33.9867853],[151.247816,-33.9867748],[151.2477878,-33.9867656],[151.2477511,-33.9867617],[151.2477265,-33.9867625],[151.2476984,-33.9867461],[151.2476698,-33.9867399],[151.2476404,-33.9867429],[151.247608,-33.9867241],[151.2475738,-33.9867097],[151.2475488,-33.9866851],[151.2475336,-33.9866668],[151.2475006,-33.9866458],[151.2474928,-33.9866276],[151.2474869,-33.9866125],[151.2474566,-33.9865896],[151.2474363,-33.9865778],[151.2474157,-33.9865593],[151.2474023,-33.9865334],[151.247384,-33.9865101],[151.2473682,-33.9864943],[151.247354,-33.9864893],[151.247329,-33.9864919],[151.247304,-33.9864988],[151.247279,-33.986511],[151.2472656,-33.986519],[151.2472521,-33.9865247],[151.2472416,-33.9865137],[151.2472214,-33.9865118],[151.2472064,-33.9865144],[151.2471899,-33.9865286],[151.2471731,-33.9865311],[151.2471517,-33.9865268],[151.2471353,-33.9865101],[151.2471224,-33.9864968],[151.2471007,-33.9864927],[151.247069,-33.9864971],[151.2470394,-33.9864904],[151.2470076,-33.9864868],[151.2469815,-33.9864929],[151.2469401,-33.9864958],[151.2469198,-33.9865032],[151.24691,-33.9865224],[151.2468906,-33.9865368],[151.246833,-33.9865471],[151.2467935,-33.9865518],[151.2467273,-33.9865556],[151.2466999,-33.9865655],[151.2466781,-33.9865849],[151.246675,-33.9866016],[151.24667,-33.9866207],[151.246642,-33.9866346],[151.2466265,-33.9866598],[151.2466205,-33.9866898],[151.246595,-33.9867012],[151.2465618,-33.986688],[151.2465221,-33.9866806],[151.2464897,-33.9866929],[151.2464735,-33.9867219],[151.2464772,-33.9867554],[151.2464925,-33.9867762],[151.2465198,-33.9867923],[151.2465529,-33.9868034],[151.2465684,-33.9868106],[151.2465658,-33.9868312],[151.2465765,-33.9868502],[151.2466102,-33.9868667],[151.2466443,-33.9868804],[151.246672,-33.9869016],[151.2466805,-33.9869218],[151.2466771,-33.9869486],[151.2466775,-33.9869745],[151.2466967,-33.9869987],[151.2467293,-33.9870181],[151.2467342,-33.9870461],[151.2467333,-33.9870741],[151.2467077,-33.9870907],[151.2466866,-33.9871139],[151.2466783,-33.9871345],[151.2466811,-33.9871594],[151.2466973,-33.9871819]]]}},{"type":"Feature","properties":{"@id":"way/825885505","natural":"wood"},"geometry":{"type":"Polygon","coordinates":[[[151.2468356,-33.9872121],[151.2468242,-33.9872341],[151.2468139,-33.9872501],[151.2468144,-33.9872689],[151.2468211,-33.9872864],[151.2468171,-33.9873035],[151.2468164,-33.9873326],[151.2468013,-33.9873585],[151.2467994,-33.9873738],[151.2468039,-33.9873918],[151.246824,-33.9874187],[151.2468434,-33.9874358],[151.2468619,-33.9874613],[151.2468759,-33.9874973],[151.2468875,-33.9875211],[151.2469043,-33.987545],[151.2469319,-33.9875577],[151.2469677,-33.9875638],[151.247013,-33.987569],[151.2470679,-33.9875746],[151.2471124,-33.9875725],[151.2471663,-33.9875641],[151.2472097,-33.9875616],[151.2472388,-33.9875521],[151.2472621,-33.9875382],[151.2472754,-33.9875203],[151.2472973,-33.9874992],[151.2473079,-33.9874909],[151.2473336,-33.9874852],[151.2473685,-33.987479],[151.2473923,-33.9874683],[151.2474178,-33.9874393],[151.2474283,-33.987427],[151.2474498,-33.9874083],[151.2474772,-33.9873932],[151.2475194,-33.9873802],[151.247561,-33.9873656],[151.2475864,-33.9873601],[151.2476107,-33.9873602],[151.2476344,-33.9873583],[151.2476603,-33.9873528],[151.2476847,-33.9873414],[151.24771,-33.9873406],[151.2477217,-33.9873349],[151.2477278,-33.9873253],[151.2477387,-33.9873177],[151.2477431,-33.9873078],[151.2477494,-33.9872978],[151.2477576,-33.9872905],[151.2477645,-33.987289],[151.2477788,-33.9872863],[151.2477888,-33.9872814],[151.2477916,-33.987278],[151.2477953,-33.9872697],[151.2477998,-33.9872629],[151.2478086,-33.9872571],[151.2478174,-33.9872478],[151.2478293,-33.9872436],[151.2478406,-33.9872415],[151.2478576,-33.9872519],[151.2478685,-33.987256],[151.247886,-33.9872566],[151.2479029,-33.9872551],[151.2479327,-33.9872076],[151.2479536,-33.9871929],[151.2479645,-33.9871689],[151.2479874,-33.9871547],[151.248008,-33.9871261],[151.2480178,-33.9870976],[151.2480201,-33.9870627],[151.2480153,-33.9870189],[151.2480089,-33.9869658],[151.2479998,-33.9869276],[151.2479526,-33.9868848],[151.2479355,-33.9868625],[151.2479148,-33.9868425],[151.2478898,-33.9868356],[151.2478588,-33.9868413],[151.2478149,-33.9868625],[151.2477461,-33.9868907],[151.2476219,-33.9869293],[151.2475293,-33.9869594],[151.2474542,-33.9869856],[151.2473797,-33.9870004],[151.2473387,-33.9870082],[151.2473113,-33.9870169],[151.2472486,-33.9870437],[151.2471723,-33.9870814],[151.24711,-33.9871035],[151.2470513,-33.9871195],[151.2469918,-33.9871353],[151.2469436,-33.9871553],[151.246851,-33.9871997],[151.2468356,-33.9872121]]]}},{"type":"Feature","properties":{"@id":"way/825885512","natural":"wood"},"geometry":{"type":"Polygon","coordinates":[[[151.2491884,-33.990578],[151.2498127,-33.9903715],[151.2504795,-33.9901933],[151.2508138,-33.9897297],[151.2514882,-33.9889746],[151.2516323,-33.9884107],[151.2515862,-33.9879447],[151.2514997,-33.9872135],[151.2514594,-33.9871633],[151.2513787,-33.9873282],[151.2514132,-33.9874381],[151.2513153,-33.9875767],[151.2513124,-33.9878348],[151.25137,-33.987995],[151.2513095,-33.9881622],[151.2513181,-33.9883295],[151.251396,-33.9883725],[151.2511712,-33.9884322],[151.2509348,-33.9886234],[151.2507677,-33.9887906],[151.250566,-33.9889842],[151.2505487,-33.9890845],[151.25044,-33.989161],[151.2504709,-33.9891921],[151.2503556,-33.9895266],[151.2501913,-33.989615],[151.2501077,-33.9897393],[151.2500472,-33.9897751],[151.2500069,-33.9898468],[151.2499665,-33.9898468],[151.2498224,-33.989928],[151.2497216,-33.9900188],[151.2495861,-33.9900523],[151.2495342,-33.9901598],[151.2494478,-33.9901861],[151.2494795,-33.9902291],[151.2494045,-33.9902817],[151.2493988,-33.9903343],[151.2493296,-33.9903964],[151.2491884,-33.990578]]]}},{"type":"Feature","properties":{"@id":"way/825885516","natural":"wood"},"geometry":{"type":"Polygon","coordinates":[[[151.2480513,-33.9869872],[151.2480618,-33.987004],[151.248087,-33.9870209],[151.2481103,-33.9870325],[151.2481254,-33.9870441],[151.2481261,-33.9870639],[151.248134,-33.9870873],[151.2481565,-33.987109],[151.2482008,-33.9871422],[151.2482173,-33.9871521],[151.2482439,-33.9871527],[151.2482669,-33.9871454],[151.2482836,-33.9871319],[151.2482975,-33.987117],[151.2483328,-33.9870954],[151.2483648,-33.9870784],[151.2483976,-33.9870614],[151.2484254,-33.9870464],[151.2484472,-33.9870412],[151.2484969,-33.9870212],[151.2485586,-33.9870127],[151.2486258,-33.9869962],[151.2486606,-33.9869888],[151.2486976,-33.9869844],[151.2487292,-33.9869842],[151.2487477,-33.9869806],[151.2487636,-33.9869682],[151.2487865,-33.9869495],[151.2488163,-33.9869361],[151.2488494,-33.9869299],[151.2488892,-33.9869285],[151.24891,-33.9869299],[151.2489388,-33.9869391],[151.248974,-33.986956],[151.2490108,-33.9869693],[151.2490562,-33.9869787],[151.2491255,-33.9869924],[151.249153,-33.9870037],[151.2491757,-33.9870107],[151.2491963,-33.9870116],[151.2492125,-33.9870012],[151.2492258,-33.9869829],[151.2492401,-33.9869511],[151.249246,-33.9869221],[151.2492492,-33.9868894],[151.2492439,-33.9868664],[151.2492332,-33.9868394],[151.2492191,-33.9868228],[151.2491996,-33.9868162],[151.2491691,-33.9868182],[151.2491327,-33.9868226],[151.2490765,-33.9868313],[151.2490508,-33.9868355],[151.249022,-33.986845],[151.2489997,-33.9868536],[151.2489726,-33.986847],[151.2489558,-33.9868363],[151.2489495,-33.9868172],[151.2489311,-33.9868075],[151.2488974,-33.9867991],[151.2488485,-33.9867959],[151.2488157,-33.986789],[151.2487816,-33.9867939],[151.2487381,-33.9868128],[151.2487015,-33.986834],[151.2486669,-33.9868532],[151.2486309,-33.9868687],[151.2485796,-33.9868787],[151.2485525,-33.9868898],[151.2485134,-33.9868987],[151.2484844,-33.9869139],[151.2484596,-33.9869307],[151.2484518,-33.9869444],[151.2484384,-33.9869486],[151.2484304,-33.986944],[151.2484291,-33.9869257],[151.2484273,-33.9869125],[151.248419,-33.9869057],[151.2483883,-33.9869016],[151.248357,-33.9869],[151.2483367,-33.9869044],[151.2483157,-33.9869178],[151.2483,-33.9869293],[151.2482766,-33.9869342],[151.2482399,-33.9869308],[151.2482072,-33.9869339],[151.2481797,-33.9869427],[151.2481428,-33.9869528],[151.2481152,-33.9869605],[151.248093,-33.9869593],[151.2480669,-33.986959],[151.2480553,-33.9869708],[151.2480513,-33.9869872]]]}},{"type":"Feature","properties":{"@id":"way/827809029","golf":"tee"},"geometry":{"type":"Polygon","coordinates":[[[151.2503347,-33.9856433],[151.2503286,-33.9856506],[151.2503275,-33.9856591],[151.2503309,-33.9856691],[151.250338,-33.9856775],[151.2503511,-33.9856866],[151.2503659,-33.9856889],[151.2503889,-33.985687],[151.2504176,-33.9856835],[151.2504666,-33.9856749],[151.2504851,-33.9856699],[151.2504978,-33.985665],[151.2505082,-33.9856605],[151.2505167,-33.9856507],[151.2505206,-33.9856401],[151.2505196,-33.9856288],[151.2505151,-33.9856187],[151.2505053,-33.9856101],[151.2504931,-33.9856045],[151.2504775,-33.9856012],[151.2504593,-33.9856034],[151.2504391,-33.9856089],[151.2504176,-33.9856144],[151.2503717,-33.9856281],[151.2503455,-33.9856352],[151.2503347,-33.9856433]]]}},{"type":"Feature","properties":{"@id":"way/827809031","natural":"wood"},"geometry":{"type":"Polygon","coordinates":[[[151.2462291,-33.9855424],[151.2462144,-33.9856515],[151.2462065,-33.9857125],[151.2462044,-33.9857428],[151.2462041,-33.9857653],[151.2462081,-33.9857996],[151.246219,-33.9858332],[151.2462304,-33.9858578],[151.2462443,-33.9858667],[151.2462694,-33.9858656],[151.2463048,-33.9858626],[151.2463355,-33.9858648],[151.2463202,-33.9858482],[151.2463301,-33.9858348],[151.2463426,-33.9858227],[151.2464019,-33.9858273],[151.2464387,-33.9858353],[151.2464671,-33.9858397],[151.2464996,-33.985834],[151.2465201,-33.9858354],[151.2465625,-33.9858555],[151.246605,-33.9858691],[151.2466469,-33.9858747],[151.2466907,-33.9858735],[151.2467215,-33.9858603],[151.2467577,-33.9858452],[151.2467815,-33.9858284],[151.246789,-33.9858006],[151.2468045,-33.9857904],[151.2468216,-33.9857899],[151.2468519,-33.9857969],[151.2468822,-33.9857938],[151.2469035,-33.985794],[151.2469682,-33.9857655],[151.2469311,-33.9857149],[151.2469416,-33.9857128],[151.2469511,-33.9857022],[151.2469534,-33.9856875],[151.2469457,-33.9856672],[151.2469397,-33.985647],[151.2469309,-33.9856271],[151.246913,-33.9856123],[151.2468888,-33.9856001],[151.2468671,-33.9855941],[151.2468529,-33.9855982],[151.2468362,-33.9856193],[151.2468318,-33.9856464],[151.246828,-33.9856561],[151.2468168,-33.9856647],[151.2467935,-33.9856587],[151.2467738,-33.9856403],[151.2467455,-33.9856267],[151.2467171,-33.9856219],[151.2466809,-33.9856168],[151.2466416,-33.9856186],[151.2465991,-33.9856187],[151.2465529,-33.9856183],[151.2465257,-33.9856118],[151.2464875,-33.9856092],[151.246446,-33.985605],[151.2464204,-33.9855875],[151.2463965,-33.9855808],[151.2463681,-33.9855865],[151.2463289,-33.9855965],[151.2463048,-33.9855861],[151.2462934,-33.9855745],[151.246277,-33.9855538],[151.2462548,-33.9855415],[151.2462291,-33.9855424]]]}},{"type":"Feature","properties":{"@id":"way/827809032","natural":"wood"},"geometry":{"type":"Polygon","coordinates":[[[151.2461725,-33.9853346],[151.2461347,-33.9853829],[151.2461073,-33.9854254],[151.2460802,-33.9854579],[151.2460544,-33.9855008],[151.2459965,-33.9855741],[151.2459439,-33.9856654],[151.2458944,-33.9857315],[151.2458755,-33.9857698],[151.245852,-33.9857985],[151.2458451,-33.9858446],[151.2458406,-33.9858709],[151.2458411,-33.9859068],[151.2458466,-33.9859343],[151.2458574,-33.9859584],[151.24592,-33.9859832],[151.245946,-33.9859873],[151.2459718,-33.9859891],[151.2461568,-33.9859183],[151.2461742,-33.9859095],[151.2461839,-33.9858956],[151.2461892,-33.9858648],[151.2461703,-33.9858217],[151.2461578,-33.9857709],[151.2461558,-33.985751],[151.2461557,-33.985731],[151.2461725,-33.9856082],[151.2461978,-33.9855038],[151.2461985,-33.9853335],[151.2461943,-33.9853272],[151.246183,-33.9853284],[151.2461725,-33.9853346]]]}},{"type":"Feature","properties":{"@id":"way/975336763","golf":"green"},"geometry":{"type":"Polygon","coordinates":[[[151.2505564,-33.980854],[151.2505195,-33.9809114],[151.2505151,-33.9809186],[151.2505081,-33.980926],[151.2505018,-33.9809323],[151.2504975,-33.9809382],[151.2504925,-33.9809449],[151.250487,-33.9809545],[151.2504824,-33.9809626],[151.2504776,-33.9809738],[151.2504754,-33.9809851],[151.2504756,-33.9809987],[151.2504767,-33.9810093],[151.2504806,-33.9810193],[151.2504851,-33.9810284],[151.2504916,-33.9810377],[151.2504981,-33.981048],[151.2505067,-33.9810571],[151.2505175,-33.9810647],[151.2505315,-33.9810704],[151.2505468,-33.9810727],[151.2505618,-33.9810699],[151.250576,-33.981063],[151.2505858,-33.9810541],[151.2505923,-33.9810437],[151.2505964,-33.98103],[151.2505971,-33.9810175],[151.2505962,-33.9809995],[151.2505961,-33.9809819],[151.250598,-33.9809689],[151.2506043,-33.9809596],[151.2506153,-33.9809501],[151.2506291,-33.980941],[151.2506419,-33.9809354],[151.2506624,-33.9809281],[151.2506754,-33.9809199],[151.2506845,-33.9809095],[151.2506903,-33.9808951],[151.2506948,-33.9808741],[151.2506999,-33.9808545],[151.2507041,-33.9808398],[151.250706,-33.9808285],[151.2507065,-33.9808178],[151.2507047,-33.980808],[151.2507009,-33.9807969],[151.2506938,-33.9807899],[151.2506864,-33.9807841],[151.2506766,-33.9807805],[151.2506602,-33.9807769],[151.2506432,-33.9807774],[151.2506303,-33.9807797],[151.2506168,-33.9807836],[151.2506009,-33.9807915],[151.2505885,-33.9808038],[151.2505821,-33.980812],[151.2505564,-33.980854]]]}},{"type":"Feature","properties":{"@id":"way/975336764","golf":"fairway"},"geometry":{"type":"Polygon","coordinates":[[[151.2504801,-33.9811155],[151.2505163,-33.981155],[151.2505377,-33.9811777],[151.2505517,-33.9811958],[151.2505581,-33.9812082],[151.2505625,-33.9812183],[151.2505667,-33.9812281],[151.2505679,-33.9812426],[151.2505714,-33.9812977],[151.2505711,-33.9813311],[151.2505718,-33.981352],[151.2505733,-33.9813602],[151.2505769,-33.9813694],[151.2505873,-33.981376],[151.2505999,-33.9813796],[151.2506168,-33.9813819],[151.2506337,-33.9813807],[151.2506523,-33.9813769],[151.2506712,-33.9813728],[151.2506845,-33.9813677],[151.2506983,-33.9813603],[151.2507112,-33.9813511],[151.2507197,-33.9813441],[151.2507283,-33.981333],[151.2507341,-33.9813205],[151.250739,-33.9813076],[151.2507408,-33.9812908],[151.2507399,-33.9812731],[151.250737,-33.9812545],[151.2507384,-33.9812373],[151.2507436,-33.9812039],[151.2507517,-33.9811581],[151.250756,-33.9811257],[151.2507608,-33.9811078],[151.2507672,-33.9810958],[151.2507745,-33.9810834],[151.2507876,-33.9810694],[151.2507994,-33.981058],[151.2508061,-33.9810461],[151.2508102,-33.981027],[151.2508122,-33.9810075],[151.2508116,-33.980963],[151.2508074,-33.9809243],[151.2508055,-33.9808977],[151.2507992,-33.9808761],[151.2507686,-33.9808185],[151.2507498,-33.98079],[151.2507323,-33.9807654],[151.2507184,-33.9807527],[151.2507063,-33.9807477],[151.2506958,-33.9807444],[151.250676,-33.9807408],[151.2506499,-33.9807396],[151.2506313,-33.9807392],[151.2506053,-33.9807424],[151.2505471,-33.9807625],[151.2505247,-33.9807742],[151.2505187,-33.9807832],[151.2505153,-33.9807988],[151.2505149,-33.9808156],[151.2505124,-33.9808469],[151.2505078,-33.9808572],[151.2504961,-33.9808661],[151.250481,-33.9808762],[151.250467,-33.9808892],[151.2504511,-33.9809068],[151.2504353,-33.9809324],[151.2504239,-33.9809535],[151.2504188,-33.9809734],[151.250418,-33.9809938],[151.2504226,-33.9810192],[151.250431,-33.9810422],[151.2504386,-33.9810599],[151.2504494,-33.9810809],[151.2504604,-33.9810941],[151.2504801,-33.9811155]]]}},{"type":"Feature","properties":{"@id":"way/975336765","golf":"fairway"},"geometry":{"type":"Polygon","coordinates":[[[151.2516755,-33.9765789],[151.2516697,-33.9765818],[151.2516648,-33.9765866],[151.2516612,-33.9765913],[151.2516563,-33.9766006],[151.2516544,-33.9766051],[151.2516318,-33.976675],[151.2516165,-33.9767186],[151.2516146,-33.9767264],[151.2516148,-33.9767332],[151.2516153,-33.97674],[151.2516167,-33.9767457],[151.2516195,-33.976753],[151.2516222,-33.9767583],[151.2516283,-33.9767649],[151.2516359,-33.9767714],[151.2516439,-33.9767774],[151.2516556,-33.9767849],[151.251668,-33.9767908],[151.2516805,-33.9767954],[151.2516929,-33.9767982],[151.2517061,-33.9767997],[151.2517556,-33.9768032],[151.2519187,-33.9768151],[151.2520661,-33.9768271],[151.2520899,-33.9768303],[151.25212,-33.9768355],[151.2522102,-33.9768567],[151.2522833,-33.9768747],[151.252387,-33.9769029],[151.2524711,-33.9769261],[151.252545,-33.9769478],[151.2526214,-33.9769725],[151.2527103,-33.977],[151.2528272,-33.9770274],[151.2528385,-33.9770287],[151.2529513,-33.9770346],[151.2529712,-33.9770346],[151.2529869,-33.9770334],[151.2530025,-33.977031],[151.2530182,-33.9770266],[151.2530385,-33.9770203],[151.2530539,-33.9770143],[151.2530693,-33.9770068],[151.2530819,-33.9769992],[151.2530969,-33.976989],[151.2531106,-33.9769781],[151.2531245,-33.9769639],[151.2531355,-33.9769483],[151.2531441,-33.9769338],[151.2531497,-33.9769201],[151.2531522,-33.9769054],[151.2531505,-33.9768883],[151.2531468,-33.9768732],[151.2531427,-33.9768633],[151.2531388,-33.9768542],[151.2531341,-33.9768454],[151.2531245,-33.9768344],[151.2531107,-33.9768196],[151.2530977,-33.9768117],[151.2530879,-33.9768067],[151.2530478,-33.9767917],[151.2530156,-33.9767817],[151.2529733,-33.9767703],[151.2529404,-33.9767619],[151.2528988,-33.9767529],[151.252847,-33.9767416],[151.2528107,-33.9767348],[151.2527759,-33.976729],[151.2525692,-33.9767052],[151.2522607,-33.9766763],[151.2520777,-33.9766589],[151.2519662,-33.976643],[151.2518947,-33.9766315],[151.2518039,-33.9766185],[151.2517979,-33.9766171],[151.2517932,-33.976615],[151.2517709,-33.9766028],[151.2517668,-33.9765996],[151.2517612,-33.9765943],[151.2517524,-33.9765877],[151.2517429,-33.9765813],[151.2517346,-33.976577],[151.2517261,-33.9765742],[151.2517195,-33.9765721],[151.2517129,-33.976571],[151.2517057,-33.9765709],[151.251699,-33.9765716],[151.2516923,-33.9765734],[151.2516845,-33.9765759],[151.2516755,-33.9765789]]]}}]}
